<annotation>
	<folder>imgs</folder>
	<filename>1022.jpg</filename>
	<path>F:\模型\model\imgs\1022.jpg</path>
	<source>
		<database>Unknown</database>
	</source>
	<size>
		<width>224</width>
		<height>244</height>
		<depth>3</depth>
	</size>
	<segmented>0</segmented>
	<object>
		<name>1</name>
		<pose>Unspecified</pose>
		<truncated>0</truncated>
		<difficult>0</difficult>
		<bndbox>
			<xmin>68</xmin>
			<ymin>53</ymin>
			<xmax>131</xmax>
			<ymax>172</ymax>
		</bndbox>
	</object>
</annotation>
