<annotation>
	<folder>imgs</folder>
	<filename>1194.jpg</filename>
	<path>F:\模型\model\imgs\1194.jpg</path>
	<source>
		<database>Unknown</database>
	</source>
	<size>
		<width>224</width>
		<height>244</height>
		<depth>3</depth>
	</size>
	<segmented>0</segmented>
	<object>
		<name>4</name>
		<pose>Unspecified</pose>
		<truncated>0</truncated>
		<difficult>0</difficult>
		<bndbox>
			<xmin>72</xmin>
			<ymin>58</ymin>
			<xmax>151</xmax>
			<ymax>206</ymax>
		</bndbox>
	</object>
</annotation>
