<annotation>
	<folder>imgs</folder>
	<filename>1214.jpg</filename>
	<path>F:\模型\model\imgs\1214.jpg</path>
	<source>
		<database>Unknown</database>
	</source>
	<size>
		<width>224</width>
		<height>244</height>
		<depth>3</depth>
	</size>
	<segmented>0</segmented>
	<object>
		<name>5</name>
		<pose>Unspecified</pose>
		<truncated>0</truncated>
		<difficult>0</difficult>
		<bndbox>
			<xmin>45</xmin>
			<ymin>95</ymin>
			<xmax>116</xmax>
			<ymax>234</ymax>
		</bndbox>
	</object>
	<object>
		<name>5</name>
		<pose>Unspecified</pose>
		<truncated>0</truncated>
		<difficult>0</difficult>
		<bndbox>
			<xmin>43</xmin>
			<ymin>93</ymin>
			<xmax>114</xmax>
			<ymax>232</ymax>
		</bndbox>
	</object>
</annotation>
