<annotation>
	<folder>imgs</folder>
	<filename>1215.jpg</filename>
	<path>F:\模型\model\imgs\1215.jpg</path>
	<source>
		<database>Unknown</database>
	</source>
	<size>
		<width>224</width>
		<height>244</height>
		<depth>3</depth>
	</size>
	<segmented>0</segmented>
	<object>
		<name>5</name>
		<pose>Unspecified</pose>
		<truncated>1</truncated>
		<difficult>0</difficult>
		<bndbox>
			<xmin>35</xmin>
			<ymin>110</ymin>
			<xmax>111</xmax>
			<ymax>244</ymax>
		</bndbox>
	</object>
</annotation>
