<annotation>
	<folder>imgs</folder>
	<filename>1348.jpg</filename>
	<path>F:\模型\model\imgs\1348.jpg</path>
	<source>
		<database>Unknown</database>
	</source>
	<size>
		<width>224</width>
		<height>244</height>
		<depth>3</depth>
	</size>
	<segmented>0</segmented>
	<object>
		<name>7</name>
		<pose>Unspecified</pose>
		<truncated>0</truncated>
		<difficult>0</difficult>
		<bndbox>
			<xmin>32</xmin>
			<ymin>17</ymin>
			<xmax>112</xmax>
			<ymax>193</ymax>
		</bndbox>
	</object>
</annotation>
