<annotation>
	<folder>imgs</folder>
	<filename>1405.jpg</filename>
	<path>F:\模型\model\imgs\1405.jpg</path>
	<source>
		<database>Unknown</database>
	</source>
	<size>
		<width>224</width>
		<height>224</height>
		<depth>3</depth>
	</size>
	<segmented>0</segmented>
	<object>
		<name>2</name>
		<pose>Unspecified</pose>
		<truncated>0</truncated>
		<difficult>0</difficult>
		<bndbox>
			<xmin>42</xmin>
			<ymin>21</ymin>
			<xmax>119</xmax>
			<ymax>172</ymax>
		</bndbox>
	</object>
</annotation>
