<annotation>
	<folder>imgs</folder>
	<filename>1409.jpg</filename>
	<path>F:\模型\model\imgs\1409.jpg</path>
	<source>
		<database>Unknown</database>
	</source>
	<size>
		<width>224</width>
		<height>224</height>
		<depth>3</depth>
	</size>
	<segmented>0</segmented>
	<object>
		<name>2</name>
		<pose>Unspecified</pose>
		<truncated>0</truncated>
		<difficult>0</difficult>
		<bndbox>
			<xmin>49</xmin>
			<ymin>26</ymin>
			<xmax>127</xmax>
			<ymax>170</ymax>
		</bndbox>
	</object>
</annotation>
