<annotation verified="yes">
    <folder>Annotation</folder>
    <filename>0.jpg</filename>
    <path>train-PascalVOC-export/Annotations/0.jpg</path>
    <source>
        <database>Unknown</database>
    </source>
    <size>
        <width>224</width>
        <height>224</height>
        <depth>3</depth>
    </size>
    <segmented>0</segmented>
    <object>
    <name>1</name>
    <pose>Unspecified</pose>
    <truncated>0</truncated>
    <difficult>0</difficult>
    <bndbox>
        <xmin>57.81818181818182</xmin>
        <ymin>0</ymin>
        <xmax>100.4848484848485</xmax>
        <ymax>57.21212121212121</ymax>
    </bndbox>
</object><object>
    <name>2</name>
    <pose>Unspecified</pose>
    <truncated>0</truncated>
    <difficult>0</difficult>
    <bndbox>
        <xmin>169.33333333333334</xmin>
        <ymin>0.24242424242424243</ymin>
        <xmax>224</xmax>
        <ymax>48.72727272727273</ymax>
    </bndbox>
</object>
</annotation>
