<annotation verified="yes">
    <folder>Annotation</folder>
    <filename>1.jpg</filename>
    <path>train-PascalVOC-export/Annotations/1.jpg</path>
    <source>
        <database>Unknown</database>
    </source>
    <size>
        <width>224</width>
        <height>224</height>
        <depth>3</depth>
    </size>
    <segmented>0</segmented>
    <object>
    <name>1</name>
    <pose>Unspecified</pose>
    <truncated>0</truncated>
    <difficult>0</difficult>
    <bndbox>
        <xmin>27.757575757575758</xmin>
        <ymin>58.909090909090914</ymin>
        <xmax>70.18181818181819</xmax>
        <ymax>137.93939393939394</ymax>
    </bndbox>
</object><object>
    <name>2</name>
    <pose>Unspecified</pose>
    <truncated>0</truncated>
    <difficult>0</difficult>
    <bndbox>
        <xmin>137.5757575757576</xmin>
        <ymin>51.151515151515156</ymin>
        <xmax>213.21212121212125</xmax>
        <ymax>130.66666666666669</ymax>
    </bndbox>
</object>
</annotation>
