<annotation verified="yes">
    <folder>Annotation</folder>
    <filename>10.jpg</filename>
    <path>train-PascalVOC-export/Annotations/10.jpg</path>
    <source>
        <database>Unknown</database>
    </source>
    <size>
        <width>224</width>
        <height>224</height>
        <depth>3</depth>
    </size>
    <segmented>0</segmented>
    <object>
    <name>2</name>
    <pose>Unspecified</pose>
    <truncated>0</truncated>
    <difficult>0</difficult>
    <bndbox>
        <xmin>70.7878787878788</xmin>
        <ymin>14.06060606060606</ymin>
        <xmax>119.15151515151516</xmax>
        <ymax>49.93939393939395</ymax>
    </bndbox>
</object><object>
    <name>1</name>
    <pose>Unspecified</pose>
    <truncated>0</truncated>
    <difficult>0</difficult>
    <bndbox>
        <xmin>4.7272727272727275</xmin>
        <ymin>18.424242424242426</ymin>
        <xmax>29.696969696969695</xmax>
        <ymax>50.90909090909091</ymax>
    </bndbox>
</object><object>
    <name>3</name>
    <pose>Unspecified</pose>
    <truncated>0</truncated>
    <difficult>0</difficult>
    <bndbox>
        <xmin>183.3939393939394</xmin>
        <ymin>15.030303030303031</ymin>
        <xmax>224</xmax>
        <ymax>48.96969696969697</ymax>
    </bndbox>
</object>
</annotation>
