<annotation verified="yes">
    <folder>Annotation</folder>
    <filename>100.jpg</filename>
    <path>train-PascalVOC-export/Annotations/100.jpg</path>
    <source>
        <database>Unknown</database>
    </source>
    <size>
        <width>224</width>
        <height>224</height>
        <depth>3</depth>
    </size>
    <segmented>0</segmented>
    <object>
    <name>4</name>
    <pose>Unspecified</pose>
    <truncated>0</truncated>
    <difficult>0</difficult>
    <bndbox>
        <xmin>42.66666666666667</xmin>
        <ymin>140.12121212121212</ymin>
        <xmax>107.63636363636364</xmax>
        <ymax>194.1818181818182</ymax>
    </bndbox>
</object>
</annotation>
