<annotation verified="yes">
    <folder>Annotation</folder>
    <filename>101.jpg</filename>
    <path>train-PascalVOC-export/Annotations/101.jpg</path>
    <source>
        <database>Unknown</database>
    </source>
    <size>
        <width>224</width>
        <height>224</height>
        <depth>3</depth>
    </size>
    <segmented>0</segmented>
    <object>
    <name>3</name>
    <pose>Unspecified</pose>
    <truncated>0</truncated>
    <difficult>0</difficult>
    <bndbox>
        <xmin>27.636363636363654</xmin>
        <ymin>111.27272727272728</ymin>
        <xmax>94.30303030303031</xmax>
        <ymax>173.8181818181818</ymax>
    </bndbox>
</object><object>
    <name>4</name>
    <pose>Unspecified</pose>
    <truncated>0</truncated>
    <difficult>0</difficult>
    <bndbox>
        <xmin>133.8181818181818</xmin>
        <ymin>81.45454545454545</ymin>
        <xmax>197.0909090909091</xmax>
        <ymax>135.27272727272728</ymax>
    </bndbox>
</object>
</annotation>
