<annotation verified="yes">
    <folder>Annotation</folder>
    <filename>102.jpg</filename>
    <path>train-PascalVOC-export/Annotations/102.jpg</path>
    <source>
        <database>Unknown</database>
    </source>
    <size>
        <width>224</width>
        <height>224</height>
        <depth>3</depth>
    </size>
    <segmented>0</segmented>
    <object>
    <name>3</name>
    <pose>Unspecified</pose>
    <truncated>0</truncated>
    <difficult>0</difficult>
    <bndbox>
        <xmin>30.78787878787879</xmin>
        <ymin>109.0909090909091</ymin>
        <xmax>97.69696969696969</xmax>
        <ymax>167.75757575757575</ymax>
    </bndbox>
</object><object>
    <name>4</name>
    <pose>Unspecified</pose>
    <truncated>0</truncated>
    <difficult>0</difficult>
    <bndbox>
        <xmin>140.12121212121212</xmin>
        <ymin>78.30303030303033</ymin>
        <xmax>204.12121212121212</xmax>
        <ymax>130.66666666666669</ymax>
    </bndbox>
</object>
</annotation>
