<annotation verified="yes">
    <folder>Annotation</folder>
    <filename>103.jpg</filename>
    <path>train-PascalVOC-export/Annotations/103.jpg</path>
    <source>
        <database>Unknown</database>
    </source>
    <size>
        <width>224</width>
        <height>224</height>
        <depth>3</depth>
    </size>
    <segmented>0</segmented>
    <object>
    <name>4</name>
    <pose>Unspecified</pose>
    <truncated>0</truncated>
    <difficult>0</difficult>
    <bndbox>
        <xmin>139.5151515151516</xmin>
        <ymin>92.36363636363636</ymin>
        <xmax>201.21212121212125</xmax>
        <ymax>148.6060606060606</ymax>
    </bndbox>
</object><object>
    <name>3</name>
    <pose>Unspecified</pose>
    <truncated>0</truncated>
    <difficult>0</difficult>
    <bndbox>
        <xmin>27.03030303030303</xmin>
        <ymin>119.2727272727273</ymin>
        <xmax>98.9090909090909</xmax>
        <ymax>184.72727272727275</ymax>
    </bndbox>
</object>
</annotation>
