<annotation verified="yes">
    <folder>Annotation</folder>
    <filename>104.jpg</filename>
    <path>train-PascalVOC-export/Annotations/104.jpg</path>
    <source>
        <database>Unknown</database>
    </source>
    <size>
        <width>224</width>
        <height>224</height>
        <depth>3</depth>
    </size>
    <segmented>0</segmented>
    <object>
    <name>3</name>
    <pose>Unspecified</pose>
    <truncated>0</truncated>
    <difficult>0</difficult>
    <bndbox>
        <xmin>97.33333333333334</xmin>
        <ymin>122.9090909090909</ymin>
        <xmax>170.3030303030303</xmax>
        <ymax>185.21212121212122</ymax>
    </bndbox>
</object>
</annotation>
