<annotation verified="yes">
    <folder>Annotation</folder>
    <filename>105.jpg</filename>
    <path>train-PascalVOC-export/Annotations/105.jpg</path>
    <source>
        <database>Unknown</database>
    </source>
    <size>
        <width>224</width>
        <height>224</height>
        <depth>3</depth>
    </size>
    <segmented>0</segmented>
    <object>
    <name>4</name>
    <pose>Unspecified</pose>
    <truncated>0</truncated>
    <difficult>0</difficult>
    <bndbox>
        <xmin>97.0909090909091</xmin>
        <ymin>117.81818181818183</ymin>
        <xmax>172.4848484848485</xmax>
        <ymax>179.87878787878788</ymax>
    </bndbox>
</object>
</annotation>
