<annotation verified="yes">
    <folder>Annotation</folder>
    <filename>106.jpg</filename>
    <path>train-PascalVOC-export/Annotations/106.jpg</path>
    <source>
        <database>Unknown</database>
    </source>
    <size>
        <width>224</width>
        <height>224</height>
        <depth>3</depth>
    </size>
    <segmented>0</segmented>
    <object>
    <name>3</name>
    <pose>Unspecified</pose>
    <truncated>0</truncated>
    <difficult>0</difficult>
    <bndbox>
        <xmin>86.66666666666667</xmin>
        <ymin>117.0909090909091</ymin>
        <xmax>159.15151515151516</xmax>
        <ymax>182.06060606060606</ymax>
    </bndbox>
</object><object>
    <name>4</name>
    <pose>Unspecified</pose>
    <truncated>0</truncated>
    <difficult>0</difficult>
    <bndbox>
        <xmin>196.96969696969697</xmin>
        <ymin>104.24242424242425</ymin>
        <xmax>224</xmax>
        <ymax>153.93939393939394</ymax>
    </bndbox>
</object>
</annotation>
