<annotation verified="yes">
    <folder>Annotation</folder>
    <filename>107.jpg</filename>
    <path>train-PascalVOC-export/Annotations/107.jpg</path>
    <source>
        <database>Unknown</database>
    </source>
    <size>
        <width>224</width>
        <height>224</height>
        <depth>3</depth>
    </size>
    <segmented>0</segmented>
    <object>
    <name>2</name>
    <pose>Unspecified</pose>
    <truncated>0</truncated>
    <difficult>0</difficult>
    <bndbox>
        <xmin>0</xmin>
        <ymin>104.48484848484851</ymin>
        <xmax>75.75757575757576</xmax>
        <ymax>172.12121212121212</ymax>
    </bndbox>
</object><object>
    <name>3</name>
    <pose>Unspecified</pose>
    <truncated>0</truncated>
    <difficult>0</difficult>
    <bndbox>
        <xmin>161.8181818181818</xmin>
        <ymin>102.54545454545455</ymin>
        <xmax>224</xmax>
        <ymax>171.63636363636363</ymax>
    </bndbox>
</object>
</annotation>
