<annotation verified="yes">
    <folder>Annotation</folder>
    <filename>108.jpg</filename>
    <path>train-PascalVOC-export/Annotations/108.jpg</path>
    <source>
        <database>Unknown</database>
    </source>
    <size>
        <width>224</width>
        <height>224</height>
        <depth>3</depth>
    </size>
    <segmented>0</segmented>
    <object>
    <name>2</name>
    <pose>Unspecified</pose>
    <truncated>0</truncated>
    <difficult>0</difficult>
    <bndbox>
        <xmin>0</xmin>
        <ymin>114.42424242424242</ymin>
        <xmax>68.24242424242426</xmax>
        <ymax>180.12121212121212</ymax>
    </bndbox>
</object><object>
    <name>3</name>
    <pose>Unspecified</pose>
    <truncated>0</truncated>
    <difficult>0</difficult>
    <bndbox>
        <xmin>155.75757575757575</xmin>
        <ymin>115.63636363636364</ymin>
        <xmax>224</xmax>
        <ymax>184.4848484848485</ymax>
    </bndbox>
</object>
</annotation>
