<annotation verified="yes">
    <folder>Annotation</folder>
    <filename>109.jpg</filename>
    <path>train-PascalVOC-export/Annotations/109.jpg</path>
    <source>
        <database>Unknown</database>
    </source>
    <size>
        <width>224</width>
        <height>224</height>
        <depth>3</depth>
    </size>
    <segmented>0</segmented>
    <object>
    <name>2</name>
    <pose>Unspecified</pose>
    <truncated>0</truncated>
    <difficult>0</difficult>
    <bndbox>
        <xmin>0</xmin>
        <ymin>122.18181818181819</ymin>
        <xmax>70.54545454545456</xmax>
        <ymax>188.12121212121215</ymax>
    </bndbox>
</object><object>
    <name>3</name>
    <pose>Unspecified</pose>
    <truncated>0</truncated>
    <difficult>0</difficult>
    <bndbox>
        <xmin>156.72727272727272</xmin>
        <ymin>122.66666666666667</ymin>
        <xmax>224</xmax>
        <ymax>190.54545454545456</ymax>
    </bndbox>
</object>
</annotation>
