<annotation verified="yes">
    <folder>Annotation</folder>
    <filename>11.jpg</filename>
    <path>train-PascalVOC-export/Annotations/11.jpg</path>
    <source>
        <database>Unknown</database>
    </source>
    <size>
        <width>224</width>
        <height>224</height>
        <depth>3</depth>
    </size>
    <segmented>0</segmented>
    <object>
    <name>3</name>
    <pose>Unspecified</pose>
    <truncated>0</truncated>
    <difficult>0</difficult>
    <bndbox>
        <xmin>62.66666666666667</xmin>
        <ymin>34.90909090909091</ymin>
        <xmax>113.57575757575759</xmax>
        <ymax>69.57575757575756</ymax>
    </bndbox>
</object><object>
    <name>4</name>
    <pose>Unspecified</pose>
    <truncated>0</truncated>
    <difficult>0</difficult>
    <bndbox>
        <xmin>145.57575757575762</xmin>
        <ymin>27.636363636363637</ymin>
        <xmax>187.15151515151518</xmax>
        <ymax>61.81818181818181</ymax>
    </bndbox>
</object>
</annotation>
