<annotation verified="yes">
    <folder>Annotation</folder>
    <filename>110.jpg</filename>
    <path>train-PascalVOC-export/Annotations/110.jpg</path>
    <source>
        <database>Unknown</database>
    </source>
    <size>
        <width>224</width>
        <height>224</height>
        <depth>3</depth>
    </size>
    <segmented>0</segmented>
    <object>
    <name>2</name>
    <pose>Unspecified</pose>
    <truncated>0</truncated>
    <difficult>0</difficult>
    <bndbox>
        <xmin>68.84848484848484</xmin>
        <ymin>117.57575757575758</ymin>
        <xmax>144.60606060606062</xmax>
        <ymax>186.42424242424244</ymax>
    </bndbox>
</object><object>
    <name>1</name>
    <pose>Unspecified</pose>
    <truncated>0</truncated>
    <difficult>0</difficult>
    <bndbox>
        <xmin>0.8484848484848485</xmin>
        <ymin>107.39393939393939</ymin>
        <xmax>22.06060606060606</xmax>
        <ymax>149.8181818181818</ymax>
    </bndbox>
</object>
</annotation>
