<annotation verified="yes">
    <folder>Annotation</folder>
    <filename>111.jpg</filename>
    <path>train-PascalVOC-export/Annotations/111.jpg</path>
    <source>
        <database>Unknown</database>
    </source>
    <size>
        <width>224</width>
        <height>224</height>
        <depth>3</depth>
    </size>
    <segmented>0</segmented>
    <object>
    <name>2</name>
    <pose>Unspecified</pose>
    <truncated>0</truncated>
    <difficult>0</difficult>
    <bndbox>
        <xmin>72.72727272727273</xmin>
        <ymin>115.87878787878788</ymin>
        <xmax>155.27272727272728</xmax>
        <ymax>181.33333333333331</ymax>
    </bndbox>
</object><object>
    <name>1</name>
    <pose>Unspecified</pose>
    <truncated>0</truncated>
    <difficult>0</difficult>
    <bndbox>
        <xmin>0</xmin>
        <ymin>97.45454545454545</ymin>
        <xmax>37.81818181818182</xmax>
        <ymax>148.84848484848484</ymax>
    </bndbox>
</object>
</annotation>
