<annotation verified="yes">
    <folder>Annotation</folder>
    <filename>112.jpg</filename>
    <path>train-PascalVOC-export/Annotations/112.jpg</path>
    <source>
        <database>Unknown</database>
    </source>
    <size>
        <width>224</width>
        <height>224</height>
        <depth>3</depth>
    </size>
    <segmented>0</segmented>
    <object>
    <name>2</name>
    <pose>Unspecified</pose>
    <truncated>0</truncated>
    <difficult>0</difficult>
    <bndbox>
        <xmin>68.84848484848484</xmin>
        <ymin>114.66666666666667</ymin>
        <xmax>147.5151515151515</xmax>
        <ymax>180.12121212121212</ymax>
    </bndbox>
</object><object>
    <name>3</name>
    <pose>Unspecified</pose>
    <truncated>0</truncated>
    <difficult>0</difficult>
    <bndbox>
        <xmin>68.84848484848484</xmin>
        <ymin>114.66666666666667</ymin>
        <xmax>147.5151515151515</xmax>
        <ymax>180.12121212121212</ymax>
    </bndbox>
</object><object>
    <name>1</name>
    <pose>Unspecified</pose>
    <truncated>0</truncated>
    <difficult>0</difficult>
    <bndbox>
        <xmin>0</xmin>
        <ymin>97.6969696969697</ymin>
        <xmax>32.24242424242424</xmax>
        <ymax>142.7878787878788</ymax>
    </bndbox>
</object>
</annotation>
