<annotation verified="yes">
    <folder>Annotation</folder>
    <filename>113.jpg</filename>
    <path>train-PascalVOC-export/Annotations/113.jpg</path>
    <source>
        <database>Unknown</database>
    </source>
    <size>
        <width>224</width>
        <height>224</height>
        <depth>3</depth>
    </size>
    <segmented>0</segmented>
    <object>
    <name>2</name>
    <pose>Unspecified</pose>
    <truncated>0</truncated>
    <difficult>0</difficult>
    <bndbox>
        <xmin>66.18181818181819</xmin>
        <ymin>111.2727272727273</ymin>
        <xmax>149.21212121212122</xmax>
        <ymax>174.7878787878788</ymax>
    </bndbox>
</object><object>
    <name>1</name>
    <pose>Unspecified</pose>
    <truncated>0</truncated>
    <difficult>0</difficult>
    <bndbox>
        <xmin>0</xmin>
        <ymin>92.36363636363636</ymin>
        <xmax>34.06060606060606</xmax>
        <ymax>133.33333333333331</ymax>
    </bndbox>
</object>
</annotation>
