<annotation verified="yes">
    <folder>Annotation</folder>
    <filename>114.jpg</filename>
    <path>train-PascalVOC-export/Annotations/114.jpg</path>
    <source>
        <database>Unknown</database>
    </source>
    <size>
        <width>224</width>
        <height>224</height>
        <depth>3</depth>
    </size>
    <segmented>0</segmented>
    <object>
    <name>2</name>
    <pose>Unspecified</pose>
    <truncated>0</truncated>
    <difficult>0</difficult>
    <bndbox>
        <xmin>79.51515151515152</xmin>
        <ymin>107.39393939393939</ymin>
        <xmax>159.63636363636363</xmax>
        <ymax>168.96969696969697</ymax>
    </bndbox>
</object><object>
    <name>1</name>
    <pose>Unspecified</pose>
    <truncated>0</truncated>
    <difficult>0</difficult>
    <bndbox>
        <xmin>0</xmin>
        <ymin>88.48484848484848</ymin>
        <xmax>45.21212121212121</xmax>
        <ymax>135.5151515151515</ymax>
    </bndbox>
</object>
</annotation>
