<annotation verified="yes">
    <folder>Annotation</folder>
    <filename>115.jpg</filename>
    <path>train-PascalVOC-export/Annotations/115.jpg</path>
    <source>
        <database>Unknown</database>
    </source>
    <size>
        <width>224</width>
        <height>224</height>
        <depth>3</depth>
    </size>
    <segmented>0</segmented>
    <object>
    <name>1</name>
    <pose>Unspecified</pose>
    <truncated>0</truncated>
    <difficult>0</difficult>
    <bndbox>
        <xmin>92.12121212121212</xmin>
        <ymin>95.7575757575758</ymin>
        <xmax>146.9090909090909</xmax>
        <ymax>142.7878787878788</ymax>
    </bndbox>
</object><object>
    <name>2</name>
    <pose>Unspecified</pose>
    <truncated>0</truncated>
    <difficult>0</difficult>
    <bndbox>
        <xmin>181.8181818181818</xmin>
        <ymin>121.6969696969697</ymin>
        <xmax>224</xmax>
        <ymax>181.8181818181818</ymax>
    </bndbox>
</object>
</annotation>
