<annotation verified="yes">
    <folder>Annotation</folder>
    <filename>116.jpg</filename>
    <path>train-PascalVOC-export/Annotations/116.jpg</path>
    <source>
        <database>Unknown</database>
    </source>
    <size>
        <width>224</width>
        <height>224</height>
        <depth>3</depth>
    </size>
    <segmented>0</segmented>
    <object>
    <name>1</name>
    <pose>Unspecified</pose>
    <truncated>0</truncated>
    <difficult>0</difficult>
    <bndbox>
        <xmin>86.54545454545455</xmin>
        <ymin>92.84848484848484</ymin>
        <xmax>140.84848484848484</xmax>
        <ymax>142.54545454545453</ymax>
    </bndbox>
</object><object>
    <name>2</name>
    <pose>Unspecified</pose>
    <truncated>0</truncated>
    <difficult>0</difficult>
    <bndbox>
        <xmin>181.0909090909091</xmin>
        <ymin>119.75757575757578</ymin>
        <xmax>224</xmax>
        <ymax>179.87878787878788</ymax>
    </bndbox>
</object>
</annotation>
