<annotation verified="yes">
    <folder>Annotation</folder>
    <filename>117.jpg</filename>
    <path>train-PascalVOC-export/Annotations/117.jpg</path>
    <source>
        <database>Unknown</database>
    </source>
    <size>
        <width>224</width>
        <height>224</height>
        <depth>3</depth>
    </size>
    <segmented>0</segmented>
    <object>
    <name>1</name>
    <pose>Unspecified</pose>
    <truncated>0</truncated>
    <difficult>0</difficult>
    <bndbox>
        <xmin>75.39393939393939</xmin>
        <ymin>62.303030303030305</ymin>
        <xmax>142.54545454545456</xmax>
        <ymax>121.45454545454547</ymax>
    </bndbox>
</object><object>
    <name>2</name>
    <pose>Unspecified</pose>
    <truncated>0</truncated>
    <difficult>0</difficult>
    <bndbox>
        <xmin>176.96969696969697</xmin>
        <ymin>97.21212121212122</ymin>
        <xmax>224</xmax>
        <ymax>168</ymax>
    </bndbox>
</object>
</annotation>
