<annotation verified="yes">
    <folder>Annotation</folder>
    <filename>118.jpg</filename>
    <path>train-PascalVOC-export/Annotations/118.jpg</path>
    <source>
        <database>Unknown</database>
    </source>
    <size>
        <width>224</width>
        <height>224</height>
        <depth>3</depth>
    </size>
    <segmented>0</segmented>
    <object>
    <name>1</name>
    <pose>Unspecified</pose>
    <truncated>0</truncated>
    <difficult>0</difficult>
    <bndbox>
        <xmin>82.9090909090909</xmin>
        <ymin>61.81818181818182</ymin>
        <xmax>145.33333333333334</xmax>
        <ymax>121.21212121212122</ymax>
    </bndbox>
</object><object>
    <name>2</name>
    <pose>Unspecified</pose>
    <truncated>0</truncated>
    <difficult>0</difficult>
    <bndbox>
        <xmin>183.03030303030303</xmin>
        <ymin>97.93939393939394</ymin>
        <xmax>224</xmax>
        <ymax>172.36363636363637</ymax>
    </bndbox>
</object>
</annotation>
