<annotation verified="yes">
    <folder>Annotation</folder>
    <filename>119.jpg</filename>
    <path>train-PascalVOC-export/Annotations/119.jpg</path>
    <source>
        <database>Unknown</database>
    </source>
    <size>
        <width>224</width>
        <height>224</height>
        <depth>3</depth>
    </size>
    <segmented>0</segmented>
    <object>
    <name>1</name>
    <pose>Unspecified</pose>
    <truncated>0</truncated>
    <difficult>0</difficult>
    <bndbox>
        <xmin>90.7878787878788</xmin>
        <ymin>64.24242424242425</ymin>
        <xmax>158.1818181818182</xmax>
        <ymax>120.24242424242425</ymax>
    </bndbox>
</object>
</annotation>
