<annotation verified="yes">
    <folder>Annotation</folder>
    <filename>12.jpg</filename>
    <path>train-PascalVOC-export/Annotations/12.jpg</path>
    <source>
        <database>Unknown</database>
    </source>
    <size>
        <width>224</width>
        <height>224</height>
        <depth>3</depth>
    </size>
    <segmented>0</segmented>
    <object>
    <name>2</name>
    <pose>Unspecified</pose>
    <truncated>0</truncated>
    <difficult>0</difficult>
    <bndbox>
        <xmin>43.27272727272727</xmin>
        <ymin>58.42424242424243</ymin>
        <xmax>114.30303030303031</xmax>
        <ymax>119.51515151515153</ymax>
    </bndbox>
</object><object>
    <name>4</name>
    <pose>Unspecified</pose>
    <truncated>0</truncated>
    <difficult>0</difficult>
    <bndbox>
        <xmin>150.42424242424244</xmin>
        <ymin>54.78787878787879</ymin>
        <xmax>207.3939393939394</xmax>
        <ymax>109.0909090909091</ymax>
    </bndbox>
</object>
</annotation>
