<annotation verified="yes">
    <folder>Annotation</folder>
    <filename>120.jpg</filename>
    <path>train-PascalVOC-export/Annotations/120.jpg</path>
    <source>
        <database>Unknown</database>
    </source>
    <size>
        <width>224</width>
        <height>224</height>
        <depth>3</depth>
    </size>
    <segmented>0</segmented>
    <object>
    <name>1</name>
    <pose>Unspecified</pose>
    <truncated>0</truncated>
    <difficult>0</difficult>
    <bndbox>
        <xmin>92.84848484848484</xmin>
        <ymin>82.18181818181819</ymin>
        <xmax>158.1818181818182</xmax>
        <ymax>134.06060606060606</ymax>
    </bndbox>
</object>
</annotation>
