<annotation verified="yes">
    <folder>Annotation</folder>
    <filename>121.jpg</filename>
    <path>train-PascalVOC-export/Annotations/121.jpg</path>
    <source>
        <database>Unknown</database>
    </source>
    <size>
        <width>224</width>
        <height>224</height>
        <depth>3</depth>
    </size>
    <segmented>0</segmented>
    <object>
    <name>1</name>
    <pose>Unspecified</pose>
    <truncated>0</truncated>
    <difficult>0</difficult>
    <bndbox>
        <xmin>97.93939393939394</xmin>
        <ymin>72.24242424242425</ymin>
        <xmax>161.93939393939394</xmax>
        <ymax>124.60606060606062</ymax>
    </bndbox>
</object>
</annotation>
