<annotation verified="yes">
    <folder>Annotation</folder>
    <filename>122.jpg</filename>
    <path>train-PascalVOC-export/Annotations/122.jpg</path>
    <source>
        <database>Unknown</database>
    </source>
    <size>
        <width>224</width>
        <height>224</height>
        <depth>3</depth>
    </size>
    <segmented>0</segmented>
    <object>
    <name>1</name>
    <pose>Unspecified</pose>
    <truncated>0</truncated>
    <difficult>0</difficult>
    <bndbox>
        <xmin>27.151515151515152</xmin>
        <ymin>64.72727272727273</ymin>
        <xmax>97.0909090909091</xmax>
        <ymax>119.75757575757576</ymax>
    </bndbox>
</object><object>
    <name>2</name>
    <pose>Unspecified</pose>
    <truncated>0</truncated>
    <difficult>0</difficult>
    <bndbox>
        <xmin>124.36363636363637</xmin>
        <ymin>94.78787878787882</ymin>
        <xmax>211.27272727272728</xmax>
        <ymax>172.84848484848487</ymax>
    </bndbox>
</object>
</annotation>
