<annotation verified="yes">
    <folder>Annotation</folder>
    <filename>123.jpg</filename>
    <path>train-PascalVOC-export/Annotations/123.jpg</path>
    <source>
        <database>Unknown</database>
    </source>
    <size>
        <width>224</width>
        <height>224</height>
        <depth>3</depth>
    </size>
    <segmented>0</segmented>
    <object>
    <name>1</name>
    <pose>Unspecified</pose>
    <truncated>0</truncated>
    <difficult>0</difficult>
    <bndbox>
        <xmin>16.484848484848484</xmin>
        <ymin>66.18181818181819</ymin>
        <xmax>93.45454545454545</xmax>
        <ymax>120</ymax>
    </bndbox>
</object><object>
    <name>2</name>
    <pose>Unspecified</pose>
    <truncated>0</truncated>
    <difficult>0</difficult>
    <bndbox>
        <xmin>121.45454545454545</xmin>
        <ymin>96.24242424242425</ymin>
        <xmax>210.3030303030303</xmax>
        <ymax>175.03030303030306</ymax>
    </bndbox>
</object>
</annotation>
