<annotation verified="yes">
    <folder>Annotation</folder>
    <filename>124.jpg</filename>
    <path>train-PascalVOC-export/Annotations/124.jpg</path>
    <source>
        <database>Unknown</database>
    </source>
    <size>
        <width>224</width>
        <height>224</height>
        <depth>3</depth>
    </size>
    <segmented>0</segmented>
    <object>
    <name>1</name>
    <pose>Unspecified</pose>
    <truncated>0</truncated>
    <difficult>0</difficult>
    <bndbox>
        <xmin>16.484848484848484</xmin>
        <ymin>70.30303030303033</ymin>
        <xmax>87.15151515151516</xmax>
        <ymax>123.3939393939394</ymax>
    </bndbox>
</object><object>
    <name>2</name>
    <pose>Unspecified</pose>
    <truncated>0</truncated>
    <difficult>0</difficult>
    <bndbox>
        <xmin>111.75757575757578</xmin>
        <ymin>99.87878787878788</ymin>
        <xmax>205.939393939394</xmax>
        <ymax>177.6969696969697</ymax>
    </bndbox>
</object>
</annotation>
