<annotation verified="yes">
    <folder>Annotation</folder>
    <filename>125.jpg</filename>
    <path>train-PascalVOC-export/Annotations/125.jpg</path>
    <source>
        <database>Unknown</database>
    </source>
    <size>
        <width>224</width>
        <height>224</height>
        <depth>3</depth>
    </size>
    <segmented>0</segmented>
    <object>
    <name>2</name>
    <pose>Unspecified</pose>
    <truncated>0</truncated>
    <difficult>0</difficult>
    <bndbox>
        <xmin>112.72727272727273</xmin>
        <ymin>106.9090909090909</ymin>
        <xmax>208.12121212121212</xmax>
        <ymax>188.12121212121212</ymax>
    </bndbox>
</object><object>
    <name>1</name>
    <pose>Unspecified</pose>
    <truncated>0</truncated>
    <difficult>0</difficult>
    <bndbox>
        <xmin>20.12121212121212</xmin>
        <ymin>75.87878787878788</ymin>
        <xmax>85.45454545454547</xmax>
        <ymax>128.4848484848485</ymax>
    </bndbox>
</object>
</annotation>
