<annotation verified="yes">
    <folder>Annotation</folder>
    <filename>126.jpg</filename>
    <path>train-PascalVOC-export/Annotations/126.jpg</path>
    <source>
        <database>Unknown</database>
    </source>
    <size>
        <width>224</width>
        <height>224</height>
        <depth>3</depth>
    </size>
    <segmented>0</segmented>
    <object>
    <name>1</name>
    <pose>Unspecified</pose>
    <truncated>0</truncated>
    <difficult>0</difficult>
    <bndbox>
        <xmin>0</xmin>
        <ymin>108.12121212121212</ymin>
        <xmax>52.121212121212125</xmax>
        <ymax>175.75757575757575</ymax>
    </bndbox>
</object><object>
    <name>2</name>
    <pose>Unspecified</pose>
    <truncated>0</truncated>
    <difficult>0</difficult>
    <bndbox>
        <xmin>88.24242424242425</xmin>
        <ymin>131.63636363636363</ymin>
        <xmax>178.06060606060606</xmax>
        <ymax>211.63636363636363</ymax>
    </bndbox>
</object>
</annotation>
