<annotation verified="yes">
    <folder>Annotation</folder>
    <filename>127.jpg</filename>
    <path>train-PascalVOC-export/Annotations/127.jpg</path>
    <source>
        <database>Unknown</database>
    </source>
    <size>
        <width>224</width>
        <height>224</height>
        <depth>3</depth>
    </size>
    <segmented>0</segmented>
    <object>
    <name>2</name>
    <pose>Unspecified</pose>
    <truncated>0</truncated>
    <difficult>0</difficult>
    <bndbox>
        <xmin>103.27272727272728</xmin>
        <ymin>117.33333333333337</ymin>
        <xmax>195.15151515151516</xmax>
        <ymax>202.66666666666669</ymax>
    </bndbox>
</object><object>
    <name>1</name>
    <pose>Unspecified</pose>
    <truncated>0</truncated>
    <difficult>0</difficult>
    <bndbox>
        <xmin>0</xmin>
        <ymin>89.93939393939394</ymin>
        <xmax>70.9090909090909</xmax>
        <ymax>147.39393939393938</ymax>
    </bndbox>
</object>
</annotation>
