<annotation verified="yes">
    <folder>Annotation</folder>
    <filename>128.jpg</filename>
    <path>train-PascalVOC-export/Annotations/128.jpg</path>
    <source>
        <database>Unknown</database>
    </source>
    <size>
        <width>224</width>
        <height>224</height>
        <depth>3</depth>
    </size>
    <segmented>0</segmented>
    <object>
    <name>2</name>
    <pose>Unspecified</pose>
    <truncated>0</truncated>
    <difficult>0</difficult>
    <bndbox>
        <xmin>89.6969696969697</xmin>
        <ymin>125.33333333333334</ymin>
        <xmax>183.15151515151516</xmax>
        <ymax>207.75757575757575</ymax>
    </bndbox>
</object><object>
    <name>1</name>
    <pose>Unspecified</pose>
    <truncated>0</truncated>
    <difficult>0</difficult>
    <bndbox>
        <xmin>0</xmin>
        <ymin>97.21212121212122</ymin>
        <xmax>64.84848484848484</xmax>
        <ymax>154.9090909090909</ymax>
    </bndbox>
</object>
</annotation>
