<annotation verified="yes">
    <folder>Annotation</folder>
    <filename>129.jpg</filename>
    <path>train-PascalVOC-export/Annotations/129.jpg</path>
    <source>
        <database>Unknown</database>
    </source>
    <size>
        <width>224</width>
        <height>224</height>
        <depth>3</depth>
    </size>
    <segmented>0</segmented>
    <object>
    <name>2</name>
    <pose>Unspecified</pose>
    <truncated>0</truncated>
    <difficult>0</difficult>
    <bndbox>
        <xmin>90.42424242424242</xmin>
        <ymin>98.18181818181819</ymin>
        <xmax>181.45454545454544</xmax>
        <ymax>175.5151515151515</ymax>
    </bndbox>
</object><object>
    <name>1</name>
    <pose>Unspecified</pose>
    <truncated>0</truncated>
    <difficult>0</difficult>
    <bndbox>
        <xmin>0</xmin>
        <ymin>71.51515151515152</ymin>
        <xmax>60</xmax>
        <ymax>131.15151515151516</ymax>
    </bndbox>
</object>
</annotation>
