<annotation verified="yes">
    <folder>Annotation</folder>
    <filename>13.jpg</filename>
    <path>train-PascalVOC-export/Annotations/13.jpg</path>
    <source>
        <database>Unknown</database>
    </source>
    <size>
        <width>224</width>
        <height>224</height>
        <depth>3</depth>
    </size>
    <segmented>0</segmented>
    <object>
    <name>4</name>
    <pose>Unspecified</pose>
    <truncated>0</truncated>
    <difficult>0</difficult>
    <bndbox>
        <xmin>147.87878787878788</xmin>
        <ymin>67.39393939393939</ymin>
        <xmax>200.6060606060606</xmax>
        <ymax>123.87878787878788</ymax>
    </bndbox>
</object><object>
    <name>3</name>
    <pose>Unspecified</pose>
    <truncated>0</truncated>
    <difficult>0</difficult>
    <bndbox>
        <xmin>35.75757575757576</xmin>
        <ymin>68.84848484848484</ymin>
        <xmax>102.9090909090909</xmax>
        <ymax>128.24242424242425</ymax>
    </bndbox>
</object>
</annotation>
