<annotation verified="yes">
    <folder>Annotation</folder>
    <filename>130.jpg</filename>
    <path>train-PascalVOC-export/Annotations/130.jpg</path>
    <source>
        <database>Unknown</database>
    </source>
    <size>
        <width>224</width>
        <height>224</height>
        <depth>3</depth>
    </size>
    <segmented>0</segmented>
    <object>
    <name>2</name>
    <pose>Unspecified</pose>
    <truncated>0</truncated>
    <difficult>0</difficult>
    <bndbox>
        <xmin>125.57575757575758</xmin>
        <ymin>81.45454545454545</ymin>
        <xmax>215.75757575757575</xmax>
        <ymax>159.5151515151515</ymax>
    </bndbox>
</object><object>
    <name>1</name>
    <pose>Unspecified</pose>
    <truncated>0</truncated>
    <difficult>0</difficult>
    <bndbox>
        <xmin>25.21212121212121</xmin>
        <ymin>46.78787878787879</ymin>
        <xmax>96.12121212121212</xmax>
        <ymax>105.6969696969697</ymax>
    </bndbox>
</object>
</annotation>
