<annotation verified="yes">
    <folder>Annotation</folder>
    <filename>131.jpg</filename>
    <path>train-PascalVOC-export/Annotations/131.jpg</path>
    <source>
        <database>Unknown</database>
    </source>
    <size>
        <width>224</width>
        <height>224</height>
        <depth>3</depth>
    </size>
    <segmented>0</segmented>
    <object>
    <name>2</name>
    <pose>Unspecified</pose>
    <truncated>0</truncated>
    <difficult>0</difficult>
    <bndbox>
        <xmin>121.6969696969697</xmin>
        <ymin>70.30303030303033</ymin>
        <xmax>216.12121212121212</xmax>
        <ymax>150.3030303030303</ymax>
    </bndbox>
</object><object>
    <name>1</name>
    <pose>Unspecified</pose>
    <truncated>0</truncated>
    <difficult>0</difficult>
    <bndbox>
        <xmin>29.575757575757578</xmin>
        <ymin>43.15151515151517</ymin>
        <xmax>100</xmax>
        <ymax>97.21212121212122</ymax>
    </bndbox>
</object>
</annotation>
