<annotation verified="yes">
    <folder>Annotation</folder>
    <filename>132.jpg</filename>
    <path>train-PascalVOC-export/Annotations/132.jpg</path>
    <source>
        <database>Unknown</database>
    </source>
    <size>
        <width>224</width>
        <height>224</height>
        <depth>3</depth>
    </size>
    <segmented>0</segmented>
    <object>
    <name>2</name>
    <pose>Unspecified</pose>
    <truncated>0</truncated>
    <difficult>0</difficult>
    <bndbox>
        <xmin>112.72727272727273</xmin>
        <ymin>80.48484848484848</ymin>
        <xmax>205.93939393939394</xmax>
        <ymax>159.5151515151515</ymax>
    </bndbox>
</object><object>
    <name>1</name>
    <pose>Unspecified</pose>
    <truncated>0</truncated>
    <difficult>0</difficult>
    <bndbox>
        <xmin>8.96969696969697</xmin>
        <ymin>51.151515151515156</ymin>
        <xmax>84.24242424242429</xmax>
        <ymax>110.06060606060608</ymax>
    </bndbox>
</object>
</annotation>
