<annotation verified="yes">
    <folder>Annotation</folder>
    <filename>133.jpg</filename>
    <path>train-PascalVOC-export/Annotations/133.jpg</path>
    <source>
        <database>Unknown</database>
    </source>
    <size>
        <width>224</width>
        <height>224</height>
        <depth>3</depth>
    </size>
    <segmented>0</segmented>
    <object>
    <name>2</name>
    <pose>Unspecified</pose>
    <truncated>0</truncated>
    <difficult>0</difficult>
    <bndbox>
        <xmin>115.87878787878788</xmin>
        <ymin>75.39393939393939</ymin>
        <xmax>209.93939393939394</xmax>
        <ymax>153.93939393939394</ymax>
    </bndbox>
</object><object>
    <name>1</name>
    <pose>Unspecified</pose>
    <truncated>0</truncated>
    <difficult>0</difficult>
    <bndbox>
        <xmin>19.636363636363637</xmin>
        <ymin>46.303030303030305</ymin>
        <xmax>83.87878787878789</xmax>
        <ymax>102.06060606060606</ymax>
    </bndbox>
</object>
</annotation>
