<annotation verified="yes">
    <folder>Annotation</folder>
    <filename>134.jpg</filename>
    <path>train-PascalVOC-export/Annotations/134.jpg</path>
    <source>
        <database>Unknown</database>
    </source>
    <size>
        <width>224</width>
        <height>224</height>
        <depth>3</depth>
    </size>
    <segmented>0</segmented>
    <object>
    <name>3</name>
    <pose>Unspecified</pose>
    <truncated>0</truncated>
    <difficult>0</difficult>
    <bndbox>
        <xmin>186.06060606060606</xmin>
        <ymin>72.96969696969697</ymin>
        <xmax>224</xmax>
        <ymax>152.96969696969697</ymax>
    </bndbox>
</object><object>
    <name>2</name>
    <pose>Unspecified</pose>
    <truncated>0</truncated>
    <difficult>0</difficult>
    <bndbox>
        <xmin>8.484848484848484</xmin>
        <ymin>61.57575757575758</ymin>
        <xmax>93.45454545454545</xmax>
        <ymax>135.27272727272728</ymax>
    </bndbox>
</object>
</annotation>
