<annotation verified="yes">
    <folder>Annotation</folder>
    <filename>135.jpg</filename>
    <path>train-PascalVOC-export/Annotations/135.jpg</path>
    <source>
        <database>Unknown</database>
    </source>
    <size>
        <width>224</width>
        <height>224</height>
        <depth>3</depth>
    </size>
    <segmented>0</segmented>
    <object>
    <name>3</name>
    <pose>Unspecified</pose>
    <truncated>0</truncated>
    <difficult>0</difficult>
    <bndbox>
        <xmin>188.24242424242425</xmin>
        <ymin>72.48484848484848</ymin>
        <xmax>224</xmax>
        <ymax>154.1818181818182</ymax>
    </bndbox>
</object><object>
    <name>2</name>
    <pose>Unspecified</pose>
    <truncated>0</truncated>
    <difficult>0</difficult>
    <bndbox>
        <xmin>7.272727272727273</xmin>
        <ymin>56</ymin>
        <xmax>96.36363636363637</xmax>
        <ymax>132.12121212121212</ymax>
    </bndbox>
</object>
</annotation>
