<annotation verified="yes">
    <folder>Annotation</folder>
    <filename>136.jpg</filename>
    <path>train-PascalVOC-export/Annotations/136.jpg</path>
    <source>
        <database>Unknown</database>
    </source>
    <size>
        <width>224</width>
        <height>224</height>
        <depth>3</depth>
    </size>
    <segmented>0</segmented>
    <object>
    <name>3</name>
    <pose>Unspecified</pose>
    <truncated>0</truncated>
    <difficult>0</difficult>
    <bndbox>
        <xmin>193.33333333333334</xmin>
        <ymin>69.0909090909091</ymin>
        <xmax>224</xmax>
        <ymax>143.75757575757575</ymax>
    </bndbox>
</object><object>
    <name>2</name>
    <pose>Unspecified</pose>
    <truncated>0</truncated>
    <difficult>0</difficult>
    <bndbox>
        <xmin>16.96969696969697</xmin>
        <ymin>48.24242424242424</ymin>
        <xmax>105.57575757575758</xmax>
        <ymax>126.30303030303031</ymax>
    </bndbox>
</object>
</annotation>
