<annotation verified="yes">
    <folder>Annotation</folder>
    <filename>137.jpg</filename>
    <path>train-PascalVOC-export/Annotations/137.jpg</path>
    <source>
        <database>Unknown</database>
    </source>
    <size>
        <width>224</width>
        <height>224</height>
        <depth>3</depth>
    </size>
    <segmented>0</segmented>
    <object>
    <name>3</name>
    <pose>Unspecified</pose>
    <truncated>0</truncated>
    <difficult>0</difficult>
    <bndbox>
        <xmin>191.3939393939394</xmin>
        <ymin>60.84848484848485</ymin>
        <xmax>224</xmax>
        <ymax>136</ymax>
    </bndbox>
</object><object>
    <name>2</name>
    <pose>Unspecified</pose>
    <truncated>0</truncated>
    <difficult>0</difficult>
    <bndbox>
        <xmin>13.090909090909092</xmin>
        <ymin>45.09090909090909</ymin>
        <xmax>103.8787878787879</xmax>
        <ymax>122.18181818181819</ymax>
    </bndbox>
</object>
</annotation>
