<annotation verified="yes">
    <folder>Annotation</folder>
    <filename>138.jpg</filename>
    <path>train-PascalVOC-export/Annotations/138.jpg</path>
    <source>
        <database>Unknown</database>
    </source>
    <size>
        <width>224</width>
        <height>224</height>
        <depth>3</depth>
    </size>
    <segmented>0</segmented>
    <object>
    <name>3</name>
    <pose>Unspecified</pose>
    <truncated>0</truncated>
    <difficult>0</difficult>
    <bndbox>
        <xmin>118.18181818181819</xmin>
        <ymin>61.09090909090909</ymin>
        <xmax>197.45454545454547</xmax>
        <ymax>131.15151515151516</ymax>
    </bndbox>
</object>
</annotation>
