<annotation verified="yes">
    <folder>Annotation</folder>
    <filename>139.jpg</filename>
    <path>train-PascalVOC-export/Annotations/139.jpg</path>
    <source>
        <database>Unknown</database>
    </source>
    <size>
        <width>224</width>
        <height>224</height>
        <depth>3</depth>
    </size>
    <segmented>0</segmented>
    <object>
    <name>3</name>
    <pose>Unspecified</pose>
    <truncated>0</truncated>
    <difficult>0</difficult>
    <bndbox>
        <xmin>104.84848484848486</xmin>
        <ymin>70.7878787878788</ymin>
        <xmax>179.27272727272728</xmax>
        <ymax>146.90909090909093</ymax>
    </bndbox>
</object>
</annotation>
