<annotation verified="yes">
    <folder>Annotation</folder>
    <filename>14.jpg</filename>
    <path>train-PascalVOC-export/Annotations/14.jpg</path>
    <source>
        <database>Unknown</database>
    </source>
    <size>
        <width>224</width>
        <height>224</height>
        <depth>3</depth>
    </size>
    <segmented>0</segmented>
    <object>
    <name>4</name>
    <pose>Unspecified</pose>
    <truncated>0</truncated>
    <difficult>0</difficult>
    <bndbox>
        <xmin>133.45454545454547</xmin>
        <ymin>35.393939393939405</ymin>
        <xmax>200.969696969697</xmax>
        <ymax>93.0909090909091</ymax>
    </bndbox>
</object><object>
    <name>3</name>
    <pose>Unspecified</pose>
    <truncated>0</truncated>
    <difficult>0</difficult>
    <bndbox>
        <xmin>30.424242424242426</xmin>
        <ymin>37.57575757575758</ymin>
        <xmax>92.72727272727273</xmax>
        <ymax>91.3939393939394</ymax>
    </bndbox>
</object>
</annotation>
