<annotation verified="yes">
    <folder>Annotation</folder>
    <filename>140.jpg</filename>
    <path>train-PascalVOC-export/Annotations/140.jpg</path>
    <source>
        <database>Unknown</database>
    </source>
    <size>
        <width>224</width>
        <height>224</height>
        <depth>3</depth>
    </size>
    <segmented>0</segmented>
    <object>
    <name>3</name>
    <pose>Unspecified</pose>
    <truncated>0</truncated>
    <difficult>0</difficult>
    <bndbox>
        <xmin>116.48484848484848</xmin>
        <ymin>62.54545454545455</ymin>
        <xmax>194.54545454545456</xmax>
        <ymax>135.03030303030303</ymax>
    </bndbox>
</object><object>
    <name>2</name>
    <pose>Unspecified</pose>
    <truncated>0</truncated>
    <difficult>0</difficult>
    <bndbox>
        <xmin>0.6060606060606061</xmin>
        <ymin>65.45454545454545</ymin>
        <xmax>20.96969696969697</xmax>
        <ymax>141.8181818181818</ymax>
    </bndbox>
</object>
</annotation>
