<annotation verified="yes">
    <folder>Annotation</folder>
    <filename>141.jpg</filename>
    <path>train-PascalVOC-export/Annotations/141.jpg</path>
    <source>
        <database>Unknown</database>
    </source>
    <size>
        <width>224</width>
        <height>224</height>
        <depth>3</depth>
    </size>
    <segmented>0</segmented>
    <object>
    <name>3</name>
    <pose>Unspecified</pose>
    <truncated>0</truncated>
    <difficult>0</difficult>
    <bndbox>
        <xmin>120.36363636363637</xmin>
        <ymin>51.151515151515156</ymin>
        <xmax>195.03030303030306</xmax>
        <ymax>128.969696969697</ymax>
    </bndbox>
</object><object>
    <name>2</name>
    <pose>Unspecified</pose>
    <truncated>0</truncated>
    <difficult>0</difficult>
    <bndbox>
        <xmin>1.0909090909090908</xmin>
        <ymin>56.484848484848484</ymin>
        <xmax>27.03030303030303</xmax>
        <ymax>130.66666666666669</ymax>
    </bndbox>
</object>
</annotation>
