<annotation verified="yes">
    <folder>Annotation</folder>
    <filename>142.jpg</filename>
    <path>train-PascalVOC-export/Annotations/142.jpg</path>
    <source>
        <database>Unknown</database>
    </source>
    <size>
        <width>224</width>
        <height>224</height>
        <depth>3</depth>
    </size>
    <segmented>0</segmented>
    <object>
    <name>3</name>
    <pose>Unspecified</pose>
    <truncated>0</truncated>
    <difficult>0</difficult>
    <bndbox>
        <xmin>117.6969696969697</xmin>
        <ymin>63.27272727272727</ymin>
        <xmax>190.90909090909093</xmax>
        <ymax>137.21212121212122</ymax>
    </bndbox>
</object><object>
    <name>2</name>
    <pose>Unspecified</pose>
    <truncated>0</truncated>
    <difficult>0</difficult>
    <bndbox>
        <xmin>0.8484848484848485</xmin>
        <ymin>64.48484848484848</ymin>
        <xmax>19.757575757575758</xmax>
        <ymax>142.54545454545456</ymax>
    </bndbox>
</object>
</annotation>
