<annotation verified="yes">
    <folder>Annotation</folder>
    <filename>143.jpg</filename>
    <path>train-PascalVOC-export/Annotations/143.jpg</path>
    <source>
        <database>Unknown</database>
    </source>
    <size>
        <width>224</width>
        <height>224</height>
        <depth>3</depth>
    </size>
    <segmented>0</segmented>
    <object>
    <name>4</name>
    <pose>Unspecified</pose>
    <truncated>0</truncated>
    <difficult>0</difficult>
    <bndbox>
        <xmin>164</xmin>
        <ymin>88.24242424242425</ymin>
        <xmax>224</xmax>
        <ymax>150.7878787878788</ymax>
    </bndbox>
</object><object>
    <name>3</name>
    <pose>Unspecified</pose>
    <truncated>0</truncated>
    <difficult>0</difficult>
    <bndbox>
        <xmin>46.66666666666667</xmin>
        <ymin>97.6969696969697</ymin>
        <xmax>120.84848484848486</xmax>
        <ymax>168.72727272727275</ymax>
    </bndbox>
</object>
</annotation>
