<annotation verified="yes">
    <folder>Annotation</folder>
    <filename>144.jpg</filename>
    <path>train-PascalVOC-export/Annotations/144.jpg</path>
    <source>
        <database>Unknown</database>
    </source>
    <size>
        <width>224</width>
        <height>224</height>
        <depth>3</depth>
    </size>
    <segmented>0</segmented>
    <object>
    <name>3</name>
    <pose>Unspecified</pose>
    <truncated>0</truncated>
    <difficult>0</difficult>
    <bndbox>
        <xmin>39.151515151515156</xmin>
        <ymin>81.93939393939394</ymin>
        <xmax>119.3939393939394</xmax>
        <ymax>152</ymax>
    </bndbox>
</object><object>
    <name>4</name>
    <pose>Unspecified</pose>
    <truncated>0</truncated>
    <difficult>0</difficult>
    <bndbox>
        <xmin>157.21212121212122</xmin>
        <ymin>66.66666666666667</ymin>
        <xmax>224</xmax>
        <ymax>131.87878787878788</ymax>
    </bndbox>
</object>
</annotation>
