<annotation verified="yes">
    <folder>Annotation</folder>
    <filename>145.jpg</filename>
    <path>train-PascalVOC-export/Annotations/145.jpg</path>
    <source>
        <database>Unknown</database>
    </source>
    <size>
        <width>224</width>
        <height>224</height>
        <depth>3</depth>
    </size>
    <segmented>0</segmented>
    <object>
    <name>4</name>
    <pose>Unspecified</pose>
    <truncated>0</truncated>
    <difficult>0</difficult>
    <bndbox>
        <xmin>142.1818181818182</xmin>
        <ymin>81.45454545454545</ymin>
        <xmax>221.8181818181818</xmax>
        <ymax>142.06060606060606</ymax>
    </bndbox>
</object><object>
    <name>3</name>
    <pose>Unspecified</pose>
    <truncated>0</truncated>
    <difficult>0</difficult>
    <bndbox>
        <xmin>17.575757575757578</xmin>
        <ymin>91.39393939393939</ymin>
        <xmax>103.3939393939394</xmax>
        <ymax>162.66666666666669</ymax>
    </bndbox>
</object>
</annotation>
