<annotation verified="yes">
    <folder>Annotation</folder>
    <filename>146.jpg</filename>
    <path>train-PascalVOC-export/Annotations/146.jpg</path>
    <source>
        <database>Unknown</database>
    </source>
    <size>
        <width>224</width>
        <height>224</height>
        <depth>3</depth>
    </size>
    <segmented>0</segmented>
    <object>
    <name>4</name>
    <pose>Unspecified</pose>
    <truncated>0</truncated>
    <difficult>0</difficult>
    <bndbox>
        <xmin>143.3939393939394</xmin>
        <ymin>74.9090909090909</ymin>
        <xmax>218.90909090909093</xmax>
        <ymax>140.60606060606062</ymax>
    </bndbox>
</object><object>
    <name>3</name>
    <pose>Unspecified</pose>
    <truncated>0</truncated>
    <difficult>0</difficult>
    <bndbox>
        <xmin>14.181818181818182</xmin>
        <ymin>86.30303030303031</ymin>
        <xmax>98.06060606060606</xmax>
        <ymax>156.60606060606062</ymax>
    </bndbox>
</object>
</annotation>
