<annotation verified="yes">
    <folder>Annotation</folder>
    <filename>147.jpg</filename>
    <path>train-PascalVOC-export/Annotations/147.jpg</path>
    <source>
        <database>Unknown</database>
    </source>
    <size>
        <width>224</width>
        <height>224</height>
        <depth>3</depth>
    </size>
    <segmented>0</segmented>
    <object>
    <name>4</name>
    <pose>Unspecified</pose>
    <truncated>0</truncated>
    <difficult>0</difficult>
    <bndbox>
        <xmin>148.4848484848485</xmin>
        <ymin>73.93939393939394</ymin>
        <xmax>224</xmax>
        <ymax>137.6969696969697</ymax>
    </bndbox>
</object><object>
    <name>3</name>
    <pose>Unspecified</pose>
    <truncated>0</truncated>
    <difficult>0</difficult>
    <bndbox>
        <xmin>22.181818181818183</xmin>
        <ymin>85.0909090909091</ymin>
        <xmax>97.33333333333334</xmax>
        <ymax>156.12121212121212</ymax>
    </bndbox>
</object>
</annotation>
