<annotation verified="yes">
    <folder>Annotation</folder>
    <filename>148.jpg</filename>
    <path>train-PascalVOC-export/Annotations/148.jpg</path>
    <source>
        <database>Unknown</database>
    </source>
    <size>
        <width>224</width>
        <height>224</height>
        <depth>3</depth>
    </size>
    <segmented>0</segmented>
    <object>
    <name>4</name>
    <pose>Unspecified</pose>
    <truncated>0</truncated>
    <difficult>0</difficult>
    <bndbox>
        <xmin>157.5757575757576</xmin>
        <ymin>68.12121212121212</ymin>
        <xmax>224</xmax>
        <ymax>133.57575757575756</ymax>
    </bndbox>
</object><object>
    <name>3</name>
    <pose>Unspecified</pose>
    <truncated>0</truncated>
    <difficult>0</difficult>
    <bndbox>
        <xmin>28.96969696969697</xmin>
        <ymin>82.66666666666667</ymin>
        <xmax>107.27272727272728</xmax>
        <ymax>152.4848484848485</ymax>
    </bndbox>
</object>
</annotation>
