<annotation verified="yes">
    <folder>Annotation</folder>
    <filename>149.jpg</filename>
    <path>train-PascalVOC-export/Annotations/149.jpg</path>
    <source>
        <database>Unknown</database>
    </source>
    <size>
        <width>224</width>
        <height>224</height>
        <depth>3</depth>
    </size>
    <segmented>0</segmented>
    <object>
    <name>4</name>
    <pose>Unspecified</pose>
    <truncated>0</truncated>
    <difficult>0</difficult>
    <bndbox>
        <xmin>181.21212121212122</xmin>
        <ymin>59.63636363636364</ymin>
        <xmax>224</xmax>
        <ymax>112.24242424242425</ymax>
    </bndbox>
</object><object>
    <name>3</name>
    <pose>Unspecified</pose>
    <truncated>0</truncated>
    <difficult>0</difficult>
    <bndbox>
        <xmin>59.27272727272727</xmin>
        <ymin>88.24242424242425</ymin>
        <xmax>138.06060606060606</xmax>
        <ymax>154.1818181818182</ymax>
    </bndbox>
</object>
</annotation>
