<annotation verified="yes">
    <folder>Annotation</folder>
    <filename>15.jpg</filename>
    <path>train-PascalVOC-export/Annotations/15.jpg</path>
    <source>
        <database>Unknown</database>
    </source>
    <size>
        <width>224</width>
        <height>224</height>
        <depth>3</depth>
    </size>
    <segmented>0</segmented>
    <object>
    <name>4</name>
    <pose>Unspecified</pose>
    <truncated>0</truncated>
    <difficult>0</difficult>
    <bndbox>
        <xmin>144.60606060606062</xmin>
        <ymin>55.03030303030303</ymin>
        <xmax>204.969696969697</xmax>
        <ymax>106.42424242424244</ymax>
    </bndbox>
</object><object>
    <name>3</name>
    <pose>Unspecified</pose>
    <truncated>0</truncated>
    <difficult>0</difficult>
    <bndbox>
        <xmin>42.06060606060606</xmin>
        <ymin>50.42424242424242</ymin>
        <xmax>104.12121212121212</xmax>
        <ymax>105.21212121212122</ymax>
    </bndbox>
</object>
</annotation>
