<annotation verified="yes">
    <folder>Annotation</folder>
    <filename>150.jpg</filename>
    <path>train-PascalVOC-export/Annotations/150.jpg</path>
    <source>
        <database>Unknown</database>
    </source>
    <size>
        <width>224</width>
        <height>224</height>
        <depth>3</depth>
    </size>
    <segmented>0</segmented>
    <object>
    <name>3</name>
    <pose>Unspecified</pose>
    <truncated>0</truncated>
    <difficult>0</difficult>
    <bndbox>
        <xmin>63.3939393939394</xmin>
        <ymin>84.60606060606061</ymin>
        <xmax>137.33333333333334</xmax>
        <ymax>152.4848484848485</ymax>
    </bndbox>
</object><object>
    <name>4</name>
    <pose>Unspecified</pose>
    <truncated>0</truncated>
    <difficult>0</difficult>
    <bndbox>
        <xmin>188.72727272727272</xmin>
        <ymin>58.909090909090914</ymin>
        <xmax>224</xmax>
        <ymax>115.87878787878788</ymax>
    </bndbox>
</object>
</annotation>
