<annotation verified="yes">
    <folder>Annotation</folder>
    <filename>151.jpg</filename>
    <path>train-PascalVOC-export/Annotations/151.jpg</path>
    <source>
        <database>Unknown</database>
    </source>
    <size>
        <width>224</width>
        <height>224</height>
        <depth>3</depth>
    </size>
    <segmented>0</segmented>
    <object>
    <name>3</name>
    <pose>Unspecified</pose>
    <truncated>0</truncated>
    <difficult>0</difficult>
    <bndbox>
        <xmin>73.57575757575758</xmin>
        <ymin>71.27272727272728</ymin>
        <xmax>148.24242424242425</xmax>
        <ymax>136.24242424242425</ymax>
    </bndbox>
</object><object>
    <name>4</name>
    <pose>Unspecified</pose>
    <truncated>0</truncated>
    <difficult>0</difficult>
    <bndbox>
        <xmin>195.51515151515153</xmin>
        <ymin>46.54545454545455</ymin>
        <xmax>224</xmax>
        <ymax>107.87878787878788</ymax>
    </bndbox>
</object>
</annotation>
