<annotation verified="yes">
    <folder>Annotation</folder>
    <filename>152.jpg</filename>
    <path>train-PascalVOC-export/Annotations/152.jpg</path>
    <source>
        <database>Unknown</database>
    </source>
    <size>
        <width>224</width>
        <height>224</height>
        <depth>3</depth>
    </size>
    <segmented>0</segmented>
    <object>
    <name>4</name>
    <pose>Unspecified</pose>
    <truncated>0</truncated>
    <difficult>0</difficult>
    <bndbox>
        <xmin>194.78787878787878</xmin>
        <ymin>50.909090909090914</ymin>
        <xmax>224</xmax>
        <ymax>105.45454545454547</ymax>
    </bndbox>
</object><object>
    <name>3</name>
    <pose>Unspecified</pose>
    <truncated>0</truncated>
    <difficult>0</difficult>
    <bndbox>
        <xmin>76</xmin>
        <ymin>76.60606060606061</ymin>
        <xmax>140.72727272727275</xmax>
        <ymax>144.4848484848485</ymax>
    </bndbox>
</object>
</annotation>
