<annotation verified="yes">
    <folder>Annotation</folder>
    <filename>153.jpg</filename>
    <path>train-PascalVOC-export/Annotations/153.jpg</path>
    <source>
        <database>Unknown</database>
    </source>
    <size>
        <width>224</width>
        <height>224</height>
        <depth>3</depth>
    </size>
    <segmented>0</segmented>
    <object>
    <name>4</name>
    <pose>Unspecified</pose>
    <truncated>0</truncated>
    <difficult>0</difficult>
    <bndbox>
        <xmin>184.12121212121212</xmin>
        <ymin>75.63636363636364</ymin>
        <xmax>224</xmax>
        <ymax>128.24242424242425</ymax>
    </bndbox>
</object><object>
    <name>3</name>
    <pose>Unspecified</pose>
    <truncated>0</truncated>
    <difficult>0</difficult>
    <bndbox>
        <xmin>61.93939393939394</xmin>
        <ymin>108.60606060606061</ymin>
        <xmax>140</xmax>
        <ymax>179.15151515151516</ymax>
    </bndbox>
</object>
</annotation>
