<annotation verified="yes">
    <folder>Annotation</folder>
    <filename>154.jpg</filename>
    <path>train-PascalVOC-export/Annotations/154.jpg</path>
    <source>
        <database>Unknown</database>
    </source>
    <size>
        <width>224</width>
        <height>224</height>
        <depth>3</depth>
    </size>
    <segmented>0</segmented>
    <object>
    <name>3</name>
    <pose>Unspecified</pose>
    <truncated>0</truncated>
    <difficult>0</difficult>
    <bndbox>
        <xmin>67.27272727272728</xmin>
        <ymin>0.24242424242424243</ymin>
        <xmax>143.87878787878788</xmax>
        <ymax>63.03030303030303</ymax>
    </bndbox>
</object>
</annotation>
