<annotation verified="yes">
    <folder>Annotation</folder>
    <filename>155.jpg</filename>
    <path>train-PascalVOC-export/Annotations/155.jpg</path>
    <source>
        <database>Unknown</database>
    </source>
    <size>
        <width>224</width>
        <height>224</height>
        <depth>3</depth>
    </size>
    <segmented>0</segmented>
    <object>
    <name>3</name>
    <pose>Unspecified</pose>
    <truncated>0</truncated>
    <difficult>0</difficult>
    <bndbox>
        <xmin>58.78787878787879</xmin>
        <ymin>6.0606060606060606</ymin>
        <xmax>138.66666666666666</xmax>
        <ymax>81.6969696969697</ymax>
    </bndbox>
</object>
</annotation>
