<annotation verified="yes">
    <folder>Annotation</folder>
    <filename>156.jpg</filename>
    <path>train-PascalVOC-export/Annotations/156.jpg</path>
    <source>
        <database>Unknown</database>
    </source>
    <size>
        <width>224</width>
        <height>224</height>
        <depth>3</depth>
    </size>
    <segmented>0</segmented>
    <object>
    <name>3</name>
    <pose>Unspecified</pose>
    <truncated>0</truncated>
    <difficult>0</difficult>
    <bndbox>
        <xmin>76.48484848484848</xmin>
        <ymin>52.84848484848485</ymin>
        <xmax>156.36363636363637</xmax>
        <ymax>126.30303030303031</ymax>
    </bndbox>
</object><object>
    <name>4</name>
    <pose>Unspecified</pose>
    <truncated>0</truncated>
    <difficult>0</difficult>
    <bndbox>
        <xmin>199.3939393939394</xmin>
        <ymin>15.515151515151516</ymin>
        <xmax>224</xmax>
        <ymax>77.0909090909091</ymax>
    </bndbox>
</object>
</annotation>
