<annotation verified="yes">
    <folder>Annotation</folder>
    <filename>157.jpg</filename>
    <path>train-PascalVOC-export/Annotations/157.jpg</path>
    <source>
        <database>Unknown</database>
    </source>
    <size>
        <width>224</width>
        <height>224</height>
        <depth>3</depth>
    </size>
    <segmented>0</segmented>
    <object>
    <name>4</name>
    <pose>Unspecified</pose>
    <truncated>0</truncated>
    <difficult>0</difficult>
    <bndbox>
        <xmin>183.87878787878788</xmin>
        <ymin>45.57575757575758</ymin>
        <xmax>224</xmax>
        <ymax>107.15151515151516</ymax>
    </bndbox>
</object><object>
    <name>3</name>
    <pose>Unspecified</pose>
    <truncated>0</truncated>
    <difficult>0</difficult>
    <bndbox>
        <xmin>60.96969696969697</xmin>
        <ymin>80.72727272727273</ymin>
        <xmax>144.96969696969697</xmax>
        <ymax>156.36363636363637</ymax>
    </bndbox>
</object>
</annotation>
