<annotation verified="yes">
    <folder>Annotation</folder>
    <filename>158.jpg</filename>
    <path>train-PascalVOC-export/Annotations/158.jpg</path>
    <source>
        <database>Unknown</database>
    </source>
    <size>
        <width>224</width>
        <height>224</height>
        <depth>3</depth>
    </size>
    <segmented>0</segmented>
    <object>
    <name>4</name>
    <pose>Unspecified</pose>
    <truncated>0</truncated>
    <difficult>0</difficult>
    <bndbox>
        <xmin>192.60606060606062</xmin>
        <ymin>42.18181818181818</ymin>
        <xmax>224.00000000000003</xmax>
        <ymax>105.69696969696969</ymax>
    </bndbox>
</object><object>
    <name>3</name>
    <pose>Unspecified</pose>
    <truncated>0</truncated>
    <difficult>0</difficult>
    <bndbox>
        <xmin>63.3939393939394</xmin>
        <ymin>76.12121212121212</ymin>
        <xmax>143.15151515151516</xmax>
        <ymax>161.21212121212122</ymax>
    </bndbox>
</object>
</annotation>
