<annotation verified="yes">
    <folder>Annotation</folder>
    <filename>159.jpg</filename>
    <path>train-PascalVOC-export/Annotations/159.jpg</path>
    <source>
        <database>Unknown</database>
    </source>
    <size>
        <width>224</width>
        <height>224</height>
        <depth>3</depth>
    </size>
    <segmented>0</segmented>
    <object>
    <name>4</name>
    <pose>Unspecified</pose>
    <truncated>0</truncated>
    <difficult>0</difficult>
    <bndbox>
        <xmin>194.54545454545456</xmin>
        <ymin>45.09090909090909</ymin>
        <xmax>224.00000000000003</xmax>
        <ymax>106.9090909090909</ymax>
    </bndbox>
</object><object>
    <name>3</name>
    <pose>Unspecified</pose>
    <truncated>0</truncated>
    <difficult>0</difficult>
    <bndbox>
        <xmin>68.36363636363636</xmin>
        <ymin>79.75757575757576</ymin>
        <xmax>149.69696969696975</xmax>
        <ymax>161.93939393939394</ymax>
    </bndbox>
</object>
</annotation>
