<annotation verified="yes">
    <folder>Annotation</folder>
    <filename>16.jpg</filename>
    <path>train-PascalVOC-export/Annotations/16.jpg</path>
    <source>
        <database>Unknown</database>
    </source>
    <size>
        <width>224</width>
        <height>224</height>
        <depth>3</depth>
    </size>
    <segmented>0</segmented>
    <object>
    <name>3</name>
    <pose>Unspecified</pose>
    <truncated>0</truncated>
    <difficult>0</difficult>
    <bndbox>
        <xmin>34.54545454545455</xmin>
        <ymin>45.81818181818182</ymin>
        <xmax>106.54545454545455</xmax>
        <ymax>98.66666666666667</ymax>
    </bndbox>
</object><object>
    <name>4</name>
    <pose>Unspecified</pose>
    <truncated>0</truncated>
    <difficult>0</difficult>
    <bndbox>
        <xmin>144.12121212121212</xmin>
        <ymin>49.696969696969695</ymin>
        <xmax>202.3030303030303</xmax>
        <ymax>103.27272727272728</ymax>
    </bndbox>
</object>
</annotation>
