<annotation verified="yes">
    <folder>Annotation</folder>
    <filename>160.jpg</filename>
    <path>train-PascalVOC-export/Annotations/160.jpg</path>
    <source>
        <database>Unknown</database>
    </source>
    <size>
        <width>224</width>
        <height>224</height>
        <depth>3</depth>
    </size>
    <segmented>0</segmented>
    <object>
    <name>4</name>
    <pose>Unspecified</pose>
    <truncated>0</truncated>
    <difficult>0</difficult>
    <bndbox>
        <xmin>197.6969696969697</xmin>
        <ymin>56.72727272727273</ymin>
        <xmax>224</xmax>
        <ymax>121.69696969696969</ymax>
    </bndbox>
</object><object>
    <name>3</name>
    <pose>Unspecified</pose>
    <truncated>0</truncated>
    <difficult>0</difficult>
    <bndbox>
        <xmin>71.87878787878788</xmin>
        <ymin>92.36363636363636</ymin>
        <xmax>156.12121212121212</xmax>
        <ymax>178.66666666666669</ymax>
    </bndbox>
</object>
</annotation>
