<annotation verified="yes">
    <folder>Annotation</folder>
    <filename>161.jpg</filename>
    <path>train-PascalVOC-export/Annotations/161.jpg</path>
    <source>
        <database>Unknown</database>
    </source>
    <size>
        <width>224</width>
        <height>224</height>
        <depth>3</depth>
    </size>
    <segmented>0</segmented>
    <object>
    <name>4</name>
    <pose>Unspecified</pose>
    <truncated>0</truncated>
    <difficult>0</difficult>
    <bndbox>
        <xmin>205.45454545454547</xmin>
        <ymin>32.96969696969697</ymin>
        <xmax>224</xmax>
        <ymax>98.66666666666667</ymax>
    </bndbox>
</object><object>
    <name>3</name>
    <pose>Unspecified</pose>
    <truncated>0</truncated>
    <difficult>0</difficult>
    <bndbox>
        <xmin>71.39393939393939</xmin>
        <ymin>73.45454545454548</ymin>
        <xmax>160.24242424242425</xmax>
        <ymax>154.42424242424244</ymax>
    </bndbox>
</object>
</annotation>
