<annotation verified="yes">
    <folder>Annotation</folder>
    <filename>162.jpg</filename>
    <path>train-PascalVOC-export/Annotations/162.jpg</path>
    <source>
        <database>Unknown</database>
    </source>
    <size>
        <width>224</width>
        <height>224</height>
        <depth>3</depth>
    </size>
    <segmented>0</segmented>
    <object>
    <name>4</name>
    <pose>Unspecified</pose>
    <truncated>0</truncated>
    <difficult>0</difficult>
    <bndbox>
        <xmin>80.12121212121212</xmin>
        <ymin>54.303030303030305</ymin>
        <xmax>148.60606060606062</xmax>
        <ymax>120.96969696969697</ymax>
    </bndbox>
</object><object>
    <name>3</name>
    <pose>Unspecified</pose>
    <truncated>0</truncated>
    <difficult>0</difficult>
    <bndbox>
        <xmin>1.0909090909090908</xmin>
        <ymin>106.42424242424242</ymin>
        <xmax>43.515151515151516</xmax>
        <ymax>194.9090909090909</ymax>
    </bndbox>
</object>
</annotation>
