<annotation verified="yes">
    <folder>Annotation</folder>
    <filename>163.jpg</filename>
    <path>train-PascalVOC-export/Annotations/163.jpg</path>
    <source>
        <database>Unknown</database>
    </source>
    <size>
        <width>224</width>
        <height>224</height>
        <depth>3</depth>
    </size>
    <segmented>0</segmented>
    <object>
    <name>4</name>
    <pose>Unspecified</pose>
    <truncated>0</truncated>
    <difficult>0</difficult>
    <bndbox>
        <xmin>77.33333333333333</xmin>
        <ymin>31.515151515151516</ymin>
        <xmax>144.4848484848485</xmax>
        <ymax>101.81818181818184</ymax>
    </bndbox>
</object><object>
    <name>3</name>
    <pose>Unspecified</pose>
    <truncated>0</truncated>
    <difficult>0</difficult>
    <bndbox>
        <xmin>0.36363636363636365</xmin>
        <ymin>79.2727272727273</ymin>
        <xmax>41.21212121212122</xmax>
        <ymax>163.15151515151516</ymax>
    </bndbox>
</object>
</annotation>
