<annotation verified="yes">
    <folder>Annotation</folder>
    <filename>164.jpg</filename>
    <path>train-PascalVOC-export/Annotations/164.jpg</path>
    <source>
        <database>Unknown</database>
    </source>
    <size>
        <width>224</width>
        <height>224</height>
        <depth>3</depth>
    </size>
    <segmented>0</segmented>
    <object>
    <name>4</name>
    <pose>Unspecified</pose>
    <truncated>0</truncated>
    <difficult>0</difficult>
    <bndbox>
        <xmin>76.72727272727273</xmin>
        <ymin>32.72727272727273</ymin>
        <xmax>148.84848484848487</xmax>
        <ymax>94.78787878787878</ymax>
    </bndbox>
</object><object>
    <name>3</name>
    <pose>Unspecified</pose>
    <truncated>0</truncated>
    <difficult>0</difficult>
    <bndbox>
        <xmin>0.8484848484848485</xmin>
        <ymin>83.39393939393939</ymin>
        <xmax>48.969696969696976</xmax>
        <ymax>161.21212121212122</ymax>
    </bndbox>
</object>
</annotation>
