<annotation verified="yes">
    <folder>Annotation</folder>
    <filename>165.jpg</filename>
    <path>train-PascalVOC-export/Annotations/165.jpg</path>
    <source>
        <database>Unknown</database>
    </source>
    <size>
        <width>224</width>
        <height>224</height>
        <depth>3</depth>
    </size>
    <segmented>0</segmented>
    <object>
    <name>3</name>
    <pose>Unspecified</pose>
    <truncated>0</truncated>
    <difficult>0</difficult>
    <bndbox>
        <xmin>1.8181818181818183</xmin>
        <ymin>119.75757575757578</ymin>
        <xmax>81.45454545454545</xmax>
        <ymax>197.57575757575762</ymax>
    </bndbox>
</object><object>
    <name>4</name>
    <pose>Unspecified</pose>
    <truncated>0</truncated>
    <difficult>0</difficult>
    <bndbox>
        <xmin>117.6969696969697</xmin>
        <ymin>73.45454545454545</ymin>
        <xmax>194.1818181818182</xmax>
        <ymax>136.4848484848485</ymax>
    </bndbox>
</object>
</annotation>
