<annotation verified="yes">
    <folder>Annotation</folder>
    <filename>166.jpg</filename>
    <path>train-PascalVOC-export/Annotations/166.jpg</path>
    <source>
        <database>Unknown</database>
    </source>
    <size>
        <width>224</width>
        <height>224</height>
        <depth>3</depth>
    </size>
    <segmented>0</segmented>
    <object>
    <name>4</name>
    <pose>Unspecified</pose>
    <truncated>0</truncated>
    <difficult>0</difficult>
    <bndbox>
        <xmin>65.33333333333333</xmin>
        <ymin>22.545454545454547</ymin>
        <xmax>132.12121212121212</xmax>
        <ymax>96.24242424242425</ymax>
    </bndbox>
</object>
</annotation>
