<annotation verified="yes">
    <folder>Annotation</folder>
    <filename>167.jpg</filename>
    <path>train-PascalVOC-export/Annotations/167.jpg</path>
    <source>
        <database>Unknown</database>
    </source>
    <size>
        <width>224</width>
        <height>224</height>
        <depth>3</depth>
    </size>
    <segmented>0</segmented>
    <object>
    <name>4</name>
    <pose>Unspecified</pose>
    <truncated>0</truncated>
    <difficult>0</difficult>
    <bndbox>
        <xmin>62.66666666666667</xmin>
        <ymin>53.57575757575758</ymin>
        <xmax>135.75757575757575</xmax>
        <ymax>114.18181818181819</ymax>
    </bndbox>
</object>
</annotation>
