<annotation verified="yes">
    <folder>Annotation</folder>
    <filename>168.jpg</filename>
    <path>train-PascalVOC-export/Annotations/168.jpg</path>
    <source>
        <database>Unknown</database>
    </source>
    <size>
        <width>224</width>
        <height>224</height>
        <depth>3</depth>
    </size>
    <segmented>0</segmented>
    <object>
    <name>4</name>
    <pose>Unspecified</pose>
    <truncated>0</truncated>
    <difficult>0</difficult>
    <bndbox>
        <xmin>88.12121212121212</xmin>
        <ymin>62.30303030303032</ymin>
        <xmax>155.39393939393943</xmax>
        <ymax>130.90909090909093</ymax>
    </bndbox>
</object><object>
    <name>3</name>
    <pose>Unspecified</pose>
    <truncated>0</truncated>
    <difficult>0</difficult>
    <bndbox>
        <xmin>1.3333333333333335</xmin>
        <ymin>109.0909090909091</ymin>
        <xmax>48.00000000000001</xmax>
        <ymax>192</ymax>
    </bndbox>
</object>
</annotation>
