<annotation verified="yes">
    <folder>Annotation</folder>
    <filename>169.jpg</filename>
    <path>train-PascalVOC-export/Annotations/169.jpg</path>
    <source>
        <database>Unknown</database>
    </source>
    <size>
        <width>224</width>
        <height>224</height>
        <depth>3</depth>
    </size>
    <segmented>0</segmented>
    <object>
    <name>4</name>
    <pose>Unspecified</pose>
    <truncated>0</truncated>
    <difficult>0</difficult>
    <bndbox>
        <xmin>73.81818181818184</xmin>
        <ymin>60.60606060606062</ymin>
        <xmax>140.60606060606062</xmax>
        <ymax>121.93939393939395</ymax>
    </bndbox>
</object>
</annotation>
