<annotation verified="yes">
    <folder>Annotation</folder>
    <filename>17.jpg</filename>
    <path>train-PascalVOC-export/Annotations/17.jpg</path>
    <source>
        <database>Unknown</database>
    </source>
    <size>
        <width>224</width>
        <height>224</height>
        <depth>3</depth>
    </size>
    <segmented>0</segmented>
    <object>
    <name>3</name>
    <pose>Unspecified</pose>
    <truncated>0</truncated>
    <difficult>0</difficult>
    <bndbox>
        <xmin>29.454545454545457</xmin>
        <ymin>94.54545454545455</ymin>
        <xmax>99.75757575757576</xmax>
        <ymax>168.96969696969697</ymax>
    </bndbox>
</object><object>
    <name>4</name>
    <pose>Unspecified</pose>
    <truncated>0</truncated>
    <difficult>0</difficult>
    <bndbox>
        <xmin>143.63636363636365</xmin>
        <ymin>94.54545454545455</ymin>
        <xmax>217.09090909090912</xmax>
        <ymax>163.63636363636363</ymax>
    </bndbox>
</object>
</annotation>
