<annotation verified="yes">
    <folder>Annotation</folder>
    <filename>170.jpg</filename>
    <path>train-PascalVOC-export/Annotations/170.jpg</path>
    <source>
        <database>Unknown</database>
    </source>
    <size>
        <width>224</width>
        <height>224</height>
        <depth>3</depth>
    </size>
    <segmented>0</segmented>
    <object>
    <name>4</name>
    <pose>Unspecified</pose>
    <truncated>0</truncated>
    <difficult>0</difficult>
    <bndbox>
        <xmin>57.93939393939394</xmin>
        <ymin>62.303030303030305</ymin>
        <xmax>132.36363636363637</xmax>
        <ymax>125.33333333333334</ymax>
    </bndbox>
</object>
</annotation>
