<annotation verified="yes">
    <folder>Annotation</folder>
    <filename>171.jpg</filename>
    <path>train-PascalVOC-export/Annotations/171.jpg</path>
    <source>
        <database>Unknown</database>
    </source>
    <size>
        <width>224</width>
        <height>224</height>
        <depth>3</depth>
    </size>
    <segmented>0</segmented>
    <object>
    <name>4</name>
    <pose>Unspecified</pose>
    <truncated>0</truncated>
    <difficult>0</difficult>
    <bndbox>
        <xmin>68.96969696969697</xmin>
        <ymin>62.78787878787879</ymin>
        <xmax>145.93939393939394</xmax>
        <ymax>132.36363636363637</ymax>
    </bndbox>
</object>
</annotation>
