<annotation verified="yes">
    <folder>Annotation</folder>
    <filename>172.jpg</filename>
    <path>train-PascalVOC-export/Annotations/172.jpg</path>
    <source>
        <database>Unknown</database>
    </source>
    <size>
        <width>224</width>
        <height>224</height>
        <depth>3</depth>
    </size>
    <segmented>0</segmented>
    <object>
    <name>4</name>
    <pose>Unspecified</pose>
    <truncated>0</truncated>
    <difficult>0</difficult>
    <bndbox>
        <xmin>61.21212121212121</xmin>
        <ymin>61.333333333333336</ymin>
        <xmax>130.42424242424244</xmax>
        <ymax>124.36363636363637</ymax>
    </bndbox>
</object>
</annotation>
