<annotation verified="yes">
    <folder>Annotation</folder>
    <filename>173.jpg</filename>
    <path>train-PascalVOC-export/Annotations/173.jpg</path>
    <source>
        <database>Unknown</database>
    </source>
    <size>
        <width>224</width>
        <height>224</height>
        <depth>3</depth>
    </size>
    <segmented>0</segmented>
    <object>
    <name>4</name>
    <pose>Unspecified</pose>
    <truncated>0</truncated>
    <difficult>0</difficult>
    <bndbox>
        <xmin>143.15151515151516</xmin>
        <ymin>75.15151515151516</ymin>
        <xmax>216.24242424242425</xmax>
        <ymax>136.4848484848485</ymax>
    </bndbox>
</object><object>
    <name>3</name>
    <pose>Unspecified</pose>
    <truncated>0</truncated>
    <difficult>0</difficult>
    <bndbox>
        <xmin>27.87878787878788</xmin>
        <ymin>130.9090909090909</ymin>
        <xmax>110.54545454545455</xmax>
        <ymax>211.15151515151516</ymax>
    </bndbox>
</object>
</annotation>
