<annotation verified="yes">
    <folder>Annotation</folder>
    <filename>174.jpg</filename>
    <path>train-PascalVOC-export/Annotations/174.jpg</path>
    <source>
        <database>Unknown</database>
    </source>
    <size>
        <width>224</width>
        <height>224</height>
        <depth>3</depth>
    </size>
    <segmented>0</segmented>
    <object>
    <name>3</name>
    <pose>Unspecified</pose>
    <truncated>0</truncated>
    <difficult>0</difficult>
    <bndbox>
        <xmin>33.21212121212121</xmin>
        <ymin>112</ymin>
        <xmax>113.33333333333334</xmax>
        <ymax>194.1818181818182</ymax>
    </bndbox>
</object><object>
    <name>4</name>
    <pose>Unspecified</pose>
    <truncated>0</truncated>
    <difficult>0</difficult>
    <bndbox>
        <xmin>152.12121212121215</xmin>
        <ymin>59.636363636363654</ymin>
        <xmax>223.75757575757575</xmax>
        <ymax>123.15151515151517</ymax>
    </bndbox>
</object>
</annotation>
