<annotation verified="yes">
    <folder>Annotation</folder>
    <filename>175.jpg</filename>
    <path>train-PascalVOC-export/Annotations/175.jpg</path>
    <source>
        <database>Unknown</database>
    </source>
    <size>
        <width>224</width>
        <height>224</height>
        <depth>3</depth>
    </size>
    <segmented>0</segmented>
    <object>
    <name>4</name>
    <pose>Unspecified</pose>
    <truncated>0</truncated>
    <difficult>0</difficult>
    <bndbox>
        <xmin>160.60606060606065</xmin>
        <ymin>50.18181818181818</ymin>
        <xmax>224.00000000000003</xmax>
        <ymax>116.6060606060606</ymax>
    </bndbox>
</object><object>
    <name>3</name>
    <pose>Unspecified</pose>
    <truncated>0</truncated>
    <difficult>0</difficult>
    <bndbox>
        <xmin>40.72727272727273</xmin>
        <ymin>105.93939393939394</ymin>
        <xmax>128.4848484848485</xmax>
        <ymax>185.93939393939394</ymax>
    </bndbox>
</object>
</annotation>
