<annotation verified="yes">
    <folder>Annotation</folder>
    <filename>176.jpg</filename>
    <path>train-PascalVOC-export/Annotations/176.jpg</path>
    <source>
        <database>Unknown</database>
    </source>
    <size>
        <width>224</width>
        <height>224</height>
        <depth>3</depth>
    </size>
    <segmented>0</segmented>
    <object>
    <name>4</name>
    <pose>Unspecified</pose>
    <truncated>0</truncated>
    <difficult>0</difficult>
    <bndbox>
        <xmin>150.9090909090909</xmin>
        <ymin>41.21212121212121</ymin>
        <xmax>220.12121212121212</xmax>
        <ymax>111.75757575757575</ymax>
    </bndbox>
</object><object>
    <name>3</name>
    <pose>Unspecified</pose>
    <truncated>0</truncated>
    <difficult>0</difficult>
    <bndbox>
        <xmin>32</xmin>
        <ymin>93.33333333333334</ymin>
        <xmax>115.27272727272731</xmax>
        <ymax>178.90909090909093</ymax>
    </bndbox>
</object>
</annotation>
