<annotation verified="yes">
    <folder>Annotation</folder>
    <filename>177.jpg</filename>
    <path>train-PascalVOC-export/Annotations/177.jpg</path>
    <source>
        <database>Unknown</database>
    </source>
    <size>
        <width>224</width>
        <height>224</height>
        <depth>3</depth>
    </size>
    <segmented>0</segmented>
    <object>
    <name>4</name>
    <pose>Unspecified</pose>
    <truncated>0</truncated>
    <difficult>0</difficult>
    <bndbox>
        <xmin>166.42424242424244</xmin>
        <ymin>40</ymin>
        <xmax>224</xmax>
        <ymax>106.18181818181819</ymax>
    </bndbox>
</object><object>
    <name>3</name>
    <pose>Unspecified</pose>
    <truncated>0</truncated>
    <difficult>0</difficult>
    <bndbox>
        <xmin>35.15151515151516</xmin>
        <ymin>81.93939393939394</ymin>
        <xmax>124.36363636363637</xmax>
        <ymax>160.4848484848485</ymax>
    </bndbox>
</object>
</annotation>
