<annotation verified="yes">
    <folder>Annotation</folder>
    <filename>178.jpg</filename>
    <path>train-PascalVOC-export/Annotations/178.jpg</path>
    <source>
        <database>Unknown</database>
    </source>
    <size>
        <width>224</width>
        <height>224</height>
        <depth>3</depth>
    </size>
    <segmented>0</segmented>
    <object>
    <name>3</name>
    <pose>Unspecified</pose>
    <truncated>0</truncated>
    <difficult>0</difficult>
    <bndbox>
        <xmin>58.303030303030305</xmin>
        <ymin>74.66666666666667</ymin>
        <xmax>111.63636363636364</xmax>
        <ymax>158.7878787878788</ymax>
    </bndbox>
</object><object>
    <name>4</name>
    <pose>Unspecified</pose>
    <truncated>0</truncated>
    <difficult>0</difficult>
    <bndbox>
        <xmin>175.63636363636365</xmin>
        <ymin>32.24242424242424</ymin>
        <xmax>221.93939393939397</xmax>
        <ymax>95.75757575757575</ymax>
    </bndbox>
</object>
</annotation>
