<annotation verified="yes">
    <folder>Annotation</folder>
    <filename>179.jpg</filename>
    <path>train-PascalVOC-export/Annotations/179.jpg</path>
    <source>
        <database>Unknown</database>
    </source>
    <size>
        <width>224</width>
        <height>224</height>
        <depth>3</depth>
    </size>
    <segmented>0</segmented>
    <object>
    <name>4</name>
    <pose>Unspecified</pose>
    <truncated>0</truncated>
    <difficult>0</difficult>
    <bndbox>
        <xmin>170.78787878787878</xmin>
        <ymin>38.06060606060606</ymin>
        <xmax>220.24242424242425</xmax>
        <ymax>98.42424242424244</ymax>
    </bndbox>
</object><object>
    <name>3</name>
    <pose>Unspecified</pose>
    <truncated>0</truncated>
    <difficult>0</difficult>
    <bndbox>
        <xmin>44.484848484848484</xmin>
        <ymin>82.42424242424242</ymin>
        <xmax>119.15151515151516</xmax>
        <ymax>146.66666666666669</ymax>
    </bndbox>
</object>
</annotation>
