<annotation verified="yes">
    <folder>Annotation</folder>
    <filename>18.jpg</filename>
    <path>train-PascalVOC-export/Annotations/18.jpg</path>
    <source>
        <database>Unknown</database>
    </source>
    <size>
        <width>224</width>
        <height>224</height>
        <depth>3</depth>
    </size>
    <segmented>0</segmented>
    <object>
    <name>3</name>
    <pose>Unspecified</pose>
    <truncated>0</truncated>
    <difficult>0</difficult>
    <bndbox>
        <xmin>57.45454545454545</xmin>
        <ymin>87.03030303030303</ymin>
        <xmax>162.3030303030303</xmax>
        <ymax>187.63636363636363</ymax>
    </bndbox>
</object>
</annotation>
