<annotation verified="yes">
    <folder>Annotation</folder>
    <filename>180.jpg</filename>
    <path>train-PascalVOC-export/Annotations/180.jpg</path>
    <source>
        <database>Unknown</database>
    </source>
    <size>
        <width>224</width>
        <height>224</height>
        <depth>3</depth>
    </size>
    <segmented>0</segmented>
    <object>
    <name>3</name>
    <pose>Unspecified</pose>
    <truncated>0</truncated>
    <difficult>0</difficult>
    <bndbox>
        <xmin>44.24242424242424</xmin>
        <ymin>70.54545454545455</ymin>
        <xmax>114.06060606060606</xmax>
        <ymax>149.8181818181818</ymax>
    </bndbox>
</object><object>
    <name>4</name>
    <pose>Unspecified</pose>
    <truncated>0</truncated>
    <difficult>0</difficult>
    <bndbox>
        <xmin>167.15151515151516</xmin>
        <ymin>31.757575757575758</ymin>
        <xmax>216.60606060606062</xmax>
        <ymax>95.03030303030303</ymax>
    </bndbox>
</object>
</annotation>
