<annotation verified="yes">
    <folder>Annotation</folder>
    <filename>181.jpg</filename>
    <path>train-PascalVOC-export/Annotations/181.jpg</path>
    <source>
        <database>Unknown</database>
    </source>
    <size>
        <width>224</width>
        <height>224</height>
        <depth>3</depth>
    </size>
    <segmented>0</segmented>
    <object>
    <name>4</name>
    <pose>Unspecified</pose>
    <truncated>0</truncated>
    <difficult>0</difficult>
    <bndbox>
        <xmin>164</xmin>
        <ymin>15.030303030303031</ymin>
        <xmax>212.72727272727272</xmax>
        <ymax>86.06060606060606</ymax>
    </bndbox>
</object><object>
    <name>3</name>
    <pose>Unspecified</pose>
    <truncated>0</truncated>
    <difficult>0</difficult>
    <bndbox>
        <xmin>36.72727272727273</xmin>
        <ymin>57.21212121212121</ymin>
        <xmax>113.57575757575756</xmax>
        <ymax>131.63636363636363</ymax>
    </bndbox>
</object>
</annotation>
