<annotation verified="yes">
    <folder>Annotation</folder>
    <filename>182.jpg</filename>
    <path>train-PascalVOC-export/Annotations/182.jpg</path>
    <source>
        <database>Unknown</database>
    </source>
    <size>
        <width>224</width>
        <height>224</height>
        <depth>3</depth>
    </size>
    <segmented>0</segmented>
    <object>
    <name>4</name>
    <pose>Unspecified</pose>
    <truncated>0</truncated>
    <difficult>0</difficult>
    <bndbox>
        <xmin>163.03030303030303</xmin>
        <ymin>20.606060606060606</ymin>
        <xmax>224</xmax>
        <ymax>99.3939393939394</ymax>
    </bndbox>
</object><object>
    <name>3</name>
    <pose>Unspecified</pose>
    <truncated>0</truncated>
    <difficult>0</difficult>
    <bndbox>
        <xmin>36.96969696969697</xmin>
        <ymin>61.81818181818182</ymin>
        <xmax>121.33333333333333</xmax>
        <ymax>152.72727272727272</ymax>
    </bndbox>
</object>
</annotation>
