<annotation verified="yes">
    <folder>Annotation</folder>
    <filename>183.jpg</filename>
    <path>train-PascalVOC-export/Annotations/183.jpg</path>
    <source>
        <database>Unknown</database>
    </source>
    <size>
        <width>224</width>
        <height>224</height>
        <depth>3</depth>
    </size>
    <segmented>0</segmented>
    <object>
    <name>4</name>
    <pose>Unspecified</pose>
    <truncated>0</truncated>
    <difficult>0</difficult>
    <bndbox>
        <xmin>162.78787878787878</xmin>
        <ymin>0.7272727272727273</ymin>
        <xmax>224</xmax>
        <ymax>64.96969696969698</ymax>
    </bndbox>
</object><object>
    <name>3</name>
    <pose>Unspecified</pose>
    <truncated>0</truncated>
    <difficult>0</difficult>
    <bndbox>
        <xmin>34.06060606060606</xmin>
        <ymin>38.303030303030305</ymin>
        <xmax>117.45454545454545</xmax>
        <ymax>120.4848484848485</ymax>
    </bndbox>
</object>
</annotation>
