<annotation verified="yes">
    <folder>Annotation</folder>
    <filename>184.jpg</filename>
    <path>train-PascalVOC-export/Annotations/184.jpg</path>
    <source>
        <database>Unknown</database>
    </source>
    <size>
        <width>224</width>
        <height>224</height>
        <depth>3</depth>
    </size>
    <segmented>0</segmented>
    <object>
    <name>3</name>
    <pose>Unspecified</pose>
    <truncated>0</truncated>
    <difficult>0</difficult>
    <bndbox>
        <xmin>33.81818181818182</xmin>
        <ymin>51.63636363636364</ymin>
        <xmax>116.4848484848485</xmax>
        <ymax>130.66666666666669</ymax>
    </bndbox>
</object><object>
    <name>4</name>
    <pose>Unspecified</pose>
    <truncated>0</truncated>
    <difficult>0</difficult>
    <bndbox>
        <xmin>156.24242424242425</xmin>
        <ymin>13.818181818181818</ymin>
        <xmax>224</xmax>
        <ymax>79.51515151515152</ymax>
    </bndbox>
</object>
</annotation>
