<annotation verified="yes">
    <folder>Annotation</folder>
    <filename>185.jpg</filename>
    <path>train-PascalVOC-export/Annotations/185.jpg</path>
    <source>
        <database>Unknown</database>
    </source>
    <size>
        <width>224</width>
        <height>224</height>
        <depth>3</depth>
    </size>
    <segmented>0</segmented>
    <object>
    <name>4</name>
    <pose>Unspecified</pose>
    <truncated>0</truncated>
    <difficult>0</difficult>
    <bndbox>
        <xmin>165.45454545454547</xmin>
        <ymin>3.393939393939394</ymin>
        <xmax>224</xmax>
        <ymax>76.12121212121212</ymax>
    </bndbox>
</object><object>
    <name>3</name>
    <pose>Unspecified</pose>
    <truncated>0</truncated>
    <difficult>0</difficult>
    <bndbox>
        <xmin>39.87878787878788</xmin>
        <ymin>45.81818181818182</ymin>
        <xmax>120.36363636363637</xmax>
        <ymax>121.93939393939394</ymax>
    </bndbox>
</object>
</annotation>
