<annotation verified="yes">
    <folder>Annotation</folder>
    <filename>186.jpg</filename>
    <path>train-PascalVOC-export/Annotations/186.jpg</path>
    <source>
        <database>Unknown</database>
    </source>
    <size>
        <width>224</width>
        <height>224</height>
        <depth>3</depth>
    </size>
    <segmented>0</segmented>
    <object>
    <name>3</name>
    <pose>Unspecified</pose>
    <truncated>0</truncated>
    <difficult>0</difficult>
    <bndbox>
        <xmin>114.30303030303034</xmin>
        <ymin>85.0909090909091</ymin>
        <xmax>197.33333333333334</xmax>
        <ymax>167.27272727272728</ymax>
    </bndbox>
</object>
</annotation>
