<annotation verified="yes">
    <folder>Annotation</folder>
    <filename>187.jpg</filename>
    <path>train-PascalVOC-export/Annotations/187.jpg</path>
    <source>
        <database>Unknown</database>
    </source>
    <size>
        <width>224</width>
        <height>224</height>
        <depth>3</depth>
    </size>
    <segmented>0</segmented>
    <object>
    <name>3</name>
    <pose>Unspecified</pose>
    <truncated>0</truncated>
    <difficult>0</difficult>
    <bndbox>
        <xmin>100.24242424242425</xmin>
        <ymin>52.121212121212125</ymin>
        <xmax>183.15151515151516</xmax>
        <ymax>134.06060606060606</ymax>
    </bndbox>
</object>
</annotation>
