<annotation verified="yes">
    <folder>Annotation</folder>
    <filename>188.jpg</filename>
    <path>train-PascalVOC-export/Annotations/188.jpg</path>
    <source>
        <database>Unknown</database>
    </source>
    <size>
        <width>224</width>
        <height>224</height>
        <depth>3</depth>
    </size>
    <segmented>0</segmented>
    <object>
    <name>3</name>
    <pose>Unspecified</pose>
    <truncated>0</truncated>
    <difficult>0</difficult>
    <bndbox>
        <xmin>92.96969696969697</xmin>
        <ymin>33.45454545454545</ymin>
        <xmax>175.39393939393938</xmax>
        <ymax>114.9090909090909</ymax>
    </bndbox>
</object>
</annotation>
