<annotation verified="yes">
    <folder>Annotation</folder>
    <filename>189.jpg</filename>
    <path>train-PascalVOC-export/Annotations/189.jpg</path>
    <source>
        <database>Unknown</database>
    </source>
    <size>
        <width>224</width>
        <height>224</height>
        <depth>3</depth>
    </size>
    <segmented>0</segmented>
    <object>
    <name>3</name>
    <pose>Unspecified</pose>
    <truncated>0</truncated>
    <difficult>0</difficult>
    <bndbox>
        <xmin>87.63636363636364</xmin>
        <ymin>42.42424242424242</ymin>
        <xmax>170.54545454545456</xmax>
        <ymax>122.18181818181819</ymax>
    </bndbox>
</object>
</annotation>
