<annotation verified="yes">
    <folder>Annotation</folder>
    <filename>19.jpg</filename>
    <path>train-PascalVOC-export/Annotations/19.jpg</path>
    <source>
        <database>Unknown</database>
    </source>
    <size>
        <width>224</width>
        <height>224</height>
        <depth>3</depth>
    </size>
    <segmented>0</segmented>
    <object>
    <name>3</name>
    <pose>Unspecified</pose>
    <truncated>0</truncated>
    <difficult>0</difficult>
    <bndbox>
        <xmin>73.57575757575758</xmin>
        <ymin>82.18181818181819</ymin>
        <xmax>169.8181818181818</xmax>
        <ymax>187.87878787878788</ymax>
    </bndbox>
</object>
</annotation>
