<annotation verified="yes">
    <folder>Annotation</folder>
    <filename>190.jpg</filename>
    <path>train-PascalVOC-export/Annotations/190.jpg</path>
    <source>
        <database>Unknown</database>
    </source>
    <size>
        <width>224</width>
        <height>224</height>
        <depth>3</depth>
    </size>
    <segmented>0</segmented>
    <object>
    <name>3</name>
    <pose>Unspecified</pose>
    <truncated>0</truncated>
    <difficult>0</difficult>
    <bndbox>
        <xmin>97.57575757575758</xmin>
        <ymin>50.909090909090914</ymin>
        <xmax>187.27272727272728</xmax>
        <ymax>136.72727272727275</ymax>
    </bndbox>
</object>
</annotation>
