<annotation verified="yes">
    <folder>Annotation</folder>
    <filename>191.jpg</filename>
    <path>train-PascalVOC-export/Annotations/191.jpg</path>
    <source>
        <database>Unknown</database>
    </source>
    <size>
        <width>224</width>
        <height>224</height>
        <depth>3</depth>
    </size>
    <segmented>0</segmented>
    <object>
    <name>3</name>
    <pose>Unspecified</pose>
    <truncated>0</truncated>
    <difficult>0</difficult>
    <bndbox>
        <xmin>100.72727272727273</xmin>
        <ymin>45.09090909090909</ymin>
        <xmax>187.27272727272728</xmax>
        <ymax>126.06060606060606</ymax>
    </bndbox>
</object>
</annotation>
