<annotation verified="yes">
    <folder>Annotation</folder>
    <filename>192.jpg</filename>
    <path>train-PascalVOC-export/Annotations/192.jpg</path>
    <source>
        <database>Unknown</database>
    </source>
    <size>
        <width>224</width>
        <height>224</height>
        <depth>3</depth>
    </size>
    <segmented>0</segmented>
    <object>
    <name>3</name>
    <pose>Unspecified</pose>
    <truncated>0</truncated>
    <difficult>0</difficult>
    <bndbox>
        <xmin>87.87878787878788</xmin>
        <ymin>26.90909090909091</ymin>
        <xmax>175.87878787878788</xmax>
        <ymax>105.93939393939394</ymax>
    </bndbox>
</object>
</annotation>
