<annotation verified="yes">
    <folder>Annotation</folder>
    <filename>193.jpg</filename>
    <path>train-PascalVOC-export/Annotations/193.jpg</path>
    <source>
        <database>Unknown</database>
    </source>
    <size>
        <width>224</width>
        <height>224</height>
        <depth>3</depth>
    </size>
    <segmented>0</segmented>
    <object>
    <name>3</name>
    <pose>Unspecified</pose>
    <truncated>0</truncated>
    <difficult>0</difficult>
    <bndbox>
        <xmin>92.72727272727273</xmin>
        <ymin>30.303030303030305</ymin>
        <xmax>173.6969696969697</xmax>
        <ymax>112.96969696969697</ymax>
    </bndbox>
</object>
</annotation>
