<annotation verified="yes">
    <folder>Annotation</folder>
    <filename>194.jpg</filename>
    <path>train-PascalVOC-export/Annotations/194.jpg</path>
    <source>
        <database>Unknown</database>
    </source>
    <size>
        <width>224</width>
        <height>224</height>
        <depth>3</depth>
    </size>
    <segmented>0</segmented>
    <object>
    <name>3</name>
    <pose>Unspecified</pose>
    <truncated>0</truncated>
    <difficult>0</difficult>
    <bndbox>
        <xmin>99.03030303030303</xmin>
        <ymin>39.03030303030303</ymin>
        <xmax>184.72727272727275</xmax>
        <ymax>120</ymax>
    </bndbox>
</object>
</annotation>
