<annotation verified="yes">
    <folder>Annotation</folder>
    <filename>195.jpg</filename>
    <path>train-PascalVOC-export/Annotations/195.jpg</path>
    <source>
        <database>Unknown</database>
    </source>
    <size>
        <width>224</width>
        <height>224</height>
        <depth>3</depth>
    </size>
    <segmented>0</segmented>
    <object>
    <name>3</name>
    <pose>Unspecified</pose>
    <truncated>0</truncated>
    <difficult>0</difficult>
    <bndbox>
        <xmin>90.30303030303031</xmin>
        <ymin>31.03030303030303</ymin>
        <xmax>175.15151515151516</xmax>
        <ymax>110.7878787878788</ymax>
    </bndbox>
</object>
</annotation>
