<annotation verified="yes">
    <folder>Annotation</folder>
    <filename>196.jpg</filename>
    <path>train-PascalVOC-export/Annotations/196.jpg</path>
    <source>
        <database>Unknown</database>
    </source>
    <size>
        <width>224</width>
        <height>224</height>
        <depth>3</depth>
    </size>
    <segmented>0</segmented>
    <object>
    <name>3</name>
    <pose>Unspecified</pose>
    <truncated>0</truncated>
    <difficult>0</difficult>
    <bndbox>
        <xmin>91.03030303030303</xmin>
        <ymin>37.57575757575758</ymin>
        <xmax>173.6969696969697</xmax>
        <ymax>117.81818181818183</ymax>
    </bndbox>
</object>
</annotation>
