<annotation verified="yes">
    <folder>Annotation</folder>
    <filename>197.jpg</filename>
    <path>train-PascalVOC-export/Annotations/197.jpg</path>
    <source>
        <database>Unknown</database>
    </source>
    <size>
        <width>224</width>
        <height>224</height>
        <depth>3</depth>
    </size>
    <segmented>0</segmented>
    <object>
    <name>3</name>
    <pose>Unspecified</pose>
    <truncated>0</truncated>
    <difficult>0</difficult>
    <bndbox>
        <xmin>94.42424242424242</xmin>
        <ymin>18.666666666666668</ymin>
        <xmax>176.60606060606062</xmax>
        <ymax>98.66666666666667</ymax>
    </bndbox>
</object>
</annotation>
