<annotation verified="yes">
    <folder>Annotation</folder>
    <filename>198.jpg</filename>
    <path>train-PascalVOC-export/Annotations/198.jpg</path>
    <source>
        <database>Unknown</database>
    </source>
    <size>
        <width>224</width>
        <height>224</height>
        <depth>3</depth>
    </size>
    <segmented>0</segmented>
    <object>
    <name>3</name>
    <pose>Unspecified</pose>
    <truncated>0</truncated>
    <difficult>0</difficult>
    <bndbox>
        <xmin>85.6969696969697</xmin>
        <ymin>31.03030303030303</ymin>
        <xmax>166.42424242424244</xmax>
        <ymax>111.03030303030303</ymax>
    </bndbox>
</object>
</annotation>
