<annotation verified="yes">
    <folder>Annotation</folder>
    <filename>199.jpg</filename>
    <path>train-PascalVOC-export/Annotations/199.jpg</path>
    <source>
        <database>Unknown</database>
    </source>
    <size>
        <width>224</width>
        <height>224</height>
        <depth>3</depth>
    </size>
    <segmented>0</segmented>
    <object>
    <name>3</name>
    <pose>Unspecified</pose>
    <truncated>0</truncated>
    <difficult>0</difficult>
    <bndbox>
        <xmin>153.33333333333334</xmin>
        <ymin>48.484848484848484</ymin>
        <xmax>224</xmax>
        <ymax>126.54545454545455</ymax>
    </bndbox>
</object><object>
    <name>2</name>
    <pose>Unspecified</pose>
    <truncated>0</truncated>
    <difficult>0</difficult>
    <bndbox>
        <xmin>0</xmin>
        <ymin>72.48484848484848</ymin>
        <xmax>58.54545454545455</xmax>
        <ymax>159.03030303030303</ymax>
    </bndbox>
</object>
</annotation>
