<annotation verified="yes">
    <folder>Annotation</folder>
    <filename>2.jpg</filename>
    <path>train-PascalVOC-export/Annotations/2.jpg</path>
    <source>
        <database>Unknown</database>
    </source>
    <size>
        <width>224</width>
        <height>224</height>
        <depth>3</depth>
    </size>
    <segmented>0</segmented>
    <object>
    <name>2</name>
    <pose>Unspecified</pose>
    <truncated>0</truncated>
    <difficult>0</difficult>
    <bndbox>
        <xmin>132.96969696969697</xmin>
        <ymin>52.36363636363637</ymin>
        <xmax>212.24242424242425</xmax>
        <ymax>136.72727272727272</ymax>
    </bndbox>
</object><object>
    <name>1</name>
    <pose>Unspecified</pose>
    <truncated>0</truncated>
    <difficult>0</difficult>
    <bndbox>
        <xmin>21.21212121212121</xmin>
        <ymin>57.696969696969695</ymin>
        <xmax>57.57575757575758</xmax>
        <ymax>138.42424242424244</ymax>
    </bndbox>
</object>
</annotation>
