<annotation verified="yes">
    <folder>Annotation</folder>
    <filename>20.jpg</filename>
    <path>train-PascalVOC-export/Annotations/20.jpg</path>
    <source>
        <database>Unknown</database>
    </source>
    <size>
        <width>224</width>
        <height>224</height>
        <depth>3</depth>
    </size>
    <segmented>0</segmented>
    <object>
    <name>3</name>
    <pose>Unspecified</pose>
    <truncated>0</truncated>
    <difficult>0</difficult>
    <bndbox>
        <xmin>76.48484848484848</xmin>
        <ymin>64.72727272727273</ymin>
        <xmax>171.5151515151515</xmax>
        <ymax>166.06060606060606</ymax>
    </bndbox>
</object>
</annotation>
