<annotation verified="yes">
    <folder>Annotation</folder>
    <filename>200.jpg</filename>
    <path>train-PascalVOC-export/Annotations/200.jpg</path>
    <source>
        <database>Unknown</database>
    </source>
    <size>
        <width>224</width>
        <height>224</height>
        <depth>3</depth>
    </size>
    <segmented>0</segmented>
    <object>
    <name>3</name>
    <pose>Unspecified</pose>
    <truncated>0</truncated>
    <difficult>0</difficult>
    <bndbox>
        <xmin>120.60606060606061</xmin>
        <ymin>43.3939393939394</ymin>
        <xmax>205.93939393939394</xmax>
        <ymax>125.33333333333334</ymax>
    </bndbox>
</object>
</annotation>
