<annotation verified="yes">
    <folder>Annotation</folder>
    <filename>201.jpg</filename>
    <path>train-PascalVOC-export/Annotations/201.jpg</path>
    <source>
        <database>Unknown</database>
    </source>
    <size>
        <width>224</width>
        <height>224</height>
        <depth>3</depth>
    </size>
    <segmented>0</segmented>
    <object>
    <name>3</name>
    <pose>Unspecified</pose>
    <truncated>0</truncated>
    <difficult>0</difficult>
    <bndbox>
        <xmin>127.39393939393939</xmin>
        <ymin>52.84848484848485</ymin>
        <xmax>210.54545454545456</xmax>
        <ymax>140.36363636363637</ymax>
    </bndbox>
</object>
</annotation>
