<annotation verified="yes">
    <folder>Annotation</folder>
    <filename>202.jpg</filename>
    <path>train-PascalVOC-export/Annotations/202.jpg</path>
    <source>
        <database>Unknown</database>
    </source>
    <size>
        <width>224</width>
        <height>224</height>
        <depth>3</depth>
    </size>
    <segmented>0</segmented>
    <object>
    <name>3</name>
    <pose>Unspecified</pose>
    <truncated>0</truncated>
    <difficult>0</difficult>
    <bndbox>
        <xmin>122.7878787878788</xmin>
        <ymin>51.151515151515156</ymin>
        <xmax>206.90909090909093</xmax>
        <ymax>133.57575757575756</ymax>
    </bndbox>
</object>
</annotation>
