<annotation verified="yes">
    <folder>Annotation</folder>
    <filename>203.jpg</filename>
    <path>train-PascalVOC-export/Annotations/203.jpg</path>
    <source>
        <database>Unknown</database>
    </source>
    <size>
        <width>224</width>
        <height>224</height>
        <depth>3</depth>
    </size>
    <segmented>0</segmented>
    <object>
    <name>3</name>
    <pose>Unspecified</pose>
    <truncated>0</truncated>
    <difficult>0</difficult>
    <bndbox>
        <xmin>124.96969696969697</xmin>
        <ymin>49.93939393939394</ymin>
        <xmax>204.72727272727275</xmax>
        <ymax>140.60606060606062</ymax>
    </bndbox>
</object>
</annotation>
