<annotation verified="yes">
    <folder>Annotation</folder>
    <filename>204.jpg</filename>
    <path>train-PascalVOC-export/Annotations/204.jpg</path>
    <source>
        <database>Unknown</database>
    </source>
    <size>
        <width>224</width>
        <height>224</height>
        <depth>3</depth>
    </size>
    <segmented>0</segmented>
    <object>
    <name>3</name>
    <pose>Unspecified</pose>
    <truncated>0</truncated>
    <difficult>0</difficult>
    <bndbox>
        <xmin>122.30303030303031</xmin>
        <ymin>45.57575757575758</ymin>
        <xmax>207.63636363636365</xmax>
        <ymax>131.3939393939394</ymax>
    </bndbox>
</object>
</annotation>
