<annotation verified="yes">
    <folder>Annotation</folder>
    <filename>205.jpg</filename>
    <path>train-PascalVOC-export/Annotations/205.jpg</path>
    <source>
        <database>Unknown</database>
    </source>
    <size>
        <width>224</width>
        <height>224</height>
        <depth>3</depth>
    </size>
    <segmented>0</segmented>
    <object>
    <name>3</name>
    <pose>Unspecified</pose>
    <truncated>0</truncated>
    <difficult>0</difficult>
    <bndbox>
        <xmin>121.0909090909091</xmin>
        <ymin>52.121212121212125</ymin>
        <xmax>211.75757575757575</xmax>
        <ymax>139.3939393939394</ymax>
    </bndbox>
</object>
</annotation>
