<annotation verified="yes">
    <folder>Annotation</folder>
    <filename>206.jpg</filename>
    <path>train-PascalVOC-export/Annotations/206.jpg</path>
    <source>
        <database>Unknown</database>
    </source>
    <size>
        <width>224</width>
        <height>224</height>
        <depth>3</depth>
    </size>
    <segmented>0</segmented>
    <object>
    <name>2</name>
    <pose>Unspecified</pose>
    <truncated>0</truncated>
    <difficult>0</difficult>
    <bndbox>
        <xmin>7.393939393939395</xmin>
        <ymin>80.96969696969697</ymin>
        <xmax>96.96969696969697</xmax>
        <ymax>181.0909090909091</ymax>
    </bndbox>
</object>
</annotation>
