<annotation verified="yes">
    <folder>Annotation</folder>
    <filename>207.jpg</filename>
    <path>train-PascalVOC-export/Annotations/207.jpg</path>
    <source>
        <database>Unknown</database>
    </source>
    <size>
        <width>224</width>
        <height>224</height>
        <depth>3</depth>
    </size>
    <segmented>0</segmented>
    <object>
    <name>2</name>
    <pose>Unspecified</pose>
    <truncated>0</truncated>
    <difficult>0</difficult>
    <bndbox>
        <xmin>4</xmin>
        <ymin>90.42424242424242</ymin>
        <xmax>87.39393939393939</xmax>
        <ymax>181.8181818181818</ymax>
    </bndbox>
</object>
</annotation>
