<annotation verified="yes">
    <folder>Annotation</folder>
    <filename>208.jpg</filename>
    <path>train-PascalVOC-export/Annotations/208.jpg</path>
    <source>
        <database>Unknown</database>
    </source>
    <size>
        <width>224</width>
        <height>224</height>
        <depth>3</depth>
    </size>
    <segmented>0</segmented>
    <object>
    <name>2</name>
    <pose>Unspecified</pose>
    <truncated>0</truncated>
    <difficult>0</difficult>
    <bndbox>
        <xmin>5.696969696969697</xmin>
        <ymin>89.45454545454545</ymin>
        <xmax>89.81818181818183</xmax>
        <ymax>181.0909090909091</ymax>
    </bndbox>
</object>
</annotation>
