<annotation verified="yes">
    <folder>Annotation</folder>
    <filename>209.jpg</filename>
    <path>train-PascalVOC-export/Annotations/209.jpg</path>
    <source>
        <database>Unknown</database>
    </source>
    <size>
        <width>224</width>
        <height>224</height>
        <depth>3</depth>
    </size>
    <segmented>0</segmented>
    <object>
    <name>2</name>
    <pose>Unspecified</pose>
    <truncated>0</truncated>
    <difficult>0</difficult>
    <bndbox>
        <xmin>8.606060606060606</xmin>
        <ymin>86.06060606060606</ymin>
        <xmax>99.03030303030303</xmax>
        <ymax>180.60606060606062</ymax>
    </bndbox>
</object>
</annotation>
