<annotation verified="yes">
    <folder>Annotation</folder>
    <filename>21.jpg</filename>
    <path>train-PascalVOC-export/Annotations/21.jpg</path>
    <source>
        <database>Unknown</database>
    </source>
    <size>
        <width>224</width>
        <height>224</height>
        <depth>3</depth>
    </size>
    <segmented>0</segmented>
    <object>
    <name>4</name>
    <pose>Unspecified</pose>
    <truncated>0</truncated>
    <difficult>0</difficult>
    <bndbox>
        <xmin>68.72727272727273</xmin>
        <ymin>46.54545454545455</ymin>
        <xmax>159.15151515151516</xmax>
        <ymax>132.84848484848487</ymax>
    </bndbox>
</object>
</annotation>
