<annotation verified="yes">
    <folder>Annotation</folder>
    <filename>210.jpg</filename>
    <path>train-PascalVOC-export/Annotations/210.jpg</path>
    <source>
        <database>Unknown</database>
    </source>
    <size>
        <width>224</width>
        <height>224</height>
        <depth>3</depth>
    </size>
    <segmented>0</segmented>
    <object>
    <name>2</name>
    <pose>Unspecified</pose>
    <truncated>0</truncated>
    <difficult>0</difficult>
    <bndbox>
        <xmin>12.363636363636363</xmin>
        <ymin>83.87878787878788</ymin>
        <xmax>101.57575757575758</xmax>
        <ymax>184.24242424242425</ymax>
    </bndbox>
</object>
</annotation>
