<annotation verified="yes">
    <folder>Annotation</folder>
    <filename>211.jpg</filename>
    <path>train-PascalVOC-export/Annotations/211.jpg</path>
    <source>
        <database>Unknown</database>
    </source>
    <size>
        <width>224</width>
        <height>224</height>
        <depth>3</depth>
    </size>
    <segmented>0</segmented>
    <object>
    <name>2</name>
    <pose>Unspecified</pose>
    <truncated>0</truncated>
    <difficult>0</difficult>
    <bndbox>
        <xmin>8.606060606060606</xmin>
        <ymin>80.48484848484848</ymin>
        <xmax>95.15151515151516</xmax>
        <ymax>170.1818181818182</ymax>
    </bndbox>
</object>
</annotation>
