<annotation verified="yes">
    <folder>Annotation</folder>
    <filename>212.jpg</filename>
    <path>train-PascalVOC-export/Annotations/212.jpg</path>
    <source>
        <database>Unknown</database>
    </source>
    <size>
        <width>224</width>
        <height>224</height>
        <depth>3</depth>
    </size>
    <segmented>0</segmented>
    <object>
    <name>2</name>
    <pose>Unspecified</pose>
    <truncated>0</truncated>
    <difficult>0</difficult>
    <bndbox>
        <xmin>6.909090909090909</xmin>
        <ymin>81.45454545454545</ymin>
        <xmax>93.45454545454545</xmax>
        <ymax>166.54545454545456</ymax>
    </bndbox>
</object>
</annotation>
