<annotation verified="yes">
    <folder>Annotation</folder>
    <filename>213.jpg</filename>
    <path>train-PascalVOC-export/Annotations/213.jpg</path>
    <source>
        <database>Unknown</database>
    </source>
    <size>
        <width>224</width>
        <height>224</height>
        <depth>3</depth>
    </size>
    <segmented>0</segmented>
    <object>
    <name>2</name>
    <pose>Unspecified</pose>
    <truncated>0</truncated>
    <difficult>0</difficult>
    <bndbox>
        <xmin>10.303030303030303</xmin>
        <ymin>74.9090909090909</ymin>
        <xmax>100.96969696969697</xmax>
        <ymax>163.15151515151516</ymax>
    </bndbox>
</object>
</annotation>
