<annotation verified="yes">
    <folder>Annotation</folder>
    <filename>214.jpg</filename>
    <path>train-PascalVOC-export/Annotations/214.jpg</path>
    <source>
        <database>Unknown</database>
    </source>
    <size>
        <width>224</width>
        <height>224</height>
        <depth>3</depth>
    </size>
    <segmented>0</segmented>
    <object>
    <name>2</name>
    <pose>Unspecified</pose>
    <truncated>0</truncated>
    <difficult>0</difficult>
    <bndbox>
        <xmin>0</xmin>
        <ymin>71.75757575757576</ymin>
        <xmax>71.2727272727273</xmax>
        <ymax>162.90909090909093</ymax>
    </bndbox>
</object><object>
    <name>3</name>
    <pose>Unspecified</pose>
    <truncated>0</truncated>
    <difficult>0</difficult>
    <bndbox>
        <xmin>164</xmin>
        <ymin>63.515151515151516</ymin>
        <xmax>224</xmax>
        <ymax>152.4848484848485</ymax>
    </bndbox>
</object>
</annotation>
