<annotation verified="yes">
    <folder>Annotation</folder>
    <filename>215.jpg</filename>
    <path>train-PascalVOC-export/Annotations/215.jpg</path>
    <source>
        <database>Unknown</database>
    </source>
    <size>
        <width>224</width>
        <height>224</height>
        <depth>3</depth>
    </size>
    <segmented>0</segmented>
    <object>
    <name>3</name>
    <pose>Unspecified</pose>
    <truncated>0</truncated>
    <difficult>0</difficult>
    <bndbox>
        <xmin>154.78787878787878</xmin>
        <ymin>52.84848484848485</ymin>
        <xmax>224</xmax>
        <ymax>138.42424242424244</ymax>
    </bndbox>
</object><object>
    <name>2</name>
    <pose>Unspecified</pose>
    <truncated>0</truncated>
    <difficult>0</difficult>
    <bndbox>
        <xmin>0.8484848484848485</xmin>
        <ymin>62.54545454545455</ymin>
        <xmax>51.27272727272727</xmax>
        <ymax>156.36363636363637</ymax>
    </bndbox>
</object>
</annotation>
