<annotation verified="yes">
    <folder>Annotation</folder>
    <filename>216.jpg</filename>
    <path>train-PascalVOC-export/Annotations/216.jpg</path>
    <source>
        <database>Unknown</database>
    </source>
    <size>
        <width>224</width>
        <height>224</height>
        <depth>3</depth>
    </size>
    <segmented>0</segmented>
    <object>
    <name>3</name>
    <pose>Unspecified</pose>
    <truncated>0</truncated>
    <difficult>0</difficult>
    <bndbox>
        <xmin>153.5757575757576</xmin>
        <ymin>56.24242424242424</ymin>
        <xmax>224</xmax>
        <ymax>137.93939393939394</ymax>
    </bndbox>
</object><object>
    <name>2</name>
    <pose>Unspecified</pose>
    <truncated>0</truncated>
    <difficult>0</difficult>
    <bndbox>
        <xmin>153.5757575757576</xmin>
        <ymin>56.24242424242424</ymin>
        <xmax>224</xmax>
        <ymax>137.93939393939394</ymax>
    </bndbox>
</object><object>
    <name>2</name>
    <pose>Unspecified</pose>
    <truncated>0</truncated>
    <difficult>0</difficult>
    <bndbox>
        <xmin>0.36363636363636365</xmin>
        <ymin>65.93939393939394</ymin>
        <xmax>61.6969696969697</xmax>
        <ymax>158.54545454545456</ymax>
    </bndbox>
</object>
</annotation>
