<annotation verified="yes">
    <folder>Annotation</folder>
    <filename>217.jpg</filename>
    <path>train-PascalVOC-export/Annotations/217.jpg</path>
    <source>
        <database>Unknown</database>
    </source>
    <size>
        <width>224</width>
        <height>224</height>
        <depth>3</depth>
    </size>
    <segmented>0</segmented>
    <object>
    <name>3</name>
    <pose>Unspecified</pose>
    <truncated>0</truncated>
    <difficult>0</difficult>
    <bndbox>
        <xmin>176.12121212121212</xmin>
        <ymin>40.24242424242424</ymin>
        <xmax>224</xmax>
        <ymax>95.75757575757575</ymax>
    </bndbox>
</object><object>
    <name>2</name>
    <pose>Unspecified</pose>
    <truncated>0</truncated>
    <difficult>0</difficult>
    <bndbox>
        <xmin>28.606060606060606</xmin>
        <ymin>50.66666666666668</ymin>
        <xmax>100.72727272727273</xmax>
        <ymax>112.24242424242425</ymax>
    </bndbox>
</object>
</annotation>
