<annotation verified="yes">
    <folder>Annotation</folder>
    <filename>218.jpg</filename>
    <path>train-PascalVOC-export/Annotations/218.jpg</path>
    <source>
        <database>Unknown</database>
    </source>
    <size>
        <width>224</width>
        <height>224</height>
        <depth>3</depth>
    </size>
    <segmented>0</segmented>
    <object>
    <name>2</name>
    <pose>Unspecified</pose>
    <truncated>0</truncated>
    <difficult>0</difficult>
    <bndbox>
        <xmin>24.606060606060606</xmin>
        <ymin>45.333333333333336</ymin>
        <xmax>96.36363636363637</xmax>
        <ymax>103.27272727272728</ymax>
    </bndbox>
</object><object>
    <name>3</name>
    <pose>Unspecified</pose>
    <truncated>0</truncated>
    <difficult>0</difficult>
    <bndbox>
        <xmin>24.606060606060606</xmin>
        <ymin>45.333333333333336</ymin>
        <xmax>96.36363636363637</xmax>
        <ymax>103.27272727272728</ymax>
    </bndbox>
</object><object>
    <name>3</name>
    <pose>Unspecified</pose>
    <truncated>0</truncated>
    <difficult>0</difficult>
    <bndbox>
        <xmin>174.42424242424244</xmin>
        <ymin>36.36363636363637</ymin>
        <xmax>224</xmax>
        <ymax>87.51515151515153</ymax>
    </bndbox>
</object>
</annotation>
