<annotation verified="yes">
    <folder>Annotation</folder>
    <filename>219.jpg</filename>
    <path>train-PascalVOC-export/Annotations/219.jpg</path>
    <source>
        <database>Unknown</database>
    </source>
    <size>
        <width>224</width>
        <height>224</height>
        <depth>3</depth>
    </size>
    <segmented>0</segmented>
    <object>
    <name>3</name>
    <pose>Unspecified</pose>
    <truncated>0</truncated>
    <difficult>0</difficult>
    <bndbox>
        <xmin>174.9090909090909</xmin>
        <ymin>30.545454545454547</ymin>
        <xmax>224</xmax>
        <ymax>88</ymax>
    </bndbox>
</object><object>
    <name>2</name>
    <pose>Unspecified</pose>
    <truncated>0</truncated>
    <difficult>0</difficult>
    <bndbox>
        <xmin>25.81818181818182</xmin>
        <ymin>45.333333333333336</ymin>
        <xmax>99.75757575757575</xmax>
        <ymax>108.36363636363637</ymax>
    </bndbox>
</object>
</annotation>
