<annotation verified="yes">
    <folder>Annotation</folder>
    <filename>22.jpg</filename>
    <path>train-PascalVOC-export/Annotations/22.jpg</path>
    <source>
        <database>Unknown</database>
    </source>
    <size>
        <width>224</width>
        <height>224</height>
        <depth>3</depth>
    </size>
    <segmented>0</segmented>
    <object>
    <name>4</name>
    <pose>Unspecified</pose>
    <truncated>0</truncated>
    <difficult>0</difficult>
    <bndbox>
        <xmin>56.36363636363637</xmin>
        <ymin>88.72727272727273</ymin>
        <xmax>151.3939393939394</xmax>
        <ymax>184.24242424242425</ymax>
    </bndbox>
</object>
</annotation>
