<annotation verified="yes">
    <folder>Annotation</folder>
    <filename>220.jpg</filename>
    <path>train-PascalVOC-export/Annotations/220.jpg</path>
    <source>
        <database>Unknown</database>
    </source>
    <size>
        <width>224</width>
        <height>224</height>
        <depth>3</depth>
    </size>
    <segmented>0</segmented>
    <object>
    <name>2</name>
    <pose>Unspecified</pose>
    <truncated>0</truncated>
    <difficult>0</difficult>
    <bndbox>
        <xmin>35.27272727272727</xmin>
        <ymin>41.93939393939394</ymin>
        <xmax>109.21212121212122</xmax>
        <ymax>108.84848484848484</ymax>
    </bndbox>
</object><object>
    <name>3</name>
    <pose>Unspecified</pose>
    <truncated>0</truncated>
    <difficult>0</difficult>
    <bndbox>
        <xmin>180.24242424242425</xmin>
        <ymin>28.606060606060606</ymin>
        <xmax>224</xmax>
        <ymax>87.03030303030303</ymax>
    </bndbox>
</object>
</annotation>
