<annotation verified="yes">
    <folder>Annotation</folder>
    <filename>221.jpg</filename>
    <path>train-PascalVOC-export/Annotations/221.jpg</path>
    <source>
        <database>Unknown</database>
    </source>
    <size>
        <width>224</width>
        <height>224</height>
        <depth>3</depth>
    </size>
    <segmented>0</segmented>
    <object>
    <name>3</name>
    <pose>Unspecified</pose>
    <truncated>0</truncated>
    <difficult>0</difficult>
    <bndbox>
        <xmin>97.57575757575758</xmin>
        <ymin>53.09090909090909</ymin>
        <xmax>170.06060606060606</xmax>
        <ymax>124.12121212121212</ymax>
    </bndbox>
</object><object>
    <name>1</name>
    <pose>Unspecified</pose>
    <truncated>0</truncated>
    <difficult>0</difficult>
    <bndbox>
        <xmin>5.696969696969697</xmin>
        <ymin>49.696969696969695</ymin>
        <xmax>60.96969696969697</xmax>
        <ymax>112</ymax>
    </bndbox>
</object>
</annotation>
