<annotation verified="yes">
    <folder>Annotation</folder>
    <filename>222.jpg</filename>
    <path>train-PascalVOC-export/Annotations/222.jpg</path>
    <source>
        <database>Unknown</database>
    </source>
    <size>
        <width>224</width>
        <height>224</height>
        <depth>3</depth>
    </size>
    <segmented>0</segmented>
    <object>
    <name>2</name>
    <pose>Unspecified</pose>
    <truncated>0</truncated>
    <difficult>0</difficult>
    <bndbox>
        <xmin>88</xmin>
        <ymin>50.90909090909092</ymin>
        <xmax>169.57575757575756</xmax>
        <ymax>118.7878787878788</ymax>
    </bndbox>
</object><object>
    <name>1</name>
    <pose>Unspecified</pose>
    <truncated>0</truncated>
    <difficult>0</difficult>
    <bndbox>
        <xmin>3.272727272727273</xmin>
        <ymin>47.03030303030303</ymin>
        <xmax>53.696969696969695</xmax>
        <ymax>98.66666666666667</ymax>
    </bndbox>
</object>
</annotation>
