<annotation verified="yes">
    <folder>Annotation</folder>
    <filename>223.jpg</filename>
    <path>train-PascalVOC-export/Annotations/223.jpg</path>
    <source>
        <database>Unknown</database>
    </source>
    <size>
        <width>224</width>
        <height>224</height>
        <depth>3</depth>
    </size>
    <segmented>0</segmented>
    <object>
    <name>1</name>
    <pose>Unspecified</pose>
    <truncated>0</truncated>
    <difficult>0</difficult>
    <bndbox>
        <xmin>7.3939393939393945</xmin>
        <ymin>47.515151515151516</ymin>
        <xmax>53.21212121212122</xmax>
        <ymax>109.57575757575758</ymax>
    </bndbox>
</object><object>
    <name>2</name>
    <pose>Unspecified</pose>
    <truncated>0</truncated>
    <difficult>0</difficult>
    <bndbox>
        <xmin>95.15151515151516</xmin>
        <ymin>57.93939393939394</ymin>
        <xmax>174.1818181818182</xmax>
        <ymax>118.54545454545455</ymax>
    </bndbox>
</object>
</annotation>
