<annotation verified="yes">
    <folder>Annotation</folder>
    <filename>224.jpg</filename>
    <path>train-PascalVOC-export/Annotations/224.jpg</path>
    <source>
        <database>Unknown</database>
    </source>
    <size>
        <width>224</width>
        <height>224</height>
        <depth>3</depth>
    </size>
    <segmented>0</segmented>
    <object>
    <name>2</name>
    <pose>Unspecified</pose>
    <truncated>0</truncated>
    <difficult>0</difficult>
    <bndbox>
        <xmin>101.93939393939394</xmin>
        <ymin>60.60606060606061</ymin>
        <xmax>179.03030303030303</xmax>
        <ymax>121.93939393939394</ymax>
    </bndbox>
</object><object>
    <name>1</name>
    <pose>Unspecified</pose>
    <truncated>0</truncated>
    <difficult>0</difficult>
    <bndbox>
        <xmin>15.393939393939394</xmin>
        <ymin>48.484848484848484</ymin>
        <xmax>61.21212121212122</xmax>
        <ymax>108.36363636363637</ymax>
    </bndbox>
</object>
</annotation>
