<annotation verified="yes">
    <folder>Annotation</folder>
    <filename>225.jpg</filename>
    <path>train-PascalVOC-export/Annotations/225.jpg</path>
    <source>
        <database>Unknown</database>
    </source>
    <size>
        <width>224</width>
        <height>224</height>
        <depth>3</depth>
    </size>
    <segmented>0</segmented>
    <object>
    <name>2</name>
    <pose>Unspecified</pose>
    <truncated>0</truncated>
    <difficult>0</difficult>
    <bndbox>
        <xmin>110.18181818181819</xmin>
        <ymin>54.06060606060606</ymin>
        <xmax>184.36363636363637</xmax>
        <ymax>122.9090909090909</ymax>
    </bndbox>
</object><object>
    <name>1</name>
    <pose>Unspecified</pose>
    <truncated>0</truncated>
    <difficult>0</difficult>
    <bndbox>
        <xmin>22.181818181818183</xmin>
        <ymin>45.81818181818182</ymin>
        <xmax>68.72727272727273</xmax>
        <ymax>102.06060606060606</ymax>
    </bndbox>
</object>
</annotation>
