<annotation verified="yes">
    <folder>Annotation</folder>
    <filename>226.jpg</filename>
    <path>train-PascalVOC-export/Annotations/226.jpg</path>
    <source>
        <database>Unknown</database>
    </source>
    <size>
        <width>224</width>
        <height>224</height>
        <depth>3</depth>
    </size>
    <segmented>0</segmented>
    <object>
    <name>2</name>
    <pose>Unspecified</pose>
    <truncated>0</truncated>
    <difficult>0</difficult>
    <bndbox>
        <xmin>123.75757575757576</xmin>
        <ymin>44.84848484848485</ymin>
        <xmax>205.93939393939394</xmax>
        <ymax>115.3939393939394</ymax>
    </bndbox>
</object><object>
    <name>1</name>
    <pose>Unspecified</pose>
    <truncated>0</truncated>
    <difficult>0</difficult>
    <bndbox>
        <xmin>28.727272727272727</xmin>
        <ymin>38.54545454545455</ymin>
        <xmax>86.18181818181819</xmax>
        <ymax>100.36363636363637</ymax>
    </bndbox>
</object>
</annotation>
