<annotation verified="yes">
    <folder>Annotation</folder>
    <filename>227.jpg</filename>
    <path>train-PascalVOC-export/Annotations/227.jpg</path>
    <source>
        <database>Unknown</database>
    </source>
    <size>
        <width>224</width>
        <height>224</height>
        <depth>3</depth>
    </size>
    <segmented>0</segmented>
    <object>
    <name>2</name>
    <pose>Unspecified</pose>
    <truncated>0</truncated>
    <difficult>0</difficult>
    <bndbox>
        <xmin>123.03030303030303</xmin>
        <ymin>32.96969696969697</ymin>
        <xmax>205.45454545454544</xmax>
        <ymax>98.18181818181819</ymax>
    </bndbox>
</object><object>
    <name>1</name>
    <pose>Unspecified</pose>
    <truncated>0</truncated>
    <difficult>0</difficult>
    <bndbox>
        <xmin>32.121212121212125</xmin>
        <ymin>31.272727272727273</ymin>
        <xmax>83.75757575757576</xmax>
        <ymax>95.27272727272728</ymax>
    </bndbox>
</object>
</annotation>
