<annotation verified="yes">
    <folder>Annotation</folder>
    <filename>228.jpg</filename>
    <path>train-PascalVOC-export/Annotations/228.jpg</path>
    <source>
        <database>Unknown</database>
    </source>
    <size>
        <width>224</width>
        <height>224</height>
        <depth>3</depth>
    </size>
    <segmented>0</segmented>
    <object>
    <name>2</name>
    <pose>Unspecified</pose>
    <truncated>0</truncated>
    <difficult>0</difficult>
    <bndbox>
        <xmin>120.84848484848486</xmin>
        <ymin>33.93939393939394</ymin>
        <xmax>199.63636363636365</xmax>
        <ymax>94.78787878787878</ymax>
    </bndbox>
</object><object>
    <name>1</name>
    <pose>Unspecified</pose>
    <truncated>0</truncated>
    <difficult>0</difficult>
    <bndbox>
        <xmin>36.72727272727273</xmin>
        <ymin>33.45454545454545</ymin>
        <xmax>80.12121212121212</xmax>
        <ymax>89.45454545454545</ymax>
    </bndbox>
</object>
</annotation>
