<annotation verified="yes">
    <folder>Annotation</folder>
    <filename>229.jpg</filename>
    <path>train-PascalVOC-export/Annotations/229.jpg</path>
    <source>
        <database>Unknown</database>
    </source>
    <size>
        <width>224</width>
        <height>224</height>
        <depth>3</depth>
    </size>
    <segmented>0</segmented>
    <object>
    <name>2</name>
    <pose>Unspecified</pose>
    <truncated>0</truncated>
    <difficult>0</difficult>
    <bndbox>
        <xmin>122.06060606060606</xmin>
        <ymin>28.606060606060606</ymin>
        <xmax>203.75757575757575</xmax>
        <ymax>88.96969696969697</ymax>
    </bndbox>
</object><object>
    <name>1</name>
    <pose>Unspecified</pose>
    <truncated>0</truncated>
    <difficult>0</difficult>
    <bndbox>
        <xmin>31.87878787878788</xmin>
        <ymin>29.090909090909093</ymin>
        <xmax>89.33333333333333</xmax>
        <ymax>87.03030303030303</ymax>
    </bndbox>
</object>
</annotation>
