<annotation verified="yes">
    <folder>Annotation</folder>
    <filename>23.jpg</filename>
    <path>train-PascalVOC-export/Annotations/23.jpg</path>
    <source>
        <database>Unknown</database>
    </source>
    <size>
        <width>224</width>
        <height>224</height>
        <depth>3</depth>
    </size>
    <segmented>0</segmented>
    <object>
    <name>4</name>
    <pose>Unspecified</pose>
    <truncated>0</truncated>
    <difficult>0</difficult>
    <bndbox>
        <xmin>107.03030303030303</xmin>
        <ymin>91.87878787878788</ymin>
        <xmax>181.21212121212122</xmax>
        <ymax>159.27272727272725</ymax>
    </bndbox>
</object><object>
    <name>3</name>
    <pose>Unspecified</pose>
    <truncated>0</truncated>
    <difficult>0</difficult>
    <bndbox>
        <xmin>3.515151515151515</xmin>
        <ymin>136.72727272727272</ymin>
        <xmax>72.60606060606061</xmax>
        <ymax>218.9090909090909</ymax>
    </bndbox>
</object>
</annotation>
