<annotation verified="yes">
    <folder>Annotation</folder>
    <filename>230.jpg</filename>
    <path>train-PascalVOC-export/Annotations/230.jpg</path>
    <source>
        <database>Unknown</database>
    </source>
    <size>
        <width>224</width>
        <height>224</height>
        <depth>3</depth>
    </size>
    <segmented>0</segmented>
    <object>
    <name>1</name>
    <pose>Unspecified</pose>
    <truncated>0</truncated>
    <difficult>0</difficult>
    <bndbox>
        <xmin>147.75757575757575</xmin>
        <ymin>47.03030303030303</ymin>
        <xmax>199.63636363636363</xmax>
        <ymax>94.30303030303031</ymax>
    </bndbox>
</object>
</annotation>
