<annotation verified="yes">
    <folder>Annotation</folder>
    <filename>231.jpg</filename>
    <path>train-PascalVOC-export/Annotations/231.jpg</path>
    <source>
        <database>Unknown</database>
    </source>
    <size>
        <width>224</width>
        <height>224</height>
        <depth>3</depth>
    </size>
    <segmented>0</segmented>
    <object>
    <name>1</name>
    <pose>Unspecified</pose>
    <truncated>0</truncated>
    <difficult>0</difficult>
    <bndbox>
        <xmin>140.72727272727272</xmin>
        <ymin>48.72727272727273</ymin>
        <xmax>188</xmax>
        <ymax>98.66666666666666</ymax>
    </bndbox>
</object>
</annotation>
