<annotation verified="yes">
    <folder>Annotation</folder>
    <filename>232.jpg</filename>
    <path>train-PascalVOC-export/Annotations/232.jpg</path>
    <source>
        <database>Unknown</database>
    </source>
    <size>
        <width>224</width>
        <height>224</height>
        <depth>3</depth>
    </size>
    <segmented>0</segmented>
    <object>
    <name>1</name>
    <pose>Unspecified</pose>
    <truncated>0</truncated>
    <difficult>0</difficult>
    <bndbox>
        <xmin>136.36363636363637</xmin>
        <ymin>46.06060606060606</ymin>
        <xmax>185.0909090909091</xmax>
        <ymax>94.30303030303031</ymax>
    </bndbox>
</object>
</annotation>
