<annotation verified="yes">
    <folder>Annotation</folder>
    <filename>233.jpg</filename>
    <path>train-PascalVOC-export/Annotations/233.jpg</path>
    <source>
        <database>Unknown</database>
    </source>
    <size>
        <width>224</width>
        <height>224</height>
        <depth>3</depth>
    </size>
    <segmented>0</segmented>
    <object>
    <name>1</name>
    <pose>Unspecified</pose>
    <truncated>0</truncated>
    <difficult>0</difficult>
    <bndbox>
        <xmin>135.15151515151516</xmin>
        <ymin>52.36363636363637</ymin>
        <xmax>185.33333333333334</xmax>
        <ymax>101.0909090909091</ymax>
    </bndbox>
</object>
</annotation>
