<annotation verified="yes">
    <folder>Annotation</folder>
    <filename>234.jpg</filename>
    <path>train-PascalVOC-export/Annotations/234.jpg</path>
    <source>
        <database>Unknown</database>
    </source>
    <size>
        <width>224</width>
        <height>224</height>
        <depth>3</depth>
    </size>
    <segmented>0</segmented>
    <object>
    <name>1</name>
    <pose>Unspecified</pose>
    <truncated>0</truncated>
    <difficult>0</difficult>
    <bndbox>
        <xmin>123.27272727272728</xmin>
        <ymin>28.12121212121212</ymin>
        <xmax>159.87878787878788</xmax>
        <ymax>67.87878787878788</ymax>
    </bndbox>
</object><object>
    <name>2</name>
    <pose>Unspecified</pose>
    <truncated>0</truncated>
    <difficult>0</difficult>
    <bndbox>
        <xmin>200.60606060606062</xmin>
        <ymin>37.81818181818182</ymin>
        <xmax>224.00000000000003</xmax>
        <ymax>78.06060606060606</ymax>
    </bndbox>
</object>
</annotation>
