<annotation verified="yes">
    <folder>Annotation</folder>
    <filename>235.jpg</filename>
    <path>train-PascalVOC-export/Annotations/235.jpg</path>
    <source>
        <database>Unknown</database>
    </source>
    <size>
        <width>224</width>
        <height>224</height>
        <depth>3</depth>
    </size>
    <segmented>0</segmented>
    <object>
    <name>2</name>
    <pose>Unspecified</pose>
    <truncated>0</truncated>
    <difficult>0</difficult>
    <bndbox>
        <xmin>186.3030303030303</xmin>
        <ymin>48.72727272727273</ymin>
        <xmax>224</xmax>
        <ymax>89.93939393939394</ymax>
    </bndbox>
</object><object>
    <name>1</name>
    <pose>Unspecified</pose>
    <truncated>0</truncated>
    <difficult>0</difficult>
    <bndbox>
        <xmin>114.54545454545456</xmin>
        <ymin>43.393939393939405</ymin>
        <xmax>155.27272727272728</xmax>
        <ymax>75.15151515151516</ymax>
    </bndbox>
</object>
</annotation>
