<annotation verified="yes">
    <folder>Annotation</folder>
    <filename>236.jpg</filename>
    <path>train-PascalVOC-export/Annotations/236.jpg</path>
    <source>
        <database>Unknown</database>
    </source>
    <size>
        <width>224</width>
        <height>224</height>
        <depth>3</depth>
    </size>
    <segmented>0</segmented>
    <object>
    <name>1</name>
    <pose>Unspecified</pose>
    <truncated>0</truncated>
    <difficult>0</difficult>
    <bndbox>
        <xmin>117.6969696969697</xmin>
        <ymin>41.696969696969695</ymin>
        <xmax>156.72727272727275</xmax>
        <ymax>74.9090909090909</ymax>
    </bndbox>
</object><object>
    <name>2</name>
    <pose>Unspecified</pose>
    <truncated>0</truncated>
    <difficult>0</difficult>
    <bndbox>
        <xmin>191.3939393939394</xmin>
        <ymin>47.75757575757576</ymin>
        <xmax>224</xmax>
        <ymax>92.60606060606061</ymax>
    </bndbox>
</object>
</annotation>
