<annotation verified="yes">
    <folder>Annotation</folder>
    <filename>237.jpg</filename>
    <path>train-PascalVOC-export/Annotations/237.jpg</path>
    <source>
        <database>Unknown</database>
    </source>
    <size>
        <width>224</width>
        <height>224</height>
        <depth>3</depth>
    </size>
    <segmented>0</segmented>
    <object>
    <name>2</name>
    <pose>Unspecified</pose>
    <truncated>0</truncated>
    <difficult>0</difficult>
    <bndbox>
        <xmin>187.75757575757575</xmin>
        <ymin>58.909090909090914</ymin>
        <xmax>224</xmax>
        <ymax>100.12121212121212</ymax>
    </bndbox>
</object><object>
    <name>1</name>
    <pose>Unspecified</pose>
    <truncated>0</truncated>
    <difficult>0</difficult>
    <bndbox>
        <xmin>116.72727272727273</xmin>
        <ymin>50.18181818181818</ymin>
        <xmax>150.66666666666669</xmax>
        <ymax>86.06060606060606</ymax>
    </bndbox>
</object>
</annotation>
