<annotation verified="yes">
    <folder>Annotation</folder>
    <filename>238.jpg</filename>
    <path>train-PascalVOC-export/Annotations/238.jpg</path>
    <source>
        <database>Unknown</database>
    </source>
    <size>
        <width>224</width>
        <height>224</height>
        <depth>3</depth>
    </size>
    <segmented>0</segmented>
    <object>
    <name>1</name>
    <pose>Unspecified</pose>
    <truncated>0</truncated>
    <difficult>0</difficult>
    <bndbox>
        <xmin>151.87878787878788</xmin>
        <ymin>54.54545454545455</ymin>
        <xmax>181.45454545454544</xmax>
        <ymax>95.75757575757575</ymax>
    </bndbox>
</object>
</annotation>
