<annotation verified="yes">
    <folder>Annotation</folder>
    <filename>239.jpg</filename>
    <path>train-PascalVOC-export/Annotations/239.jpg</path>
    <source>
        <database>Unknown</database>
    </source>
    <size>
        <width>224</width>
        <height>224</height>
        <depth>3</depth>
    </size>
    <segmented>0</segmented>
    <object>
    <name>1</name>
    <pose>Unspecified</pose>
    <truncated>0</truncated>
    <difficult>0</difficult>
    <bndbox>
        <xmin>148.4848484848485</xmin>
        <ymin>61.09090909090909</ymin>
        <xmax>184.84848484848487</xmax>
        <ymax>93.0909090909091</ymax>
    </bndbox>
</object>
</annotation>
