<annotation verified="yes">
    <folder>Annotation</folder>
    <filename>24.jpg</filename>
    <path>train-PascalVOC-export/Annotations/24.jpg</path>
    <source>
        <database>Unknown</database>
    </source>
    <size>
        <width>224</width>
        <height>224</height>
        <depth>3</depth>
    </size>
    <segmented>0</segmented>
    <object>
    <name>4</name>
    <pose>Unspecified</pose>
    <truncated>0</truncated>
    <difficult>0</difficult>
    <bndbox>
        <xmin>116.48484848484848</xmin>
        <ymin>102.7878787878788</ymin>
        <xmax>207.39393939393938</xmax>
        <ymax>167.03030303030306</ymax>
    </bndbox>
</object><object>
    <name>3</name>
    <pose>Unspecified</pose>
    <truncated>0</truncated>
    <difficult>0</difficult>
    <bndbox>
        <xmin>1.3333333333333335</xmin>
        <ymin>143.51515151515156</ymin>
        <xmax>89.09090909090911</xmax>
        <ymax>224</ymax>
    </bndbox>
</object>
</annotation>
