<annotation verified="yes">
    <folder>Annotation</folder>
    <filename>240.jpg</filename>
    <path>train-PascalVOC-export/Annotations/240.jpg</path>
    <source>
        <database>Unknown</database>
    </source>
    <size>
        <width>224</width>
        <height>224</height>
        <depth>3</depth>
    </size>
    <segmented>0</segmented>
    <object>
    <name>1</name>
    <pose>Unspecified</pose>
    <truncated>0</truncated>
    <difficult>0</difficult>
    <bndbox>
        <xmin>142.1818181818182</xmin>
        <ymin>54.54545454545455</ymin>
        <xmax>179.03030303030303</xmax>
        <ymax>90.18181818181819</ymax>
    </bndbox>
</object>
</annotation>
