<annotation verified="yes">
    <folder>Annotation</folder>
    <filename>241.jpg</filename>
    <path>train-PascalVOC-export/Annotations/241.jpg</path>
    <source>
        <database>Unknown</database>
    </source>
    <size>
        <width>224</width>
        <height>224</height>
        <depth>3</depth>
    </size>
    <segmented>0</segmented>
    <object>
    <name>1</name>
    <pose>Unspecified</pose>
    <truncated>0</truncated>
    <difficult>0</difficult>
    <bndbox>
        <xmin>130.06060606060606</xmin>
        <ymin>62.78787878787879</ymin>
        <xmax>165.93939393939394</xmax>
        <ymax>101.0909090909091</ymax>
    </bndbox>
</object><object>
    <name>2</name>
    <pose>Unspecified</pose>
    <truncated>0</truncated>
    <difficult>0</difficult>
    <bndbox>
        <xmin>200.36363636363637</xmin>
        <ymin>75.63636363636364</ymin>
        <xmax>224</xmax>
        <ymax>110.7878787878788</ymax>
    </bndbox>
</object>
</annotation>
