<annotation verified="yes">
    <folder>Annotation</folder>
    <filename>242.jpg</filename>
    <path>train-PascalVOC-export/Annotations/242.jpg</path>
    <source>
        <database>Unknown</database>
    </source>
    <size>
        <width>224</width>
        <height>224</height>
        <depth>3</depth>
    </size>
    <segmented>0</segmented>
    <object>
    <name>2</name>
    <pose>Unspecified</pose>
    <truncated>0</truncated>
    <difficult>0</difficult>
    <bndbox>
        <xmin>199.15151515151516</xmin>
        <ymin>64.48484848484848</ymin>
        <xmax>224</xmax>
        <ymax>103.03030303030303</ymax>
    </bndbox>
</object><object>
    <name>1</name>
    <pose>Unspecified</pose>
    <truncated>0</truncated>
    <difficult>0</difficult>
    <bndbox>
        <xmin>131.03030303030303</xmin>
        <ymin>57.93939393939394</ymin>
        <xmax>167.63636363636363</xmax>
        <ymax>93.57575757575758</ymax>
    </bndbox>
</object>
</annotation>
