<annotation verified="yes">
    <folder>Annotation</folder>
    <filename>243.jpg</filename>
    <path>train-PascalVOC-export/Annotations/243.jpg</path>
    <source>
        <database>Unknown</database>
    </source>
    <size>
        <width>224</width>
        <height>224</height>
        <depth>3</depth>
    </size>
    <segmented>0</segmented>
    <object>
    <name>1</name>
    <pose>Unspecified</pose>
    <truncated>0</truncated>
    <difficult>0</difficult>
    <bndbox>
        <xmin>125.21212121212122</xmin>
        <ymin>49.696969696969695</ymin>
        <xmax>172</xmax>
        <ymax>84.36363636363636</ymax>
    </bndbox>
</object><object>
    <name>2</name>
    <pose>Unspecified</pose>
    <truncated>0</truncated>
    <difficult>0</difficult>
    <bndbox>
        <xmin>196</xmin>
        <ymin>56.24242424242424</ymin>
        <xmax>224</xmax>
        <ymax>101.81818181818181</ymax>
    </bndbox>
</object>
</annotation>
