<annotation verified="yes">
    <folder>Annotation</folder>
    <filename>244.jpg</filename>
    <path>train-PascalVOC-export/Annotations/244.jpg</path>
    <source>
        <database>Unknown</database>
    </source>
    <size>
        <width>224</width>
        <height>224</height>
        <depth>3</depth>
    </size>
    <segmented>0</segmented>
    <object>
    <name>2</name>
    <pose>Unspecified</pose>
    <truncated>0</truncated>
    <difficult>0</difficult>
    <bndbox>
        <xmin>192.12121212121212</xmin>
        <ymin>69.57575757575758</ymin>
        <xmax>224</xmax>
        <ymax>120.4848484848485</ymax>
    </bndbox>
</object><object>
    <name>1</name>
    <pose>Unspecified</pose>
    <truncated>0</truncated>
    <difficult>0</difficult>
    <bndbox>
        <xmin>112.60606060606061</xmin>
        <ymin>62.54545454545455</ymin>
        <xmax>146.3030303030303</xmax>
        <ymax>109.81818181818181</ymax>
    </bndbox>
</object>
</annotation>
