<annotation verified="yes">
    <folder>Annotation</folder>
    <filename>245.jpg</filename>
    <path>train-PascalVOC-export/Annotations/245.jpg</path>
    <source>
        <database>Unknown</database>
    </source>
    <size>
        <width>224</width>
        <height>224</height>
        <depth>3</depth>
    </size>
    <segmented>0</segmented>
    <object>
    <name>2</name>
    <pose>Unspecified</pose>
    <truncated>0</truncated>
    <difficult>0</difficult>
    <bndbox>
        <xmin>184.12121212121212</xmin>
        <ymin>78.54545454545455</ymin>
        <xmax>224</xmax>
        <ymax>125.0909090909091</ymax>
    </bndbox>
</object><object>
    <name>1</name>
    <pose>Unspecified</pose>
    <truncated>0</truncated>
    <difficult>0</difficult>
    <bndbox>
        <xmin>109.93939393939394</xmin>
        <ymin>72.24242424242425</ymin>
        <xmax>152.84848484848484</xmax>
        <ymax>109.57575757575759</ymax>
    </bndbox>
</object>
</annotation>
