<annotation verified="yes">
    <folder>Annotation</folder>
    <filename>246.jpg</filename>
    <path>train-PascalVOC-export/Annotations/246.jpg</path>
    <source>
        <database>Unknown</database>
    </source>
    <size>
        <width>224</width>
        <height>224</height>
        <depth>3</depth>
    </size>
    <segmented>0</segmented>
    <object>
    <name>2</name>
    <pose>Unspecified</pose>
    <truncated>0</truncated>
    <difficult>0</difficult>
    <bndbox>
        <xmin>162.3030303030303</xmin>
        <ymin>60.60606060606061</ymin>
        <xmax>224</xmax>
        <ymax>104.96969696969697</ymax>
    </bndbox>
</object><object>
    <name>1</name>
    <pose>Unspecified</pose>
    <truncated>0</truncated>
    <difficult>0</difficult>
    <bndbox>
        <xmin>93.21212121212122</xmin>
        <ymin>58.18181818181819</ymin>
        <xmax>135.15151515151516</xmax>
        <ymax>101.57575757575759</ymax>
    </bndbox>
</object>
</annotation>
