<annotation verified="yes">
    <folder>Annotation</folder>
    <filename>247.jpg</filename>
    <path>train-PascalVOC-export/Annotations/247.jpg</path>
    <source>
        <database>Unknown</database>
    </source>
    <size>
        <width>224</width>
        <height>224</height>
        <depth>3</depth>
    </size>
    <segmented>0</segmented>
    <object>
    <name>2</name>
    <pose>Unspecified</pose>
    <truncated>0</truncated>
    <difficult>0</difficult>
    <bndbox>
        <xmin>145.21212121212122</xmin>
        <ymin>14.303030303030303</ymin>
        <xmax>203.75757575757575</xmax>
        <ymax>59.87878787878788</ymax>
    </bndbox>
</object><object>
    <name>1</name>
    <pose>Unspecified</pose>
    <truncated>0</truncated>
    <difficult>0</difficult>
    <bndbox>
        <xmin>76.72727272727273</xmin>
        <ymin>10.424242424242424</ymin>
        <xmax>120.12121212121212</xmax>
        <ymax>44.12121212121212</ymax>
    </bndbox>
</object>
</annotation>
