<annotation verified="yes">
    <folder>Annotation</folder>
    <filename>248.jpg</filename>
    <path>train-PascalVOC-export/Annotations/248.jpg</path>
    <source>
        <database>Unknown</database>
    </source>
    <size>
        <width>224</width>
        <height>224</height>
        <depth>3</depth>
    </size>
    <segmented>0</segmented>
    <object>
    <name>1</name>
    <pose>Unspecified</pose>
    <truncated>0</truncated>
    <difficult>0</difficult>
    <bndbox>
        <xmin>132.72727272727272</xmin>
        <ymin>9.454545454545455</ymin>
        <xmax>169.57575757575756</xmax>
        <ymax>37.81818181818182</ymax>
    </bndbox>
</object><object>
    <name>2</name>
    <pose>Unspecified</pose>
    <truncated>0</truncated>
    <difficult>0</difficult>
    <bndbox>
        <xmin>201.5757575757576</xmin>
        <ymin>23.515151515151516</ymin>
        <xmax>224.00000000000003</xmax>
        <ymax>55.75757575757576</ymax>
    </bndbox>
</object>
</annotation>
