<annotation verified="yes">
    <folder>Annotation</folder>
    <filename>249.jpg</filename>
    <path>train-PascalVOC-export/Annotations/249.jpg</path>
    <source>
        <database>Unknown</database>
    </source>
    <size>
        <width>224</width>
        <height>224</height>
        <depth>3</depth>
    </size>
    <segmented>0</segmented>
    <object>
    <name>2</name>
    <pose>Unspecified</pose>
    <truncated>0</truncated>
    <difficult>0</difficult>
    <bndbox>
        <xmin>183.15151515151516</xmin>
        <ymin>40.24242424242424</ymin>
        <xmax>223.3939393939394</xmax>
        <ymax>75.15151515151516</ymax>
    </bndbox>
</object><object>
    <name>1</name>
    <pose>Unspecified</pose>
    <truncated>0</truncated>
    <difficult>0</difficult>
    <bndbox>
        <xmin>120.12121212121212</xmin>
        <ymin>32.72727272727273</ymin>
        <xmax>150.42424242424244</xmax>
        <ymax>62.303030303030305</ymax>
    </bndbox>
</object>
</annotation>
