<annotation verified="yes">
    <folder>Annotation</folder>
    <filename>25.jpg</filename>
    <path>train-PascalVOC-export/Annotations/25.jpg</path>
    <source>
        <database>Unknown</database>
    </source>
    <size>
        <width>224</width>
        <height>224</height>
        <depth>3</depth>
    </size>
    <segmented>0</segmented>
    <object>
    <name>3</name>
    <pose>Unspecified</pose>
    <truncated>0</truncated>
    <difficult>0</difficult>
    <bndbox>
        <xmin>25.81818181818183</xmin>
        <ymin>119.51515151515152</ymin>
        <xmax>113.21212121212122</xmax>
        <ymax>198.06060606060606</ymax>
    </bndbox>
</object><object>
    <name>4</name>
    <pose>Unspecified</pose>
    <truncated>0</truncated>
    <difficult>0</difficult>
    <bndbox>
        <xmin>153.33333333333334</xmin>
        <ymin>83.63636363636364</ymin>
        <xmax>223.63636363636365</xmax>
        <ymax>156.36363636363637</ymax>
    </bndbox>
</object>
</annotation>
