<annotation verified="yes">
    <folder>Annotation</folder>
    <filename>250.jpg</filename>
    <path>train-PascalVOC-export/Annotations/250.jpg</path>
    <source>
        <database>Unknown</database>
    </source>
    <size>
        <width>224</width>
        <height>224</height>
        <depth>3</depth>
    </size>
    <segmented>0</segmented>
    <object>
    <name>2</name>
    <pose>Unspecified</pose>
    <truncated>0</truncated>
    <difficult>0</difficult>
    <bndbox>
        <xmin>171.03030303030303</xmin>
        <ymin>29.81818181818182</ymin>
        <xmax>224</xmax>
        <ymax>68.36363636363637</ymax>
    </bndbox>
</object><object>
    <name>1</name>
    <pose>Unspecified</pose>
    <truncated>0</truncated>
    <difficult>0</difficult>
    <bndbox>
        <xmin>109.45454545454545</xmin>
        <ymin>21.575757575757578</ymin>
        <xmax>142.66666666666666</xmax>
        <ymax>51.393939393939405</ymax>
    </bndbox>
</object>
</annotation>
