<annotation verified="yes">
    <folder>Annotation</folder>
    <filename>251.jpg</filename>
    <path>train-PascalVOC-export/Annotations/251.jpg</path>
    <source>
        <database>Unknown</database>
    </source>
    <size>
        <width>224</width>
        <height>224</height>
        <depth>3</depth>
    </size>
    <segmented>0</segmented>
    <object>
    <name>2</name>
    <pose>Unspecified</pose>
    <truncated>0</truncated>
    <difficult>0</difficult>
    <bndbox>
        <xmin>174.66666666666669</xmin>
        <ymin>48.72727272727273</ymin>
        <xmax>224.00000000000003</xmax>
        <ymax>82.9090909090909</ymax>
    </bndbox>
</object><object>
    <name>1</name>
    <pose>Unspecified</pose>
    <truncated>0</truncated>
    <difficult>0</difficult>
    <bndbox>
        <xmin>110.42424242424242</xmin>
        <ymin>40.24242424242424</ymin>
        <xmax>141.93939393939394</xmax>
        <ymax>71.27272727272728</ymax>
    </bndbox>
</object>
</annotation>
