<annotation verified="yes">
    <folder>Annotation</folder>
    <filename>252.jpg</filename>
    <path>train-PascalVOC-export/Annotations/252.jpg</path>
    <source>
        <database>Unknown</database>
    </source>
    <size>
        <width>224</width>
        <height>224</height>
        <depth>3</depth>
    </size>
    <segmented>0</segmented>
    <object>
    <name>1</name>
    <pose>Unspecified</pose>
    <truncated>0</truncated>
    <difficult>0</difficult>
    <bndbox>
        <xmin>118.42424242424242</xmin>
        <ymin>39.515151515151516</ymin>
        <xmax>154.1818181818182</xmax>
        <ymax>71.03030303030303</ymax>
    </bndbox>
</object><object>
    <name>2</name>
    <pose>Unspecified</pose>
    <truncated>0</truncated>
    <difficult>0</difficult>
    <bndbox>
        <xmin>184.12121212121212</xmin>
        <ymin>47.515151515151516</ymin>
        <xmax>224</xmax>
        <ymax>83.15151515151516</ymax>
    </bndbox>
</object>
</annotation>
