<annotation verified="yes">
    <folder>Annotation</folder>
    <filename>253.jpg</filename>
    <path>train-PascalVOC-export/Annotations/253.jpg</path>
    <source>
        <database>Unknown</database>
    </source>
    <size>
        <width>224</width>
        <height>224</height>
        <depth>3</depth>
    </size>
    <segmented>0</segmented>
    <object>
    <name>2</name>
    <pose>Unspecified</pose>
    <truncated>0</truncated>
    <difficult>0</difficult>
    <bndbox>
        <xmin>114.06060606060606</xmin>
        <ymin>30.060606060606062</ymin>
        <xmax>166.9090909090909</xmax>
        <ymax>64.96969696969697</ymax>
    </bndbox>
</object><object>
    <name>1</name>
    <pose>Unspecified</pose>
    <truncated>0</truncated>
    <difficult>0</difficult>
    <bndbox>
        <xmin>48.121212121212125</xmin>
        <ymin>32</ymin>
        <xmax>79.87878787878788</xmax>
        <ymax>63.75757575757576</ymax>
    </bndbox>
</object>
</annotation>
