<annotation verified="yes">
    <folder>Annotation</folder>
    <filename>26.jpg</filename>
    <path>train-PascalVOC-export/Annotations/26.jpg</path>
    <source>
        <database>Unknown</database>
    </source>
    <size>
        <width>224</width>
        <height>224</height>
        <depth>3</depth>
    </size>
    <segmented>0</segmented>
    <object>
    <name>1</name>
    <pose>Unspecified</pose>
    <truncated>0</truncated>
    <difficult>0</difficult>
    <bndbox>
        <xmin>62.66666666666667</xmin>
        <ymin>112.72727272727273</ymin>
        <xmax>138.54545454545456</xmax>
        <ymax>197.33333333333334</ymax>
    </bndbox>
</object><object>
    <name>4</name>
    <pose>Unspecified</pose>
    <truncated>0</truncated>
    <difficult>0</difficult>
    <bndbox>
        <xmin>184.84848484848484</xmin>
        <ymin>83.63636363636364</ymin>
        <xmax>224</xmax>
        <ymax>140.84848484848484</ymax>
    </bndbox>
</object>
</annotation>
