<annotation verified="yes">
    <folder>Annotation</folder>
    <filename>27.jpg</filename>
    <path>train-PascalVOC-export/Annotations/27.jpg</path>
    <source>
        <database>Unknown</database>
    </source>
    <size>
        <width>224</width>
        <height>224</height>
        <depth>3</depth>
    </size>
    <segmented>0</segmented>
    <object>
    <name>3</name>
    <pose>Unspecified</pose>
    <truncated>0</truncated>
    <difficult>0</difficult>
    <bndbox>
        <xmin>89.81818181818183</xmin>
        <ymin>92.84848484848484</ymin>
        <xmax>171.03030303030306</xmax>
        <ymax>174.06060606060606</ymax>
    </bndbox>
</object>
</annotation>
