<annotation verified="yes">
    <folder>Annotation</folder>
    <filename>28.jpg</filename>
    <path>train-PascalVOC-export/Annotations/28.jpg</path>
    <source>
        <database>Unknown</database>
    </source>
    <size>
        <width>224</width>
        <height>224</height>
        <depth>3</depth>
    </size>
    <segmented>0</segmented>
    <object>
    <name>3</name>
    <pose>Unspecified</pose>
    <truncated>0</truncated>
    <difficult>0</difficult>
    <bndbox>
        <xmin>82.78787878787882</xmin>
        <ymin>69.33333333333333</ymin>
        <xmax>166.7878787878788</xmax>
        <ymax>157.0909090909091</ymax>
    </bndbox>
</object>
</annotation>
