<annotation verified="yes">
    <folder>Annotation</folder>
    <filename>29.jpg</filename>
    <path>train-PascalVOC-export/Annotations/29.jpg</path>
    <source>
        <database>Unknown</database>
    </source>
    <size>
        <width>224</width>
        <height>224</height>
        <depth>3</depth>
    </size>
    <segmented>0</segmented>
    <object>
    <name>3</name>
    <pose>Unspecified</pose>
    <truncated>0</truncated>
    <difficult>0</difficult>
    <bndbox>
        <xmin>83.51515151515152</xmin>
        <ymin>44.121212121212125</ymin>
        <xmax>157.21212121212122</xmax>
        <ymax>125.0909090909091</ymax>
    </bndbox>
</object>
</annotation>
