<annotation verified="yes">
    <folder>Annotation</folder>
    <filename>3.jpg</filename>
    <path>train-PascalVOC-export/Annotations/3.jpg</path>
    <source>
        <database>Unknown</database>
    </source>
    <size>
        <width>224</width>
        <height>224</height>
        <depth>3</depth>
    </size>
    <segmented>0</segmented>
    <object>
    <name>2</name>
    <pose>Unspecified</pose>
    <truncated>0</truncated>
    <difficult>0</difficult>
    <bndbox>
        <xmin>131.03030303030303</xmin>
        <ymin>41.45454545454545</ymin>
        <xmax>198.1818181818182</xmax>
        <ymax>107.63636363636364</ymax>
    </bndbox>
</object><object>
    <name>1</name>
    <pose>Unspecified</pose>
    <truncated>0</truncated>
    <difficult>0</difficult>
    <bndbox>
        <xmin>23.393939393939394</xmin>
        <ymin>46.06060606060606</ymin>
        <xmax>73.33333333333333</xmax>
        <ymax>109.33333333333334</ymax>
    </bndbox>
</object>
</annotation>
