<annotation verified="yes">
    <folder>Annotation</folder>
    <filename>30.jpg</filename>
    <path>train-PascalVOC-export/Annotations/30.jpg</path>
    <source>
        <database>Unknown</database>
    </source>
    <size>
        <width>224</width>
        <height>224</height>
        <depth>3</depth>
    </size>
    <segmented>0</segmented>
    <object>
    <name>3</name>
    <pose>Unspecified</pose>
    <truncated>0</truncated>
    <difficult>0</difficult>
    <bndbox>
        <xmin>78.9090909090909</xmin>
        <ymin>80.72727272727273</ymin>
        <xmax>162.54545454545456</xmax>
        <ymax>167.75757575757575</ymax>
    </bndbox>
</object>
</annotation>
