<annotation verified="yes">
    <folder>Annotation</folder>
    <filename>31.jpg</filename>
    <path>train-PascalVOC-export/Annotations/31.jpg</path>
    <source>
        <database>Unknown</database>
    </source>
    <size>
        <width>224</width>
        <height>224</height>
        <depth>3</depth>
    </size>
    <segmented>0</segmented>
    <object>
    <name>3</name>
    <pose>Unspecified</pose>
    <truncated>0</truncated>
    <difficult>0</difficult>
    <bndbox>
        <xmin>63.63636363636364</xmin>
        <ymin>136</ymin>
        <xmax>118.9090909090909</xmax>
        <ymax>182.06060606060606</ymax>
    </bndbox>
</object><object>
    <name>4</name>
    <pose>Unspecified</pose>
    <truncated>0</truncated>
    <difficult>0</difficult>
    <bndbox>
        <xmin>143.15151515151516</xmin>
        <ymin>124.36363636363637</ymin>
        <xmax>196.96969696969697</xmax>
        <ymax>160</ymax>
    </bndbox>
</object>
</annotation>
