<annotation verified="yes">
    <folder>Annotation</folder>
    <filename>32.jpg</filename>
    <path>train-PascalVOC-export/Annotations/32.jpg</path>
    <source>
        <database>Unknown</database>
    </source>
    <size>
        <width>224</width>
        <height>224</height>
        <depth>3</depth>
    </size>
    <segmented>0</segmented>
    <object>
    <name>4</name>
    <pose>Unspecified</pose>
    <truncated>0</truncated>
    <difficult>0</difficult>
    <bndbox>
        <xmin>159.15151515151516</xmin>
        <ymin>120.24242424242425</ymin>
        <xmax>210.3030303030303</xmax>
        <ymax>160.72727272727275</ymax>
    </bndbox>
</object><object>
    <name>3</name>
    <pose>Unspecified</pose>
    <truncated>0</truncated>
    <difficult>0</difficult>
    <bndbox>
        <xmin>79.39393939393939</xmin>
        <ymin>132.12121212121212</ymin>
        <xmax>130.06060606060606</xmax>
        <ymax>172.60606060606062</ymax>
    </bndbox>
</object><object>
    <name>2</name>
    <pose>Unspecified</pose>
    <truncated>0</truncated>
    <difficult>0</difficult>
    <bndbox>
        <xmin>0.36363636363636365</xmin>
        <ymin>143.51515151515153</ymin>
        <xmax>14.90909090909091</xmax>
        <ymax>183.75757575757578</ymax>
    </bndbox>
</object>
</annotation>
