<annotation verified="yes">
    <folder>Annotation</folder>
    <filename>33.jpg</filename>
    <path>train-PascalVOC-export/Annotations/33.jpg</path>
    <source>
        <database>Unknown</database>
    </source>
    <size>
        <width>224</width>
        <height>224</height>
        <depth>3</depth>
    </size>
    <segmented>0</segmented>
    <object>
    <name>4</name>
    <pose>Unspecified</pose>
    <truncated>0</truncated>
    <difficult>0</difficult>
    <bndbox>
        <xmin>132.96969696969697</xmin>
        <ymin>114.66666666666667</ymin>
        <xmax>179.27272727272728</xmax>
        <ymax>149.57575757575756</ymax>
    </bndbox>
</object><object>
    <name>3</name>
    <pose>Unspecified</pose>
    <truncated>0</truncated>
    <difficult>0</difficult>
    <bndbox>
        <xmin>53.21212121212121</xmin>
        <ymin>123.15151515151516</ymin>
        <xmax>101.93939393939394</xmax>
        <ymax>160.24242424242425</ymax>
    </bndbox>
</object>
</annotation>
