<annotation verified="yes">
    <folder>Annotation</folder>
    <filename>34.jpg</filename>
    <path>train-PascalVOC-export/Annotations/34.jpg</path>
    <source>
        <database>Unknown</database>
    </source>
    <size>
        <width>224</width>
        <height>224</height>
        <depth>3</depth>
    </size>
    <segmented>0</segmented>
    <object>
    <name>3</name>
    <pose>Unspecified</pose>
    <truncated>0</truncated>
    <difficult>0</difficult>
    <bndbox>
        <xmin>51.03030303030303</xmin>
        <ymin>135.03030303030303</ymin>
        <xmax>107.03030303030303</xmax>
        <ymax>173.8181818181818</ymax>
    </bndbox>
</object><object>
    <name>4</name>
    <pose>Unspecified</pose>
    <truncated>0</truncated>
    <difficult>0</difficult>
    <bndbox>
        <xmin>136.36363636363637</xmin>
        <ymin>126.30303030303031</ymin>
        <xmax>187.27272727272728</xmax>
        <ymax>164.36363636363637</ymax>
    </bndbox>
</object>
</annotation>
