<annotation verified="yes">
    <folder>Annotation</folder>
    <filename>35.jpg</filename>
    <path>train-PascalVOC-export/Annotations/35.jpg</path>
    <source>
        <database>Unknown</database>
    </source>
    <size>
        <width>224</width>
        <height>224</height>
        <depth>3</depth>
    </size>
    <segmented>0</segmented>
    <object>
    <name>4</name>
    <pose>Unspecified</pose>
    <truncated>0</truncated>
    <difficult>0</difficult>
    <bndbox>
        <xmin>139.03030303030303</xmin>
        <ymin>113.21212121212122</ymin>
        <xmax>191.3939393939394</xmax>
        <ymax>155.3939393939394</ymax>
    </bndbox>
</object><object>
    <name>3</name>
    <pose>Unspecified</pose>
    <truncated>0</truncated>
    <difficult>0</difficult>
    <bndbox>
        <xmin>58.78787878787879</xmin>
        <ymin>124.12121212121212</ymin>
        <xmax>115.51515151515152</xmax>
        <ymax>166.7878787878788</ymax>
    </bndbox>
</object>
</annotation>
