<annotation verified="yes">
    <folder>Annotation</folder>
    <filename>36.jpg</filename>
    <path>train-PascalVOC-export/Annotations/36.jpg</path>
    <source>
        <database>Unknown</database>
    </source>
    <size>
        <width>224</width>
        <height>224</height>
        <depth>3</depth>
    </size>
    <segmented>0</segmented>
    <object>
    <name>3</name>
    <pose>Unspecified</pose>
    <truncated>0</truncated>
    <difficult>0</difficult>
    <bndbox>
        <xmin>133.21212121212122</xmin>
        <ymin>139.63636363636363</ymin>
        <xmax>181.6969696969697</xmax>
        <ymax>182.78787878787878</ymax>
    </bndbox>
</object><object>
    <name>2</name>
    <pose>Unspecified</pose>
    <truncated>0</truncated>
    <difficult>0</difficult>
    <bndbox>
        <xmin>15.878787878787879</xmin>
        <ymin>147.3939393939394</ymin>
        <xmax>73.81818181818181</xmax>
        <ymax>193.45454545454547</ymax>
    </bndbox>
</object>
</annotation>
