<annotation verified="yes">
    <folder>Annotation</folder>
    <filename>37.jpg</filename>
    <path>train-PascalVOC-export/Annotations/37.jpg</path>
    <source>
        <database>Unknown</database>
    </source>
    <size>
        <width>224</width>
        <height>224</height>
        <depth>3</depth>
    </size>
    <segmented>0</segmented>
    <object>
    <name>3</name>
    <pose>Unspecified</pose>
    <truncated>0</truncated>
    <difficult>0</difficult>
    <bndbox>
        <xmin>77.45454545454545</xmin>
        <ymin>112.96969696969697</ymin>
        <xmax>131.75757575757575</xmax>
        <ymax>148.60606060606062</ymax>
    </bndbox>
</object><object>
    <name>4</name>
    <pose>Unspecified</pose>
    <truncated>0</truncated>
    <difficult>0</difficult>
    <bndbox>
        <xmin>159.15151515151516</xmin>
        <ymin>107.39393939393939</ymin>
        <xmax>210.3030303030303</xmax>
        <ymax>146.1818181818182</ymax>
    </bndbox>
</object><object>
    <name>2</name>
    <pose>Unspecified</pose>
    <truncated>0</truncated>
    <difficult>0</difficult>
    <bndbox>
        <xmin>1.3333333333333335</xmin>
        <ymin>115.15151515151516</ymin>
        <xmax>23.87878787878788</xmax>
        <ymax>161.21212121212122</ymax>
    </bndbox>
</object>
</annotation>
