<annotation verified="yes">
    <folder>Annotation</folder>
    <filename>38.jpg</filename>
    <path>train-PascalVOC-export/Annotations/38.jpg</path>
    <source>
        <database>Unknown</database>
    </source>
    <size>
        <width>224</width>
        <height>224</height>
        <depth>3</depth>
    </size>
    <segmented>0</segmented>
    <object>
    <name>4</name>
    <pose>Unspecified</pose>
    <truncated>0</truncated>
    <difficult>0</difficult>
    <bndbox>
        <xmin>137.5757575757576</xmin>
        <ymin>149.33333333333334</ymin>
        <xmax>187.27272727272728</xmax>
        <ymax>192.24242424242425</ymax>
    </bndbox>
</object><object>
    <name>3</name>
    <pose>Unspecified</pose>
    <truncated>0</truncated>
    <difficult>0</difficult>
    <bndbox>
        <xmin>60.96969696969697</xmin>
        <ymin>147.3939393939394</ymin>
        <xmax>115.03030303030303</xmax>
        <ymax>186.90909090909093</ymax>
    </bndbox>
</object>
</annotation>
