<annotation verified="yes">
    <folder>Annotation</folder>
    <filename>39.jpg</filename>
    <path>train-PascalVOC-export/Annotations/39.jpg</path>
    <source>
        <database>Unknown</database>
    </source>
    <size>
        <width>224</width>
        <height>224</height>
        <depth>3</depth>
    </size>
    <segmented>0</segmented>
    <object>
    <name>4</name>
    <pose>Unspecified</pose>
    <truncated>0</truncated>
    <difficult>0</difficult>
    <bndbox>
        <xmin>124</xmin>
        <ymin>134.3030303030303</ymin>
        <xmax>177.0909090909091</xmax>
        <ymax>174.06060606060606</ymax>
    </bndbox>
</object><object>
    <name>3</name>
    <pose>Unspecified</pose>
    <truncated>0</truncated>
    <difficult>0</difficult>
    <bndbox>
        <xmin>42.54545454545455</xmin>
        <ymin>134.06060606060606</ymin>
        <xmax>98.06060606060606</xmax>
        <ymax>173.0909090909091</ymax>
    </bndbox>
</object>
</annotation>
