<annotation verified="yes">
    <folder>Annotation</folder>
    <filename>4.jpg</filename>
    <path>train-PascalVOC-export/Annotations/4.jpg</path>
    <source>
        <database>Unknown</database>
    </source>
    <size>
        <width>224</width>
        <height>224</height>
        <depth>3</depth>
    </size>
    <segmented>0</segmented>
    <object>
    <name>1</name>
    <pose>Unspecified</pose>
    <truncated>0</truncated>
    <difficult>0</difficult>
    <bndbox>
        <xmin>104.84848484848486</xmin>
        <ymin>82.42424242424242</ymin>
        <xmax>149.45454545454547</xmax>
        <ymax>144.24242424242425</ymax>
    </bndbox>
</object>
</annotation>
