<annotation verified="yes">
    <folder>Annotation</folder>
    <filename>40.jpg</filename>
    <path>train-PascalVOC-export/Annotations/40.jpg</path>
    <source>
        <database>Unknown</database>
    </source>
    <size>
        <width>224</width>
        <height>224</height>
        <depth>3</depth>
    </size>
    <segmented>0</segmented>
    <object>
    <name>3</name>
    <pose>Unspecified</pose>
    <truncated>0</truncated>
    <difficult>0</difficult>
    <bndbox>
        <xmin>87.39393939393939</xmin>
        <ymin>144.96969696969697</ymin>
        <xmax>139.75757575757575</xmax>
        <ymax>183.75757575757575</ymax>
    </bndbox>
</object><object>
    <name>4</name>
    <pose>Unspecified</pose>
    <truncated>0</truncated>
    <difficult>0</difficult>
    <bndbox>
        <xmin>167.63636363636365</xmin>
        <ymin>144.4848484848485</ymin>
        <xmax>220.72727272727275</xmax>
        <ymax>183.51515151515153</ymax>
    </bndbox>
</object><object>
    <name>2</name>
    <pose>Unspecified</pose>
    <truncated>0</truncated>
    <difficult>0</difficult>
    <bndbox>
        <xmin>1.0909090909090908</xmin>
        <ymin>142.06060606060606</ymin>
        <xmax>24.363636363636363</xmax>
        <ymax>185.6969696969697</ymax>
    </bndbox>
</object>
</annotation>
