<annotation verified="yes">
    <folder>Annotation</folder>
    <filename>41.jpg</filename>
    <path>train-PascalVOC-export/Annotations/41.jpg</path>
    <source>
        <database>Unknown</database>
    </source>
    <size>
        <width>224</width>
        <height>224</height>
        <depth>3</depth>
    </size>
    <segmented>0</segmented>
    <object>
    <name>3</name>
    <pose>Unspecified</pose>
    <truncated>0</truncated>
    <difficult>0</difficult>
    <bndbox>
        <xmin>79.39393939393939</xmin>
        <ymin>134.06060606060606</ymin>
        <xmax>134.9090909090909</xmax>
        <ymax>181.0909090909091</ymax>
    </bndbox>
</object><object>
    <name>4</name>
    <pose>Unspecified</pose>
    <truncated>0</truncated>
    <difficult>0</difficult>
    <bndbox>
        <xmin>160.60606060606062</xmin>
        <ymin>135.03030303030303</ymin>
        <xmax>205.69696969696972</xmax>
        <ymax>179.3939393939394</ymax>
    </bndbox>
</object>
</annotation>
