<annotation verified="yes">
    <folder>Annotation</folder>
    <filename>42.jpg</filename>
    <path>train-PascalVOC-export/Annotations/42.jpg</path>
    <source>
        <database>Unknown</database>
    </source>
    <size>
        <width>224</width>
        <height>224</height>
        <depth>3</depth>
    </size>
    <segmented>0</segmented>
    <object>
    <name>4</name>
    <pose>Unspecified</pose>
    <truncated>0</truncated>
    <difficult>0</difficult>
    <bndbox>
        <xmin>154.78787878787878</xmin>
        <ymin>136.96969696969697</ymin>
        <xmax>207.63636363636363</xmax>
        <ymax>176.96969696969697</ymax>
    </bndbox>
</object><object>
    <name>3</name>
    <pose>Unspecified</pose>
    <truncated>0</truncated>
    <difficult>0</difficult>
    <bndbox>
        <xmin>77.93939393939394</xmin>
        <ymin>137.6969696969697</ymin>
        <xmax>127.39393939393939</xmax>
        <ymax>180.6060606060606</ymax>
    </bndbox>
</object>
</annotation>
