<annotation verified="yes">
    <folder>Annotation</folder>
    <filename>43.jpg</filename>
    <path>train-PascalVOC-export/Annotations/43.jpg</path>
    <source>
        <database>Unknown</database>
    </source>
    <size>
        <width>224</width>
        <height>224</height>
        <depth>3</depth>
    </size>
    <segmented>0</segmented>
    <object>
    <name>1</name>
    <pose>Unspecified</pose>
    <truncated>0</truncated>
    <difficult>0</difficult>
    <bndbox>
        <xmin>121.57575757575758</xmin>
        <ymin>134.54545454545456</ymin>
        <xmax>163.75757575757575</xmax>
        <ymax>182.54545454545456</ymax>
    </bndbox>
</object><object>
    <name>2</name>
    <pose>Unspecified</pose>
    <truncated>0</truncated>
    <difficult>0</difficult>
    <bndbox>
        <xmin>192.84848484848484</xmin>
        <ymin>165.8181818181818</ymin>
        <xmax>224</xmax>
        <ymax>201.93939393939394</ymax>
    </bndbox>
</object>
</annotation>
