<annotation verified="yes">
    <folder>Annotation</folder>
    <filename>44.jpg</filename>
    <path>train-PascalVOC-export/Annotations/44.jpg</path>
    <source>
        <database>Unknown</database>
    </source>
    <size>
        <width>224</width>
        <height>224</height>
        <depth>3</depth>
    </size>
    <segmented>0</segmented>
    <object>
    <name>1</name>
    <pose>Unspecified</pose>
    <truncated>0</truncated>
    <difficult>0</difficult>
    <bndbox>
        <xmin>120.84848484848486</xmin>
        <ymin>140.84848484848484</ymin>
        <xmax>160.60606060606062</xmax>
        <ymax>172.12121212121212</ymax>
    </bndbox>
</object><object>
    <name>2</name>
    <pose>Unspecified</pose>
    <truncated>0</truncated>
    <difficult>0</difficult>
    <bndbox>
        <xmin>190.54545454545456</xmin>
        <ymin>161.21212121212122</ymin>
        <xmax>224</xmax>
        <ymax>201.45454545454547</ymax>
    </bndbox>
</object>
</annotation>
