<annotation verified="yes">
    <folder>Annotation</folder>
    <filename>45.jpg</filename>
    <path>train-PascalVOC-export/Annotations/45.jpg</path>
    <source>
        <database>Unknown</database>
    </source>
    <size>
        <width>224</width>
        <height>224</height>
        <depth>3</depth>
    </size>
    <segmented>0</segmented>
    <object>
    <name>1</name>
    <pose>Unspecified</pose>
    <truncated>0</truncated>
    <difficult>0</difficult>
    <bndbox>
        <xmin>152.36363636363637</xmin>
        <ymin>167.03030303030303</ymin>
        <xmax>193.8181818181818</xmax>
        <ymax>201.6969696969697</ymax>
    </bndbox>
</object>
</annotation>
