<annotation verified="yes">
    <folder>Annotation</folder>
    <filename>46.jpg</filename>
    <path>train-PascalVOC-export/Annotations/46.jpg</path>
    <source>
        <database>Unknown</database>
    </source>
    <size>
        <width>224</width>
        <height>224</height>
        <depth>3</depth>
    </size>
    <segmented>0</segmented>
    <object>
    <name>1</name>
    <pose>Unspecified</pose>
    <truncated>0</truncated>
    <difficult>0</difficult>
    <bndbox>
        <xmin>124</xmin>
        <ymin>131.3939393939394</ymin>
        <xmax>175.15151515151516</xmax>
        <ymax>174.54545454545456</ymax>
    </bndbox>
</object>
</annotation>
