<annotation verified="yes">
    <folder>Annotation</folder>
    <filename>47.jpg</filename>
    <path>train-PascalVOC-export/Annotations/47.jpg</path>
    <source>
        <database>Unknown</database>
    </source>
    <size>
        <width>224</width>
        <height>224</height>
        <depth>3</depth>
    </size>
    <segmented>0</segmented>
    <object>
    <name>1</name>
    <pose>Unspecified</pose>
    <truncated>0</truncated>
    <difficult>0</difficult>
    <bndbox>
        <xmin>122.06060606060606</xmin>
        <ymin>123.63636363636364</ymin>
        <xmax>171.75757575757575</xmax>
        <ymax>174.3030303030303</ymax>
    </bndbox>
</object>
</annotation>
