<annotation verified="yes">
    <folder>Annotation</folder>
    <filename>48.jpg</filename>
    <path>train-PascalVOC-export/Annotations/48.jpg</path>
    <source>
        <database>Unknown</database>
    </source>
    <size>
        <width>224</width>
        <height>224</height>
        <depth>3</depth>
    </size>
    <segmented>0</segmented>
    <object>
    <name>1</name>
    <pose>Unspecified</pose>
    <truncated>0</truncated>
    <difficult>0</difficult>
    <bndbox>
        <xmin>109.93939393939394</xmin>
        <ymin>124.60606060606061</ymin>
        <xmax>176.36363636363637</xmax>
        <ymax>175.27272727272728</ymax>
    </bndbox>
</object>
</annotation>
