<annotation verified="yes">
    <folder>Annotation</folder>
    <filename>49.jpg</filename>
    <path>train-PascalVOC-export/Annotations/49.jpg</path>
    <source>
        <database>Unknown</database>
    </source>
    <size>
        <width>224</width>
        <height>224</height>
        <depth>3</depth>
    </size>
    <segmented>0</segmented>
    <object>
    <name>1</name>
    <pose>Unspecified</pose>
    <truncated>0</truncated>
    <difficult>0</difficult>
    <bndbox>
        <xmin>78.42424242424242</xmin>
        <ymin>160.96969696969697</ymin>
        <xmax>152.84848484848484</xmax>
        <ymax>207.03030303030303</ymax>
    </bndbox>
</object>
</annotation>
