<annotation verified="yes">
    <folder>Annotation</folder>
    <filename>5.jpg</filename>
    <path>train-PascalVOC-export/Annotations/5.jpg</path>
    <source>
        <database>Unknown</database>
    </source>
    <size>
        <width>224</width>
        <height>224</height>
        <depth>3</depth>
    </size>
    <segmented>0</segmented>
    <object>
    <name>1</name>
    <pose>Unspecified</pose>
    <truncated>0</truncated>
    <difficult>0</difficult>
    <bndbox>
        <xmin>90.7878787878788</xmin>
        <ymin>96</ymin>
        <xmax>139.75757575757575</xmax>
        <ymax>173.8181818181818</ymax>
    </bndbox>
</object>
</annotation>
