<annotation verified="yes">
    <folder>Annotation</folder>
    <filename>50.jpg</filename>
    <path>train-PascalVOC-export/Annotations/50.jpg</path>
    <source>
        <database>Unknown</database>
    </source>
    <size>
        <width>224</width>
        <height>224</height>
        <depth>3</depth>
    </size>
    <segmented>0</segmented>
    <object>
    <name>1</name>
    <pose>Unspecified</pose>
    <truncated>0</truncated>
    <difficult>0</difficult>
    <bndbox>
        <xmin>81.57575757575758</xmin>
        <ymin>140.84848484848484</ymin>
        <xmax>176.84848484848487</xmax>
        <ymax>190.06060606060606</ymax>
    </bndbox>
</object>
</annotation>
