<annotation verified="yes">
    <folder>Annotation</folder>
    <filename>51.jpg</filename>
    <path>train-PascalVOC-export/Annotations/51.jpg</path>
    <source>
        <database>Unknown</database>
    </source>
    <size>
        <width>224</width>
        <height>224</height>
        <depth>3</depth>
    </size>
    <segmented>0</segmented>
    <object>
    <name>2</name>
    <pose>Unspecified</pose>
    <truncated>0</truncated>
    <difficult>0</difficult>
    <bndbox>
        <xmin>95.87878787878788</xmin>
        <ymin>176.4848484848485</ymin>
        <xmax>179.27272727272725</xmax>
        <ymax>224</ymax>
    </bndbox>
</object><object>
    <name>1</name>
    <pose>Unspecified</pose>
    <truncated>0</truncated>
    <difficult>0</difficult>
    <bndbox>
        <xmin>13.212121212121213</xmin>
        <ymin>146.42424242424244</ymin>
        <xmax>74.06060606060606</xmax>
        <ymax>193.69696969696972</ymax>
    </bndbox>
</object>
</annotation>
