<annotation verified="yes">
    <folder>Annotation</folder>
    <filename>52.jpg</filename>
    <path>train-PascalVOC-export/Annotations/52.jpg</path>
    <source>
        <database>Unknown</database>
    </source>
    <size>
        <width>224</width>
        <height>224</height>
        <depth>3</depth>
    </size>
    <segmented>0</segmented>
    <object>
    <name>2</name>
    <pose>Unspecified</pose>
    <truncated>0</truncated>
    <difficult>0</difficult>
    <bndbox>
        <xmin>84.96969696969697</xmin>
        <ymin>161.21212121212122</ymin>
        <xmax>176.60606060606062</xmax>
        <ymax>224</ymax>
    </bndbox>
</object><object>
    <name>1</name>
    <pose>Unspecified</pose>
    <truncated>0</truncated>
    <difficult>0</difficult>
    <bndbox>
        <xmin>4.7272727272727275</xmin>
        <ymin>133.0909090909091</ymin>
        <xmax>71.63636363636364</xmax>
        <ymax>174.06060606060606</ymax>
    </bndbox>
</object>
</annotation>
