<annotation verified="yes">
    <folder>Annotation</folder>
    <filename>53.jpg</filename>
    <path>train-PascalVOC-export/Annotations/53.jpg</path>
    <source>
        <database>Unknown</database>
    </source>
    <size>
        <width>224</width>
        <height>224</height>
        <depth>3</depth>
    </size>
    <segmented>0</segmented>
    <object>
    <name>2</name>
    <pose>Unspecified</pose>
    <truncated>0</truncated>
    <difficult>0</difficult>
    <bndbox>
        <xmin>75.51515151515152</xmin>
        <ymin>154.1818181818182</ymin>
        <xmax>156.24242424242425</xmax>
        <ymax>217.21212121212122</ymax>
    </bndbox>
</object><object>
    <name>1</name>
    <pose>Unspecified</pose>
    <truncated>0</truncated>
    <difficult>0</difficult>
    <bndbox>
        <xmin>1.8181818181818183</xmin>
        <ymin>131.87878787878788</ymin>
        <xmax>44.727272727272734</xmax>
        <ymax>174.78787878787878</ymax>
    </bndbox>
</object>
</annotation>
