<annotation verified="yes">
    <folder>Annotation</folder>
    <filename>54.jpg</filename>
    <path>train-PascalVOC-export/Annotations/54.jpg</path>
    <source>
        <database>Unknown</database>
    </source>
    <size>
        <width>224</width>
        <height>224</height>
        <depth>3</depth>
    </size>
    <segmented>0</segmented>
    <object>
    <name>1</name>
    <pose>Unspecified</pose>
    <truncated>0</truncated>
    <difficult>0</difficult>
    <bndbox>
        <xmin>11.757575757575758</xmin>
        <ymin>112.24242424242428</ymin>
        <xmax>67.3939393939394</xmax>
        <ymax>159.2727272727273</ymax>
    </bndbox>
</object><object>
    <name>2</name>
    <pose>Unspecified</pose>
    <truncated>0</truncated>
    <difficult>0</difficult>
    <bndbox>
        <xmin>98.7878787878788</xmin>
        <ymin>136.72727272727272</ymin>
        <xmax>172.24242424242425</xmax>
        <ymax>199.75757575757575</ymax>
    </bndbox>
</object><object>
    <name>1</name>
    <pose>Unspecified</pose>
    <truncated>0</truncated>
    <difficult>0</difficult>
    <bndbox>
        <xmin>98.7878787878788</xmin>
        <ymin>136.72727272727272</ymin>
        <xmax>172.24242424242425</xmax>
        <ymax>199.75757575757575</ymax>
    </bndbox>
</object>
</annotation>
