<annotation verified="yes">
    <folder>Annotation</folder>
    <filename>0.jpg</filename>
    <path>train-2-PascalVOC-export/Annotations/0.jpg</path>
    <source>
        <database>Unknown</database>
    </source>
    <size>
        <width>224</width>
        <height>224</height>
        <depth>3</depth>
    </size>
    <segmented>0</segmented>
    <object>
    <name>1</name>
    <pose>Unspecified</pose>
    <truncated>0</truncated>
    <difficult>0</difficult>
    <bndbox>
        <xmin>30.424242424242426</xmin>
        <ymin>0.7272727272727273</ymin>
        <xmax>62.66666666666667</xmax>
        <ymax>39.515151515151516</ymax>
    </bndbox>
</object>
</annotation>
