<annotation verified="yes">
    <folder>Annotation</folder>
    <filename>1.jpg</filename>
    <path>train-2-PascalVOC-export/Annotations/1.jpg</path>
    <source>
        <database>Unknown</database>
    </source>
    <size>
        <width>224</width>
        <height>224</height>
        <depth>3</depth>
    </size>
    <segmented>0</segmented>
    <object>
    <name>2</name>
    <pose>Unspecified</pose>
    <truncated>0</truncated>
    <difficult>0</difficult>
    <bndbox>
        <xmin>73.09090909090911</xmin>
        <ymin>0</ymin>
        <xmax>135.3939393939394</xmax>
        <ymax>49.696969696969695</ymax>
    </bndbox>
</object><object>
    <name>1</name>
    <pose>Unspecified</pose>
    <truncated>0</truncated>
    <difficult>0</difficult>
    <bndbox>
        <xmin>0</xmin>
        <ymin>5.575757575757576</ymin>
        <xmax>27.272727272727273</xmax>
        <ymax>55.27272727272727</ymax>
    </bndbox>
</object>
</annotation>
