<annotation verified="yes">
    <folder>Annotation</folder>
    <filename>10.jpg</filename>
    <path>train-2-PascalVOC-export/Annotations/10.jpg</path>
    <source>
        <database>Unknown</database>
    </source>
    <size>
        <width>224</width>
        <height>224</height>
        <depth>3</depth>
    </size>
    <segmented>0</segmented>
    <object>
    <name>2</name>
    <pose>Unspecified</pose>
    <truncated>0</truncated>
    <difficult>0</difficult>
    <bndbox>
        <xmin>198.78787878787878</xmin>
        <ymin>53.81818181818182</ymin>
        <xmax>224</xmax>
        <ymax>97.21212121212122</ymax>
    </bndbox>
</object><object>
    <name>1</name>
    <pose>Unspecified</pose>
    <truncated>0</truncated>
    <difficult>0</difficult>
    <bndbox>
        <xmin>124</xmin>
        <ymin>51.63636363636364</ymin>
        <xmax>158.9090909090909</xmax>
        <ymax>90.66666666666667</ymax>
    </bndbox>
</object>
</annotation>
