<annotation verified="yes">
    <folder>Annotation</folder>
    <filename>100.jpg</filename>
    <path>train-2-PascalVOC-export/Annotations/100.jpg</path>
    <source>
        <database>Unknown</database>
    </source>
    <size>
        <width>224</width>
        <height>224</height>
        <depth>3</depth>
    </size>
    <segmented>0</segmented>
    <object>
    <name>4</name>
    <pose>Unspecified</pose>
    <truncated>0</truncated>
    <difficult>0</difficult>
    <bndbox>
        <xmin>148</xmin>
        <ymin>77.57575757575758</ymin>
        <xmax>224</xmax>
        <ymax>166.7878787878788</ymax>
    </bndbox>
</object><object>
    <name>3</name>
    <pose>Unspecified</pose>
    <truncated>0</truncated>
    <difficult>0</difficult>
    <bndbox>
        <xmin>9.575757575757576</xmin>
        <ymin>133.5757575757576</ymin>
        <xmax>115.03030303030303</xmax>
        <ymax>222.3030303030303</ymax>
    </bndbox>
</object>
</annotation>
