<annotation verified="yes">
    <folder>Annotation</folder>
    <filename>101.jpg</filename>
    <path>train-2-PascalVOC-export/Annotations/101.jpg</path>
    <source>
        <database>Unknown</database>
    </source>
    <size>
        <width>224</width>
        <height>224</height>
        <depth>3</depth>
    </size>
    <segmented>0</segmented>
    <object>
    <name>4</name>
    <pose>Unspecified</pose>
    <truncated>0</truncated>
    <difficult>0</difficult>
    <bndbox>
        <xmin>191.63636363636365</xmin>
        <ymin>99.39393939393939</ymin>
        <xmax>224.00000000000003</xmax>
        <ymax>211.15151515151516</ymax>
    </bndbox>
</object>
</annotation>
