<annotation verified="yes">
    <folder>Annotation</folder>
    <filename>102.jpg</filename>
    <path>train-2-PascalVOC-export/Annotations/102.jpg</path>
    <source>
        <database>Unknown</database>
    </source>
    <size>
        <width>224</width>
        <height>224</height>
        <depth>3</depth>
    </size>
    <segmented>0</segmented>
    <object>
    <name>4</name>
    <pose>Unspecified</pose>
    <truncated>0</truncated>
    <difficult>0</difficult>
    <bndbox>
        <xmin>167.3939393939394</xmin>
        <ymin>110.30303030303033</ymin>
        <xmax>220.36363636363637</xmax>
        <ymax>210.66666666666669</ymax>
    </bndbox>
</object>
</annotation>
