<annotation verified="yes">
    <folder>Annotation</folder>
    <filename>104.jpg</filename>
    <path>train-2-PascalVOC-export/Annotations/104.jpg</path>
    <source>
        <database>Unknown</database>
    </source>
    <size>
        <width>224</width>
        <height>224</height>
        <depth>3</depth>
    </size>
    <segmented>0</segmented>
    <object>
    <name>4</name>
    <pose>Unspecified</pose>
    <truncated>0</truncated>
    <difficult>0</difficult>
    <bndbox>
        <xmin>172.72727272727272</xmin>
        <ymin>106.9090909090909</ymin>
        <xmax>224</xmax>
        <ymax>212.12121212121212</ymax>
    </bndbox>
</object>
</annotation>
