<annotation verified="yes">
    <folder>Annotation</folder>
    <filename>105.jpg</filename>
    <path>train-2-PascalVOC-export/Annotations/105.jpg</path>
    <source>
        <database>Unknown</database>
    </source>
    <size>
        <width>224</width>
        <height>224</height>
        <depth>3</depth>
    </size>
    <segmented>0</segmented>
    <object>
    <name>4</name>
    <pose>Unspecified</pose>
    <truncated>0</truncated>
    <difficult>0</difficult>
    <bndbox>
        <xmin>149.21212121212122</xmin>
        <ymin>100.84848484848484</ymin>
        <xmax>224</xmax>
        <ymax>206.78787878787878</ymax>
    </bndbox>
</object>
</annotation>
