<annotation verified="yes">
    <folder>Annotation</folder>
    <filename>106.jpg</filename>
    <path>train-2-PascalVOC-export/Annotations/106.jpg</path>
    <source>
        <database>Unknown</database>
    </source>
    <size>
        <width>224</width>
        <height>224</height>
        <depth>3</depth>
    </size>
    <segmented>0</segmented>
    <object>
    <name>4</name>
    <pose>Unspecified</pose>
    <truncated>0</truncated>
    <difficult>0</difficult>
    <bndbox>
        <xmin>126.9090909090909</xmin>
        <ymin>48.24242424242424</ymin>
        <xmax>207.39393939393938</xmax>
        <ymax>111.75757575757575</ymax>
    </bndbox>
</object><object>
    <name>3</name>
    <pose>Unspecified</pose>
    <truncated>0</truncated>
    <difficult>0</difficult>
    <bndbox>
        <xmin>8.363636363636363</xmin>
        <ymin>94.06060606060606</ymin>
        <xmax>93.45454545454545</xmax>
        <ymax>178.1818181818182</ymax>
    </bndbox>
</object>
</annotation>
