<annotation verified="yes">
    <folder>Annotation</folder>
    <filename>107.jpg</filename>
    <path>train-2-PascalVOC-export/Annotations/107.jpg</path>
    <source>
        <database>Unknown</database>
    </source>
    <size>
        <width>224</width>
        <height>224</height>
        <depth>3</depth>
    </size>
    <segmented>0</segmented>
    <object>
    <name>4</name>
    <pose>Unspecified</pose>
    <truncated>0</truncated>
    <difficult>0</difficult>
    <bndbox>
        <xmin>136.84848484848484</xmin>
        <ymin>49.93939393939394</ymin>
        <xmax>211.03030303030303</xmax>
        <ymax>113.45454545454545</ymax>
    </bndbox>
</object><object>
    <name>3</name>
    <pose>Unspecified</pose>
    <truncated>0</truncated>
    <difficult>0</difficult>
    <bndbox>
        <xmin>18.545454545454547</xmin>
        <ymin>96.24242424242425</ymin>
        <xmax>110.9090909090909</xmax>
        <ymax>179.15151515151516</ymax>
    </bndbox>
</object>
</annotation>
