<annotation verified="yes">
    <folder>Annotation</folder>
    <filename>108.jpg</filename>
    <path>train-2-PascalVOC-export/Annotations/108.jpg</path>
    <source>
        <database>Unknown</database>
    </source>
    <size>
        <width>224</width>
        <height>224</height>
        <depth>3</depth>
    </size>
    <segmented>0</segmented>
    <object>
    <name>3</name>
    <pose>Unspecified</pose>
    <truncated>0</truncated>
    <difficult>0</difficult>
    <bndbox>
        <xmin>23.87878787878788</xmin>
        <ymin>95.75757575757576</ymin>
        <xmax>106.3030303030303</xmax>
        <ymax>179.87878787878788</ymax>
    </bndbox>
</object><object>
    <name>4</name>
    <pose>Unspecified</pose>
    <truncated>0</truncated>
    <difficult>0</difficult>
    <bndbox>
        <xmin>141.6969696969697</xmin>
        <ymin>46.78787878787879</ymin>
        <xmax>212.96969696969697</xmax>
        <ymax>115.15151515151516</ymax>
    </bndbox>
</object>
</annotation>
