<annotation verified="yes">
    <folder>Annotation</folder>
    <filename>109.jpg</filename>
    <path>train-2-PascalVOC-export/Annotations/109.jpg</path>
    <source>
        <database>Unknown</database>
    </source>
    <size>
        <width>224</width>
        <height>224</height>
        <depth>3</depth>
    </size>
    <segmented>0</segmented>
    <object>
    <name>3</name>
    <pose>Unspecified</pose>
    <truncated>0</truncated>
    <difficult>0</difficult>
    <bndbox>
        <xmin>179.75757575757575</xmin>
        <ymin>49.696969696969695</ymin>
        <xmax>221.93939393939394</xmax>
        <ymax>82.42424242424242</ymax>
    </bndbox>
</object><object>
    <name>6</name>
    <pose>Unspecified</pose>
    <truncated>0</truncated>
    <difficult>0</difficult>
    <bndbox>
        <xmin>89.81818181818183</xmin>
        <ymin>52.60606060606061</ymin>
        <xmax>133.69696969696972</xmax>
        <ymax>85.33333333333334</ymax>
    </bndbox>
</object><object>
    <name>5</name>
    <pose>Unspecified</pose>
    <truncated>0</truncated>
    <difficult>0</difficult>
    <bndbox>
        <xmin>13.212121212121213</xmin>
        <ymin>53.09090909090909</ymin>
        <xmax>60.72727272727273</xmax>
        <ymax>86.06060606060606</ymax>
    </bndbox>
</object>
</annotation>
