<annotation verified="yes">
    <folder>Annotation</folder>
    <filename>11.jpg</filename>
    <path>train-2-PascalVOC-export/Annotations/11.jpg</path>
    <source>
        <database>Unknown</database>
    </source>
    <size>
        <width>224</width>
        <height>224</height>
        <depth>3</depth>
    </size>
    <segmented>0</segmented>
    <object>
    <name>2</name>
    <pose>Unspecified</pose>
    <truncated>0</truncated>
    <difficult>0</difficult>
    <bndbox>
        <xmin>120.60606060606061</xmin>
        <ymin>55.03030303030303</ymin>
        <xmax>176.12121212121212</xmax>
        <ymax>93.81818181818181</ymax>
    </bndbox>
</object><object>
    <name>1</name>
    <pose>Unspecified</pose>
    <truncated>0</truncated>
    <difficult>0</difficult>
    <bndbox>
        <xmin>47.151515151515156</xmin>
        <ymin>62.303030303030305</ymin>
        <xmax>78.42424242424244</xmax>
        <ymax>100.12121212121212</ymax>
    </bndbox>
</object>
</annotation>
