<annotation verified="yes">
    <folder>Annotation</folder>
    <filename>110.jpg</filename>
    <path>train-2-PascalVOC-export/Annotations/110.jpg</path>
    <source>
        <database>Unknown</database>
    </source>
    <size>
        <width>224</width>
        <height>224</height>
        <depth>3</depth>
    </size>
    <segmented>0</segmented>
    <object>
    <name>3</name>
    <pose>Unspecified</pose>
    <truncated>0</truncated>
    <difficult>0</difficult>
    <bndbox>
        <xmin>182.1818181818182</xmin>
        <ymin>37.09090909090909</ymin>
        <xmax>224</xmax>
        <ymax>65.45454545454545</ymax>
    </bndbox>
</object><object>
    <name>6</name>
    <pose>Unspecified</pose>
    <truncated>0</truncated>
    <difficult>0</difficult>
    <bndbox>
        <xmin>87.15151515151516</xmin>
        <ymin>37.81818181818182</ymin>
        <xmax>128.84848484848484</xmax>
        <ymax>67.3939393939394</ymax>
    </bndbox>
</object><object>
    <name>5</name>
    <pose>Unspecified</pose>
    <truncated>0</truncated>
    <difficult>0</difficult>
    <bndbox>
        <xmin>13.212121212121213</xmin>
        <ymin>40.72727272727273</ymin>
        <xmax>61.93939393939394</xmax>
        <ymax>71.03030303030303</ymax>
    </bndbox>
</object>
</annotation>
