<annotation verified="yes">
    <folder>Annotation</folder>
    <filename>111.jpg</filename>
    <path>train-2-PascalVOC-export/Annotations/111.jpg</path>
    <source>
        <database>Unknown</database>
    </source>
    <size>
        <width>224</width>
        <height>224</height>
        <depth>3</depth>
    </size>
    <segmented>0</segmented>
    <object>
    <name>5</name>
    <pose>Unspecified</pose>
    <truncated>0</truncated>
    <difficult>0</difficult>
    <bndbox>
        <xmin>135.63636363636363</xmin>
        <ymin>50.42424242424242</ymin>
        <xmax>183.87878787878788</xmax>
        <ymax>80.48484848484848</ymax>
    </bndbox>
</object><object>
    <name>6</name>
    <pose>Unspecified</pose>
    <truncated>0</truncated>
    <difficult>0</difficult>
    <bndbox>
        <xmin>209.33333333333334</xmin>
        <ymin>56</ymin>
        <xmax>224</xmax>
        <ymax>87.03030303030303</ymax>
    </bndbox>
</object>
</annotation>
