<annotation verified="yes">
    <folder>Annotation</folder>
    <filename>112.jpg</filename>
    <path>train-2-PascalVOC-export/Annotations/112.jpg</path>
    <source>
        <database>Unknown</database>
    </source>
    <size>
        <width>224</width>
        <height>224</height>
        <depth>3</depth>
    </size>
    <segmented>0</segmented>
    <object>
    <name>6</name>
    <pose>Unspecified</pose>
    <truncated>0</truncated>
    <difficult>0</difficult>
    <bndbox>
        <xmin>205.21212121212122</xmin>
        <ymin>54.78787878787879</ymin>
        <xmax>224</xmax>
        <ymax>83.63636363636364</ymax>
    </bndbox>
</object><object>
    <name>5</name>
    <pose>Unspecified</pose>
    <truncated>0</truncated>
    <difficult>0</difficult>
    <bndbox>
        <xmin>136.60606060606062</xmin>
        <ymin>48</ymin>
        <xmax>180.24242424242428</xmax>
        <ymax>78.06060606060606</ymax>
    </bndbox>
</object>
</annotation>
