<annotation verified="yes">
    <folder>Annotation</folder>
    <filename>113.jpg</filename>
    <path>train-2-PascalVOC-export/Annotations/113.jpg</path>
    <source>
        <database>Unknown</database>
    </source>
    <size>
        <width>224</width>
        <height>224</height>
        <depth>3</depth>
    </size>
    <segmented>0</segmented>
    <object>
    <name>6</name>
    <pose>Unspecified</pose>
    <truncated>0</truncated>
    <difficult>0</difficult>
    <bndbox>
        <xmin>206.42424242424244</xmin>
        <ymin>44.36363636363637</ymin>
        <xmax>224</xmax>
        <ymax>75.63636363636364</ymax>
    </bndbox>
</object><object>
    <name>5</name>
    <pose>Unspecified</pose>
    <truncated>0</truncated>
    <difficult>0</difficult>
    <bndbox>
        <xmin>133.21212121212122</xmin>
        <ymin>45.09090909090909</ymin>
        <xmax>180.4848484848485</xmax>
        <ymax>70.06060606060606</ymax>
    </bndbox>
</object>
</annotation>
