<annotation verified="yes">
    <folder>Annotation</folder>
    <filename>114.jpg</filename>
    <path>train-2-PascalVOC-export/Annotations/114.jpg</path>
    <source>
        <database>Unknown</database>
    </source>
    <size>
        <width>224</width>
        <height>224</height>
        <depth>3</depth>
    </size>
    <segmented>0</segmented>
    <object>
    <name>6</name>
    <pose>Unspecified</pose>
    <truncated>0</truncated>
    <difficult>0</difficult>
    <bndbox>
        <xmin>132</xmin>
        <ymin>64.96969696969697</ymin>
        <xmax>173.45454545454544</xmax>
        <ymax>92.12121212121212</ymax>
    </bndbox>
</object><object>
    <name>5</name>
    <pose>Unspecified</pose>
    <truncated>0</truncated>
    <difficult>0</difficult>
    <bndbox>
        <xmin>60.72727272727273</xmin>
        <ymin>62.54545454545455</ymin>
        <xmax>108.48484848484848</xmax>
        <ymax>92.60606060606061</ymax>
    </bndbox>
</object>
</annotation>
