<annotation verified="yes">
    <folder>Annotation</folder>
    <filename>115.jpg</filename>
    <path>train-2-PascalVOC-export/Annotations/115.jpg</path>
    <source>
        <database>Unknown</database>
    </source>
    <size>
        <width>224</width>
        <height>224</height>
        <depth>3</depth>
    </size>
    <segmented>0</segmented>
    <object>
    <name>5</name>
    <pose>Unspecified</pose>
    <truncated>0</truncated>
    <difficult>0</difficult>
    <bndbox>
        <xmin>67.51515151515152</xmin>
        <ymin>62.303030303030305</ymin>
        <xmax>114.30303030303031</xmax>
        <ymax>91.63636363636364</ymax>
    </bndbox>
</object><object>
    <name>6</name>
    <pose>Unspecified</pose>
    <truncated>0</truncated>
    <difficult>0</difficult>
    <bndbox>
        <xmin>140</xmin>
        <ymin>64</ymin>
        <xmax>181.6969696969697</xmax>
        <ymax>94.06060606060606</ymax>
    </bndbox>
</object>
</annotation>
