<annotation verified="yes">
    <folder>Annotation</folder>
    <filename>116.jpg</filename>
    <path>train-2-PascalVOC-export/Annotations/116.jpg</path>
    <source>
        <database>Unknown</database>
    </source>
    <size>
        <width>224</width>
        <height>224</height>
        <depth>3</depth>
    </size>
    <segmented>0</segmented>
    <object>
    <name>6</name>
    <pose>Unspecified</pose>
    <truncated>0</truncated>
    <difficult>0</difficult>
    <bndbox>
        <xmin>139.75757575757575</xmin>
        <ymin>62.303030303030305</ymin>
        <xmax>186.3030303030303</xmax>
        <ymax>95.03030303030303</ymax>
    </bndbox>
</object><object>
    <name>5</name>
    <pose>Unspecified</pose>
    <truncated>0</truncated>
    <difficult>0</difficult>
    <bndbox>
        <xmin>70.9090909090909</xmin>
        <ymin>62.78787878787879</ymin>
        <xmax>115.51515151515152</xmax>
        <ymax>89.21212121212122</ymax>
    </bndbox>
</object>
</annotation>
