<annotation verified="yes">
    <folder>Annotation</folder>
    <filename>117.jpg</filename>
    <path>train-2-PascalVOC-export/Annotations/117.jpg</path>
    <source>
        <database>Unknown</database>
    </source>
    <size>
        <width>224</width>
        <height>224</height>
        <depth>3</depth>
    </size>
    <segmented>0</segmented>
    <object>
    <name>5</name>
    <pose>Unspecified</pose>
    <truncated>0</truncated>
    <difficult>0</difficult>
    <bndbox>
        <xmin>67.75757575757576</xmin>
        <ymin>56.96969696969697</ymin>
        <xmax>118.42424242424244</xmax>
        <ymax>84.36363636363636</ymax>
    </bndbox>
</object><object>
    <name>6</name>
    <pose>Unspecified</pose>
    <truncated>0</truncated>
    <difficult>0</difficult>
    <bndbox>
        <xmin>139.03030303030303</xmin>
        <ymin>54.78787878787879</ymin>
        <xmax>184.12121212121212</xmax>
        <ymax>85.33333333333334</ymax>
    </bndbox>
</object>
</annotation>
