<annotation verified="yes">
    <folder>Annotation</folder>
    <filename>118.jpg</filename>
    <path>train-2-PascalVOC-export/Annotations/118.jpg</path>
    <source>
        <database>Unknown</database>
    </source>
    <size>
        <width>224</width>
        <height>224</height>
        <depth>3</depth>
    </size>
    <segmented>0</segmented>
    <object>
    <name>5</name>
    <pose>Unspecified</pose>
    <truncated>0</truncated>
    <difficult>0</difficult>
    <bndbox>
        <xmin>137.33333333333334</xmin>
        <ymin>80.72727272727273</ymin>
        <xmax>182.1818181818182</xmax>
        <ymax>106.90909090909092</ymax>
    </bndbox>
</object><object>
    <name>6</name>
    <pose>Unspecified</pose>
    <truncated>0</truncated>
    <difficult>0</difficult>
    <bndbox>
        <xmin>207.63636363636365</xmin>
        <ymin>83.63636363636364</ymin>
        <xmax>224.00000000000003</xmax>
        <ymax>112</ymax>
    </bndbox>
</object>
</annotation>
