<annotation verified="yes">
    <folder>Annotation</folder>
    <filename>119.jpg</filename>
    <path>train-2-PascalVOC-export/Annotations/119.jpg</path>
    <source>
        <database>Unknown</database>
    </source>
    <size>
        <width>224</width>
        <height>224</height>
        <depth>3</depth>
    </size>
    <segmented>0</segmented>
    <object>
    <name>5</name>
    <pose>Unspecified</pose>
    <truncated>0</truncated>
    <difficult>0</difficult>
    <bndbox>
        <xmin>152.36363636363637</xmin>
        <ymin>56</ymin>
        <xmax>195.51515151515153</xmax>
        <ymax>85.0909090909091</ymax>
    </bndbox>
</object>
</annotation>
