<annotation verified="yes">
    <folder>Annotation</folder>
    <filename>12.jpg</filename>
    <path>train-2-PascalVOC-export/Annotations/12.jpg</path>
    <source>
        <database>Unknown</database>
    </source>
    <size>
        <width>224</width>
        <height>224</height>
        <depth>3</depth>
    </size>
    <segmented>0</segmented>
    <object>
    <name>2</name>
    <pose>Unspecified</pose>
    <truncated>0</truncated>
    <difficult>0</difficult>
    <bndbox>
        <xmin>126.42424242424242</xmin>
        <ymin>46.06060606060606</ymin>
        <xmax>182.66666666666666</xmax>
        <ymax>89.45454545454547</ymax>
    </bndbox>
</object><object>
    <name>1</name>
    <pose>Unspecified</pose>
    <truncated>0</truncated>
    <difficult>0</difficult>
    <bndbox>
        <xmin>48.36363636363637</xmin>
        <ymin>53.09090909090909</ymin>
        <xmax>83.03030303030303</xmax>
        <ymax>95.27272727272728</ymax>
    </bndbox>
</object>
</annotation>
