<annotation verified="yes">
    <folder>Annotation</folder>
    <filename>120.jpg</filename>
    <path>train-2-PascalVOC-export/Annotations/120.jpg</path>
    <source>
        <database>Unknown</database>
    </source>
    <size>
        <width>224</width>
        <height>224</height>
        <depth>3</depth>
    </size>
    <segmented>0</segmented>
    <object>
    <name>5</name>
    <pose>Unspecified</pose>
    <truncated>0</truncated>
    <difficult>0</difficult>
    <bndbox>
        <xmin>132.72727272727272</xmin>
        <ymin>57.93939393939394</ymin>
        <xmax>188.96969696969697</xmax>
        <ymax>92.84848484848484</ymax>
    </bndbox>
</object>
</annotation>
