<annotation verified="yes">
    <folder>Annotation</folder>
    <filename>121.jpg</filename>
    <path>train-2-PascalVOC-export/Annotations/121.jpg</path>
    <source>
        <database>Unknown</database>
    </source>
    <size>
        <width>224</width>
        <height>224</height>
        <depth>3</depth>
    </size>
    <segmented>0</segmented>
    <object>
    <name>5</name>
    <pose>Unspecified</pose>
    <truncated>0</truncated>
    <difficult>0</difficult>
    <bndbox>
        <xmin>132.72727272727272</xmin>
        <ymin>45.81818181818182</ymin>
        <xmax>184.84848484848484</xmax>
        <ymax>79.51515151515152</ymax>
    </bndbox>
</object>
</annotation>
