<annotation verified="yes">
    <folder>Annotation</folder>
    <filename>122.jpg</filename>
    <path>train-2-PascalVOC-export/Annotations/122.jpg</path>
    <source>
        <database>Unknown</database>
    </source>
    <size>
        <width>224</width>
        <height>224</height>
        <depth>3</depth>
    </size>
    <segmented>0</segmented>
    <object>
    <name>5</name>
    <pose>Unspecified</pose>
    <truncated>0</truncated>
    <difficult>0</difficult>
    <bndbox>
        <xmin>126.9090909090909</xmin>
        <ymin>71.51515151515152</ymin>
        <xmax>181.45454545454544</xmax>
        <ymax>112.72727272727272</ymax>
    </bndbox>
</object>
</annotation>
