<annotation verified="yes">
    <folder>Annotation</folder>
    <filename>123.jpg</filename>
    <path>train-2-PascalVOC-export/Annotations/123.jpg</path>
    <source>
        <database>Unknown</database>
    </source>
    <size>
        <width>224</width>
        <height>224</height>
        <depth>3</depth>
    </size>
    <segmented>0</segmented>
    <object>
    <name>5</name>
    <pose>Unspecified</pose>
    <truncated>0</truncated>
    <difficult>0</difficult>
    <bndbox>
        <xmin>121.0909090909091</xmin>
        <ymin>37.57575757575758</ymin>
        <xmax>182.66666666666669</xmax>
        <ymax>72</ymax>
    </bndbox>
</object>
</annotation>
