<annotation verified="yes">
    <folder>Annotation</folder>
    <filename>124.jpg</filename>
    <path>train-2-PascalVOC-export/Annotations/124.jpg</path>
    <source>
        <database>Unknown</database>
    </source>
    <size>
        <width>224</width>
        <height>224</height>
        <depth>3</depth>
    </size>
    <segmented>0</segmented>
    <object>
    <name>5</name>
    <pose>Unspecified</pose>
    <truncated>0</truncated>
    <difficult>0</difficult>
    <bndbox>
        <xmin>117.93939393939394</xmin>
        <ymin>51.87878787878788</ymin>
        <xmax>172</xmax>
        <ymax>84.84848484848484</ymax>
    </bndbox>
</object><object>
    <name>6</name>
    <pose>Unspecified</pose>
    <truncated>0</truncated>
    <difficult>0</difficult>
    <bndbox>
        <xmin>203.27272727272728</xmin>
        <ymin>59.15151515151516</ymin>
        <xmax>224</xmax>
        <ymax>99.3939393939394</ymax>
    </bndbox>
</object>
</annotation>
