<annotation verified="yes">
    <folder>Annotation</folder>
    <filename>125.jpg</filename>
    <path>train-2-PascalVOC-export/Annotations/125.jpg</path>
    <source>
        <database>Unknown</database>
    </source>
    <size>
        <width>224</width>
        <height>224</height>
        <depth>3</depth>
    </size>
    <segmented>0</segmented>
    <object>
    <name>6</name>
    <pose>Unspecified</pose>
    <truncated>0</truncated>
    <difficult>0</difficult>
    <bndbox>
        <xmin>198.66666666666669</xmin>
        <ymin>53.09090909090909</ymin>
        <xmax>224.00000000000003</xmax>
        <ymax>91.87878787878788</ymax>
    </bndbox>
</object><object>
    <name>5</name>
    <pose>Unspecified</pose>
    <truncated>0</truncated>
    <difficult>0</difficult>
    <bndbox>
        <xmin>112.12121212121212</xmin>
        <ymin>48.24242424242424</ymin>
        <xmax>172.96969696969697</xmax>
        <ymax>82.42424242424242</ymax>
    </bndbox>
</object>
</annotation>
