<annotation verified="yes">
    <folder>Annotation</folder>
    <filename>126.jpg</filename>
    <path>train-2-PascalVOC-export/Annotations/126.jpg</path>
    <source>
        <database>Unknown</database>
    </source>
    <size>
        <width>224</width>
        <height>224</height>
        <depth>3</depth>
    </size>
    <segmented>0</segmented>
    <object>
    <name>5</name>
    <pose>Unspecified</pose>
    <truncated>0</truncated>
    <difficult>0</difficult>
    <bndbox>
        <xmin>120.84848484848486</xmin>
        <ymin>38.78787878787879</ymin>
        <xmax>181.69696969696972</xmax>
        <ymax>77.0909090909091</ymax>
    </bndbox>
</object><object>
    <name>6</name>
    <pose>Unspecified</pose>
    <truncated>0</truncated>
    <difficult>0</difficult>
    <bndbox>
        <xmin>205.8181818181818</xmin>
        <ymin>46.78787878787879</ymin>
        <xmax>224</xmax>
        <ymax>80.72727272727272</ymax>
    </bndbox>
</object>
</annotation>
