<annotation verified="yes">
    <folder>Annotation</folder>
    <filename>127.jpg</filename>
    <path>train-2-PascalVOC-export/Annotations/127.jpg</path>
    <source>
        <database>Unknown</database>
    </source>
    <size>
        <width>224</width>
        <height>224</height>
        <depth>3</depth>
    </size>
    <segmented>0</segmented>
    <object>
    <name>6</name>
    <pose>Unspecified</pose>
    <truncated>0</truncated>
    <difficult>0</difficult>
    <bndbox>
        <xmin>197.21212121212122</xmin>
        <ymin>59.87878787878788</ymin>
        <xmax>224</xmax>
        <ymax>108.84848484848484</ymax>
    </bndbox>
</object><object>
    <name>5</name>
    <pose>Unspecified</pose>
    <truncated>0</truncated>
    <difficult>0</difficult>
    <bndbox>
        <xmin>108</xmin>
        <ymin>55.03030303030303</ymin>
        <xmax>171.27272727272728</xmax>
        <ymax>99.3939393939394</ymax>
    </bndbox>
</object>
</annotation>
