<annotation verified="yes">
    <folder>Annotation</folder>
    <filename>128.jpg</filename>
    <path>train-2-PascalVOC-export/Annotations/128.jpg</path>
    <source>
        <database>Unknown</database>
    </source>
    <size>
        <width>224</width>
        <height>224</height>
        <depth>3</depth>
    </size>
    <segmented>0</segmented>
    <object>
    <name>6</name>
    <pose>Unspecified</pose>
    <truncated>0</truncated>
    <difficult>0</difficult>
    <bndbox>
        <xmin>196</xmin>
        <ymin>58.909090909090914</ymin>
        <xmax>224</xmax>
        <ymax>110.30303030303031</ymax>
    </bndbox>
</object><object>
    <name>5</name>
    <pose>Unspecified</pose>
    <truncated>0</truncated>
    <difficult>0</difficult>
    <bndbox>
        <xmin>107.51515151515152</xmin>
        <ymin>57.93939393939394</ymin>
        <xmax>171.03030303030303</xmax>
        <ymax>97.21212121212122</ymax>
    </bndbox>
</object>
</annotation>
