<annotation verified="yes">
    <folder>Annotation</folder>
    <filename>129.jpg</filename>
    <path>train-2-PascalVOC-export/Annotations/129.jpg</path>
    <source>
        <database>Unknown</database>
    </source>
    <size>
        <width>224</width>
        <height>224</height>
        <depth>3</depth>
    </size>
    <segmented>0</segmented>
    <object>
    <name>6</name>
    <pose>Unspecified</pose>
    <truncated>0</truncated>
    <difficult>0</difficult>
    <bndbox>
        <xmin>199.03030303030303</xmin>
        <ymin>64.72727272727273</ymin>
        <xmax>224</xmax>
        <ymax>113.93939393939394</ymax>
    </bndbox>
</object><object>
    <name>5</name>
    <pose>Unspecified</pose>
    <truncated>0</truncated>
    <difficult>0</difficult>
    <bndbox>
        <xmin>107.87878787878788</xmin>
        <ymin>63.27272727272727</ymin>
        <xmax>176.60606060606062</xmax>
        <ymax>103.27272727272728</ymax>
    </bndbox>
</object>
</annotation>
