<annotation verified="yes">
    <folder>Annotation</folder>
    <filename>13.jpg</filename>
    <path>train-2-PascalVOC-export/Annotations/13.jpg</path>
    <source>
        <database>Unknown</database>
    </source>
    <size>
        <width>224</width>
        <height>224</height>
        <depth>3</depth>
    </size>
    <segmented>0</segmented>
    <object>
    <name>2</name>
    <pose>Unspecified</pose>
    <truncated>0</truncated>
    <difficult>0</difficult>
    <bndbox>
        <xmin>130.54545454545456</xmin>
        <ymin>46.78787878787879</ymin>
        <xmax>185.09090909090912</xmax>
        <ymax>89.21212121212122</ymax>
    </bndbox>
</object><object>
    <name>1</name>
    <pose>Unspecified</pose>
    <truncated>0</truncated>
    <difficult>0</difficult>
    <bndbox>
        <xmin>55.3939393939394</xmin>
        <ymin>55.03030303030303</ymin>
        <xmax>88.36363636363637</xmax>
        <ymax>94.78787878787878</ymax>
    </bndbox>
</object>
</annotation>
