<annotation verified="yes">
    <folder>Annotation</folder>
    <filename>130.jpg</filename>
    <path>train-2-PascalVOC-export/Annotations/130.jpg</path>
    <source>
        <database>Unknown</database>
    </source>
    <size>
        <width>224</width>
        <height>224</height>
        <depth>3</depth>
    </size>
    <segmented>0</segmented>
    <object>
    <name>5</name>
    <pose>Unspecified</pose>
    <truncated>0</truncated>
    <difficult>0</difficult>
    <bndbox>
        <xmin>83.51515151515152</xmin>
        <ymin>51.63636363636364</ymin>
        <xmax>152.12121212121212</xmax>
        <ymax>97.93939393939394</ymax>
    </bndbox>
</object><object>
    <name>6</name>
    <pose>Unspecified</pose>
    <truncated>0</truncated>
    <difficult>0</difficult>
    <bndbox>
        <xmin>181.45454545454547</xmin>
        <ymin>59.3939393939394</ymin>
        <xmax>224</xmax>
        <ymax>112.96969696969697</ymax>
    </bndbox>
</object>
</annotation>
