<annotation verified="yes">
    <folder>Annotation</folder>
    <filename>131.jpg</filename>
    <path>train-2-PascalVOC-export/Annotations/131.jpg</path>
    <source>
        <database>Unknown</database>
    </source>
    <size>
        <width>224</width>
        <height>224</height>
        <depth>3</depth>
    </size>
    <segmented>0</segmented>
    <object>
    <name>6</name>
    <pose>Unspecified</pose>
    <truncated>0</truncated>
    <difficult>0</difficult>
    <bndbox>
        <xmin>178.3030303030303</xmin>
        <ymin>58.66666666666667</ymin>
        <xmax>224</xmax>
        <ymax>113.21212121212122</ymax>
    </bndbox>
</object><object>
    <name>5</name>
    <pose>Unspecified</pose>
    <truncated>0</truncated>
    <difficult>0</difficult>
    <bndbox>
        <xmin>80.36363636363636</xmin>
        <ymin>54.06060606060606</ymin>
        <xmax>145.57575757575756</xmax>
        <ymax>101.0909090909091</ymax>
    </bndbox>
</object>
</annotation>
