<annotation verified="yes">
    <folder>Annotation</folder>
    <filename>132.jpg</filename>
    <path>train-2-PascalVOC-export/Annotations/132.jpg</path>
    <source>
        <database>Unknown</database>
    </source>
    <size>
        <width>224</width>
        <height>224</height>
        <depth>3</depth>
    </size>
    <segmented>0</segmented>
    <object>
    <name>5</name>
    <pose>Unspecified</pose>
    <truncated>0</truncated>
    <difficult>0</difficult>
    <bndbox>
        <xmin>85.6969696969697</xmin>
        <ymin>58.42424242424243</ymin>
        <xmax>151.15151515151516</xmax>
        <ymax>102.7878787878788</ymax>
    </bndbox>
</object><object>
    <name>6</name>
    <pose>Unspecified</pose>
    <truncated>0</truncated>
    <difficult>0</difficult>
    <bndbox>
        <xmin>182.66666666666669</xmin>
        <ymin>62.303030303030305</ymin>
        <xmax>224.00000000000003</xmax>
        <ymax>116.36363636363637</ymax>
    </bndbox>
</object>
</annotation>
