<annotation verified="yes">
    <folder>Annotation</folder>
    <filename>133.jpg</filename>
    <path>train-2-PascalVOC-export/Annotations/133.jpg</path>
    <source>
        <database>Unknown</database>
    </source>
    <size>
        <width>224</width>
        <height>224</height>
        <depth>3</depth>
    </size>
    <segmented>0</segmented>
    <object>
    <name>6</name>
    <pose>Unspecified</pose>
    <truncated>0</truncated>
    <difficult>0</difficult>
    <bndbox>
        <xmin>149.93939393939394</xmin>
        <ymin>45.333333333333336</ymin>
        <xmax>215.87878787878788</xmax>
        <ymax>112.4848484848485</ymax>
    </bndbox>
</object><object>
    <name>5</name>
    <pose>Unspecified</pose>
    <truncated>0</truncated>
    <difficult>0</difficult>
    <bndbox>
        <xmin>44.72727272727273</xmin>
        <ymin>44.84848484848485</ymin>
        <xmax>115.51515151515153</xmax>
        <ymax>103.03030303030303</ymax>
    </bndbox>
</object>
</annotation>
