<annotation verified="yes">
    <folder>Annotation</folder>
    <filename>134.jpg</filename>
    <path>train-2-PascalVOC-export/Annotations/134.jpg</path>
    <source>
        <database>Unknown</database>
    </source>
    <size>
        <width>224</width>
        <height>224</height>
        <depth>3</depth>
    </size>
    <segmented>0</segmented>
    <object>
    <name>5</name>
    <pose>Unspecified</pose>
    <truncated>0</truncated>
    <difficult>0</difficult>
    <bndbox>
        <xmin>38.18181818181818</xmin>
        <ymin>32</ymin>
        <xmax>111.87878787878788</xmax>
        <ymax>88.48484848484848</ymax>
    </bndbox>
</object><object>
    <name>6</name>
    <pose>Unspecified</pose>
    <truncated>0</truncated>
    <difficult>0</difficult>
    <bndbox>
        <xmin>145.0909090909091</xmin>
        <ymin>32.96969696969697</ymin>
        <xmax>211.27272727272728</xmax>
        <ymax>95.51515151515152</ymax>
    </bndbox>
</object>
</annotation>
