<annotation verified="yes">
    <folder>Annotation</folder>
    <filename>135.jpg</filename>
    <path>train-2-PascalVOC-export/Annotations/135.jpg</path>
    <source>
        <database>Unknown</database>
    </source>
    <size>
        <width>224</width>
        <height>224</height>
        <depth>3</depth>
    </size>
    <segmented>0</segmented>
    <object>
    <name>6</name>
    <pose>Unspecified</pose>
    <truncated>0</truncated>
    <difficult>0</difficult>
    <bndbox>
        <xmin>148.24242424242425</xmin>
        <ymin>49.93939393939394</ymin>
        <xmax>216.36363636363637</xmax>
        <ymax>111.75757575757575</ymax>
    </bndbox>
</object><object>
    <name>5</name>
    <pose>Unspecified</pose>
    <truncated>0</truncated>
    <difficult>0</difficult>
    <bndbox>
        <xmin>46.909090909090914</xmin>
        <ymin>48.72727272727273</ymin>
        <xmax>117.69696969696972</xmax>
        <ymax>107.3939393939394</ymax>
    </bndbox>
</object>
</annotation>
