<annotation verified="yes">
    <folder>Annotation</folder>
    <filename>136.jpg</filename>
    <path>train-2-PascalVOC-export/Annotations/136.jpg</path>
    <source>
        <database>Unknown</database>
    </source>
    <size>
        <width>224</width>
        <height>224</height>
        <depth>3</depth>
    </size>
    <segmented>0</segmented>
    <object>
    <name>5</name>
    <pose>Unspecified</pose>
    <truncated>0</truncated>
    <difficult>0</difficult>
    <bndbox>
        <xmin>49.57575757575758</xmin>
        <ymin>51.151515151515156</ymin>
        <xmax>118.42424242424242</xmax>
        <ymax>104.96969696969697</ymax>
    </bndbox>
</object><object>
    <name>6</name>
    <pose>Unspecified</pose>
    <truncated>0</truncated>
    <difficult>0</difficult>
    <bndbox>
        <xmin>149.45454545454547</xmin>
        <ymin>51.63636363636364</ymin>
        <xmax>218.3030303030303</xmax>
        <ymax>118.54545454545455</ymax>
    </bndbox>
</object>
</annotation>
