<annotation verified="yes">
    <folder>Annotation</folder>
    <filename>137.jpg</filename>
    <path>train-2-PascalVOC-export/Annotations/137.jpg</path>
    <source>
        <database>Unknown</database>
    </source>
    <size>
        <width>224</width>
        <height>224</height>
        <depth>3</depth>
    </size>
    <segmented>0</segmented>
    <object>
    <name>6</name>
    <pose>Unspecified</pose>
    <truncated>0</truncated>
    <difficult>0</difficult>
    <bndbox>
        <xmin>154.06060606060606</xmin>
        <ymin>39.75757575757576</ymin>
        <xmax>219.5151515151515</xmax>
        <ymax>105.69696969696969</ymax>
    </bndbox>
</object><object>
    <name>5</name>
    <pose>Unspecified</pose>
    <truncated>0</truncated>
    <difficult>0</difficult>
    <bndbox>
        <xmin>51.03030303030303</xmin>
        <ymin>37.333333333333336</ymin>
        <xmax>119.63636363636364</xmax>
        <ymax>98.18181818181819</ymax>
    </bndbox>
</object>
</annotation>
