<annotation verified="yes">
    <folder>Annotation</folder>
    <filename>138.jpg</filename>
    <path>train-2-PascalVOC-export/Annotations/138.jpg</path>
    <source>
        <database>Unknown</database>
    </source>
    <size>
        <width>224</width>
        <height>224</height>
        <depth>3</depth>
    </size>
    <segmented>0</segmented>
    <object>
    <name>5</name>
    <pose>Unspecified</pose>
    <truncated>0</truncated>
    <difficult>0</difficult>
    <bndbox>
        <xmin>48.121212121212125</xmin>
        <ymin>71.75757575757576</ymin>
        <xmax>125.21212121212122</xmax>
        <ymax>135.03030303030303</ymax>
    </bndbox>
</object><object>
    <name>6</name>
    <pose>Unspecified</pose>
    <truncated>0</truncated>
    <difficult>0</difficult>
    <bndbox>
        <xmin>156</xmin>
        <ymin>79.75757575757576</ymin>
        <xmax>221.45454545454544</xmax>
        <ymax>149.0909090909091</ymax>
    </bndbox>
</object>
</annotation>
