<annotation verified="yes">
    <folder>Annotation</folder>
    <filename>139.jpg</filename>
    <path>train-2-PascalVOC-export/Annotations/139.jpg</path>
    <source>
        <database>Unknown</database>
    </source>
    <size>
        <width>224</width>
        <height>224</height>
        <depth>3</depth>
    </size>
    <segmented>0</segmented>
    <object>
    <name>6</name>
    <pose>Unspecified</pose>
    <truncated>0</truncated>
    <difficult>0</difficult>
    <bndbox>
        <xmin>171.03030303030303</xmin>
        <ymin>77.0909090909091</ymin>
        <xmax>224</xmax>
        <ymax>152.96969696969697</ymax>
    </bndbox>
</object><object>
    <name>5</name>
    <pose>Unspecified</pose>
    <truncated>0</truncated>
    <difficult>0</difficult>
    <bndbox>
        <xmin>61.21212121212121</xmin>
        <ymin>70.54545454545455</ymin>
        <xmax>137.57575757575756</xmax>
        <ymax>137.21212121212122</ymax>
    </bndbox>
</object>
</annotation>
