<annotation verified="yes">
    <folder>Annotation</folder>
    <filename>14.jpg</filename>
    <path>train-2-PascalVOC-export/Annotations/14.jpg</path>
    <source>
        <database>Unknown</database>
    </source>
    <size>
        <width>224</width>
        <height>224</height>
        <depth>3</depth>
    </size>
    <segmented>0</segmented>
    <object>
    <name>2</name>
    <pose>Unspecified</pose>
    <truncated>0</truncated>
    <difficult>0</difficult>
    <bndbox>
        <xmin>115.75757575757576</xmin>
        <ymin>42.42424242424242</ymin>
        <xmax>170.06060606060606</xmax>
        <ymax>82.18181818181819</ymax>
    </bndbox>
</object><object>
    <name>1</name>
    <pose>Unspecified</pose>
    <truncated>0</truncated>
    <difficult>0</difficult>
    <bndbox>
        <xmin>38.42424242424242</xmin>
        <ymin>54.06060606060606</ymin>
        <xmax>72.6060606060606</xmax>
        <ymax>94.06060606060606</ymax>
    </bndbox>
</object>
</annotation>
