<annotation verified="yes">
    <folder>Annotation</folder>
    <filename>140.jpg</filename>
    <path>train-2-PascalVOC-export/Annotations/140.jpg</path>
    <source>
        <database>Unknown</database>
    </source>
    <size>
        <width>224</width>
        <height>224</height>
        <depth>3</depth>
    </size>
    <segmented>0</segmented>
    <object>
    <name>6</name>
    <pose>Unspecified</pose>
    <truncated>0</truncated>
    <difficult>0</difficult>
    <bndbox>
        <xmin>165.21212121212122</xmin>
        <ymin>68.36363636363636</ymin>
        <xmax>224</xmax>
        <ymax>142.3030303030303</ymax>
    </bndbox>
</object><object>
    <name>5</name>
    <pose>Unspecified</pose>
    <truncated>0</truncated>
    <difficult>0</difficult>
    <bndbox>
        <xmin>54.66666666666667</xmin>
        <ymin>64.24242424242425</ymin>
        <xmax>129.33333333333334</xmax>
        <ymax>127.51515151515153</ymax>
    </bndbox>
</object>
</annotation>
