<annotation verified="yes">
    <folder>Annotation</folder>
    <filename>141.jpg</filename>
    <path>train-2-PascalVOC-export/Annotations/141.jpg</path>
    <source>
        <database>Unknown</database>
    </source>
    <size>
        <width>224</width>
        <height>224</height>
        <depth>3</depth>
    </size>
    <segmented>0</segmented>
    <object>
    <name>6</name>
    <pose>Unspecified</pose>
    <truncated>0</truncated>
    <difficult>0</difficult>
    <bndbox>
        <xmin>125.6969696969697</xmin>
        <ymin>90.9090909090909</ymin>
        <xmax>202.3030303030303</xmax>
        <ymax>178.9090909090909</ymax>
    </bndbox>
</object><object>
    <name>5</name>
    <pose>Unspecified</pose>
    <truncated>0</truncated>
    <difficult>0</difficult>
    <bndbox>
        <xmin>10.06060606060606</xmin>
        <ymin>81.45454545454545</ymin>
        <xmax>92.48484848484848</xmax>
        <ymax>157.8181818181818</ymax>
    </bndbox>
</object>
</annotation>
