<annotation verified="yes">
    <folder>Annotation</folder>
    <filename>142.jpg</filename>
    <path>train-2-PascalVOC-export/Annotations/142.jpg</path>
    <source>
        <database>Unknown</database>
    </source>
    <size>
        <width>224</width>
        <height>224</height>
        <depth>3</depth>
    </size>
    <segmented>0</segmented>
    <object>
    <name>6</name>
    <pose>Unspecified</pose>
    <truncated>0</truncated>
    <difficult>0</difficult>
    <bndbox>
        <xmin>131.03030303030303</xmin>
        <ymin>85.0909090909091</ymin>
        <xmax>209.0909090909091</xmax>
        <ymax>175.75757575757575</ymax>
    </bndbox>
</object><object>
    <name>5</name>
    <pose>Unspecified</pose>
    <truncated>0</truncated>
    <difficult>0</difficult>
    <bndbox>
        <xmin>14.424242424242424</xmin>
        <ymin>77.81818181818183</ymin>
        <xmax>95.39393939393939</xmax>
        <ymax>150.06060606060606</ymax>
    </bndbox>
</object>
</annotation>
