<annotation verified="yes">
    <folder>Annotation</folder>
    <filename>143.jpg</filename>
    <path>train-2-PascalVOC-export/Annotations/143.jpg</path>
    <source>
        <database>Unknown</database>
    </source>
    <size>
        <width>224</width>
        <height>224</height>
        <depth>3</depth>
    </size>
    <segmented>0</segmented>
    <object>
    <name>6</name>
    <pose>Unspecified</pose>
    <truncated>0</truncated>
    <difficult>0</difficult>
    <bndbox>
        <xmin>136.60606060606062</xmin>
        <ymin>81.45454545454545</ymin>
        <xmax>212.4848484848485</xmax>
        <ymax>168</ymax>
    </bndbox>
</object><object>
    <name>5</name>
    <pose>Unspecified</pose>
    <truncated>0</truncated>
    <difficult>0</difficult>
    <bndbox>
        <xmin>20.484848484848484</xmin>
        <ymin>73.45454545454545</ymin>
        <xmax>101.21212121212122</xmax>
        <ymax>144</ymax>
    </bndbox>
</object>
</annotation>
