<annotation verified="yes">
    <folder>Annotation</folder>
    <filename>144.jpg</filename>
    <path>train-2-PascalVOC-export/Annotations/144.jpg</path>
    <source>
        <database>Unknown</database>
    </source>
    <size>
        <width>224</width>
        <height>224</height>
        <depth>3</depth>
    </size>
    <segmented>0</segmented>
    <object>
    <name>6</name>
    <pose>Unspecified</pose>
    <truncated>0</truncated>
    <difficult>0</difficult>
    <bndbox>
        <xmin>136.84848484848484</xmin>
        <ymin>83.39393939393939</ymin>
        <xmax>215.63636363636363</xmax>
        <ymax>172.84848484848484</ymax>
    </bndbox>
</object><object>
    <name>5</name>
    <pose>Unspecified</pose>
    <truncated>0</truncated>
    <difficult>0</difficult>
    <bndbox>
        <xmin>21.93939393939394</xmin>
        <ymin>75.39393939393939</ymin>
        <xmax>103.15151515151516</xmax>
        <ymax>147.87878787878788</ymax>
    </bndbox>
</object>
</annotation>
