<annotation verified="yes">
    <folder>Annotation</folder>
    <filename>145.jpg</filename>
    <path>train-2-PascalVOC-export/Annotations/145.jpg</path>
    <source>
        <database>Unknown</database>
    </source>
    <size>
        <width>224</width>
        <height>224</height>
        <depth>3</depth>
    </size>
    <segmented>0</segmented>
    <object>
    <name>6</name>
    <pose>Unspecified</pose>
    <truncated>0</truncated>
    <difficult>0</difficult>
    <bndbox>
        <xmin>124.24242424242425</xmin>
        <ymin>106.18181818181819</ymin>
        <xmax>210.06060606060606</xmax>
        <ymax>203.63636363636363</ymax>
    </bndbox>
</object><object>
    <name>5</name>
    <pose>Unspecified</pose>
    <truncated>0</truncated>
    <difficult>0</difficult>
    <bndbox>
        <xmin>1.3333333333333335</xmin>
        <ymin>90.18181818181819</ymin>
        <xmax>95.15151515151516</xmax>
        <ymax>168.969696969697</ymax>
    </bndbox>
</object>
</annotation>
