<annotation verified="yes">
    <folder>Annotation</folder>
    <filename>146.jpg</filename>
    <path>train-2-PascalVOC-export/Annotations/146.jpg</path>
    <source>
        <database>Unknown</database>
    </source>
    <size>
        <width>224</width>
        <height>224</height>
        <depth>3</depth>
    </size>
    <segmented>0</segmented>
    <object>
    <name>6</name>
    <pose>Unspecified</pose>
    <truncated>0</truncated>
    <difficult>0</difficult>
    <bndbox>
        <xmin>118.66666666666667</xmin>
        <ymin>93.57575757575758</ymin>
        <xmax>202.3030303030303</xmax>
        <ymax>188.84848484848487</ymax>
    </bndbox>
</object><object>
    <name>5</name>
    <pose>Unspecified</pose>
    <truncated>0</truncated>
    <difficult>0</difficult>
    <bndbox>
        <xmin>0.8484848484848485</xmin>
        <ymin>81.45454545454545</ymin>
        <xmax>88.36363636363636</xmax>
        <ymax>159.75757575757575</ymax>
    </bndbox>
</object>
</annotation>
