<annotation verified="yes">
    <folder>Annotation</folder>
    <filename>147.jpg</filename>
    <path>train-2-PascalVOC-export/Annotations/147.jpg</path>
    <source>
        <database>Unknown</database>
    </source>
    <size>
        <width>224</width>
        <height>224</height>
        <depth>3</depth>
    </size>
    <segmented>0</segmented>
    <object>
    <name>6</name>
    <pose>Unspecified</pose>
    <truncated>0</truncated>
    <difficult>0</difficult>
    <bndbox>
        <xmin>118.66666666666667</xmin>
        <ymin>88.24242424242425</ymin>
        <xmax>204.4848484848485</xmax>
        <ymax>181.8181818181818</ymax>
    </bndbox>
</object><object>
    <name>5</name>
    <pose>Unspecified</pose>
    <truncated>0</truncated>
    <difficult>0</difficult>
    <bndbox>
        <xmin>1.0909090909090908</xmin>
        <ymin>77.81818181818183</ymin>
        <xmax>86.90909090909092</xmax>
        <ymax>155.63636363636365</ymax>
    </bndbox>
</object>
</annotation>
