<annotation verified="yes">
    <folder>Annotation</folder>
    <filename>148.jpg</filename>
    <path>train-2-PascalVOC-export/Annotations/148.jpg</path>
    <source>
        <database>Unknown</database>
    </source>
    <size>
        <width>224</width>
        <height>224</height>
        <depth>3</depth>
    </size>
    <segmented>0</segmented>
    <object>
    <name>5</name>
    <pose>Unspecified</pose>
    <truncated>0</truncated>
    <difficult>0</difficult>
    <bndbox>
        <xmin>0.36363636363636365</xmin>
        <ymin>91.39393939393939</ymin>
        <xmax>72.12121212121212</xmax>
        <ymax>175.75757575757575</ymax>
    </bndbox>
</object><object>
    <name>6</name>
    <pose>Unspecified</pose>
    <truncated>0</truncated>
    <difficult>0</difficult>
    <bndbox>
        <xmin>105.0909090909091</xmin>
        <ymin>109.57575757575758</ymin>
        <xmax>190.90909090909093</xmax>
        <ymax>206.7878787878788</ymax>
    </bndbox>
</object>
</annotation>
