<annotation verified="yes">
    <folder>Annotation</folder>
    <filename>149.jpg</filename>
    <path>train-2-PascalVOC-export/Annotations/149.jpg</path>
    <source>
        <database>Unknown</database>
    </source>
    <size>
        <width>224</width>
        <height>224</height>
        <depth>3</depth>
    </size>
    <segmented>0</segmented>
    <object>
    <name>6</name>
    <pose>Unspecified</pose>
    <truncated>0</truncated>
    <difficult>0</difficult>
    <bndbox>
        <xmin>107.75757575757576</xmin>
        <ymin>110.54545454545455</ymin>
        <xmax>194.3030303030303</xmax>
        <ymax>206.3030303030303</ymax>
    </bndbox>
</object><object>
    <name>5</name>
    <pose>Unspecified</pose>
    <truncated>0</truncated>
    <difficult>0</difficult>
    <bndbox>
        <xmin>0</xmin>
        <ymin>96.24242424242425</ymin>
        <xmax>76.24242424242425</xmax>
        <ymax>180.36363636363637</ymax>
    </bndbox>
</object>
</annotation>
