<annotation verified="yes">
    <folder>Annotation</folder>
    <filename>15.jpg</filename>
    <path>train-2-PascalVOC-export/Annotations/15.jpg</path>
    <source>
        <database>Unknown</database>
    </source>
    <size>
        <width>224</width>
        <height>224</height>
        <depth>3</depth>
    </size>
    <segmented>0</segmented>
    <object>
    <name>2</name>
    <pose>Unspecified</pose>
    <truncated>0</truncated>
    <difficult>0</difficult>
    <bndbox>
        <xmin>110.18181818181819</xmin>
        <ymin>35.3939393939394</ymin>
        <xmax>172</xmax>
        <ymax>77.57575757575758</ymax>
    </bndbox>
</object><object>
    <name>1</name>
    <pose>Unspecified</pose>
    <truncated>0</truncated>
    <difficult>0</difficult>
    <bndbox>
        <xmin>35.75757575757576</xmin>
        <ymin>47.75757575757576</ymin>
        <xmax>69.45454545454545</xmax>
        <ymax>88.72727272727272</ymax>
    </bndbox>
</object>
</annotation>
