<annotation verified="yes">
    <folder>Annotation</folder>
    <filename>150.jpg</filename>
    <path>train-2-PascalVOC-export/Annotations/150.jpg</path>
    <source>
        <database>Unknown</database>
    </source>
    <size>
        <width>224</width>
        <height>224</height>
        <depth>3</depth>
    </size>
    <segmented>0</segmented>
    <object>
    <name>6</name>
    <pose>Unspecified</pose>
    <truncated>0</truncated>
    <difficult>0</difficult>
    <bndbox>
        <xmin>92.48484848484848</xmin>
        <ymin>115.87878787878788</ymin>
        <xmax>183.39393939393938</xmax>
        <ymax>224</ymax>
    </bndbox>
</object><object>
    <name>5</name>
    <pose>Unspecified</pose>
    <truncated>0</truncated>
    <difficult>0</difficult>
    <bndbox>
        <xmin>0</xmin>
        <ymin>102.06060606060606</ymin>
        <xmax>67.39393939393939</xmax>
        <ymax>190.0606060606061</ymax>
    </bndbox>
</object>
</annotation>
