<annotation verified="yes">
    <folder>Annotation</folder>
    <filename>151.jpg</filename>
    <path>train-2-PascalVOC-export/Annotations/151.jpg</path>
    <source>
        <database>Unknown</database>
    </source>
    <size>
        <width>224</width>
        <height>224</height>
        <depth>3</depth>
    </size>
    <segmented>0</segmented>
    <object>
    <name>6</name>
    <pose>Unspecified</pose>
    <truncated>0</truncated>
    <difficult>0</difficult>
    <bndbox>
        <xmin>89.33333333333334</xmin>
        <ymin>102.06060606060606</ymin>
        <xmax>180.969696969697</xmax>
        <ymax>202.66666666666669</ymax>
    </bndbox>
</object><object>
    <name>5</name>
    <pose>Unspecified</pose>
    <truncated>0</truncated>
    <difficult>0</difficult>
    <bndbox>
        <xmin>1.0909090909090908</xmin>
        <ymin>81.45454545454545</ymin>
        <xmax>60.48484848484849</xmax>
        <ymax>176</ymax>
    </bndbox>
</object>
</annotation>
