<annotation verified="yes">
    <folder>Annotation</folder>
    <filename>152.jpg</filename>
    <path>train-2-PascalVOC-export/Annotations/152.jpg</path>
    <source>
        <database>Unknown</database>
    </source>
    <size>
        <width>224</width>
        <height>224</height>
        <depth>3</depth>
    </size>
    <segmented>0</segmented>
    <object>
    <name>6</name>
    <pose>Unspecified</pose>
    <truncated>0</truncated>
    <difficult>0</difficult>
    <bndbox>
        <xmin>119.39393939393939</xmin>
        <ymin>70.06060606060606</ymin>
        <xmax>208.60606060606062</xmax>
        <ymax>171.15151515151516</ymax>
    </bndbox>
</object><object>
    <name>5</name>
    <pose>Unspecified</pose>
    <truncated>0</truncated>
    <difficult>0</difficult>
    <bndbox>
        <xmin>0.8484848484848485</xmin>
        <ymin>53.09090909090909</ymin>
        <xmax>87.39393939393939</xmax>
        <ymax>143.27272727272728</ymax>
    </bndbox>
</object>
</annotation>
