<annotation verified="yes">
    <folder>Annotation</folder>
    <filename>153.jpg</filename>
    <path>train-2-PascalVOC-export/Annotations/153.jpg</path>
    <source>
        <database>Unknown</database>
    </source>
    <size>
        <width>224</width>
        <height>224</height>
        <depth>3</depth>
    </size>
    <segmented>0</segmented>
    <object>
    <name>6</name>
    <pose>Unspecified</pose>
    <truncated>0</truncated>
    <difficult>0</difficult>
    <bndbox>
        <xmin>105.0909090909091</xmin>
        <ymin>99.63636363636364</ymin>
        <xmax>194.3030303030303</xmax>
        <ymax>205.8181818181818</ymax>
    </bndbox>
</object><object>
    <name>5</name>
    <pose>Unspecified</pose>
    <truncated>0</truncated>
    <difficult>0</difficult>
    <bndbox>
        <xmin>1.0909090909090908</xmin>
        <ymin>82.66666666666667</ymin>
        <xmax>69.45454545454545</xmax>
        <ymax>174.06060606060606</ymax>
    </bndbox>
</object>
</annotation>
