<annotation verified="yes">
    <folder>Annotation</folder>
    <filename>154.jpg</filename>
    <path>train-2-PascalVOC-export/Annotations/154.jpg</path>
    <source>
        <database>Unknown</database>
    </source>
    <size>
        <width>224</width>
        <height>224</height>
        <depth>3</depth>
    </size>
    <segmented>0</segmented>
    <object>
    <name>6</name>
    <pose>Unspecified</pose>
    <truncated>0</truncated>
    <difficult>0</difficult>
    <bndbox>
        <xmin>98.30303030303031</xmin>
        <ymin>112.96969696969697</ymin>
        <xmax>188.72727272727275</xmax>
        <ymax>220.36363636363637</ymax>
    </bndbox>
</object><object>
    <name>5</name>
    <pose>Unspecified</pose>
    <truncated>0</truncated>
    <difficult>0</difficult>
    <bndbox>
        <xmin>0.36363636363636365</xmin>
        <ymin>94.30303030303034</ymin>
        <xmax>65.2121212121212</xmax>
        <ymax>186.90909090909093</ymax>
    </bndbox>
</object>
</annotation>
