<annotation verified="yes">
    <folder>Annotation</folder>
    <filename>155.jpg</filename>
    <path>train-2-PascalVOC-export/Annotations/155.jpg</path>
    <source>
        <database>Unknown</database>
    </source>
    <size>
        <width>224</width>
        <height>224</height>
        <depth>3</depth>
    </size>
    <segmented>0</segmented>
    <object>
    <name>6</name>
    <pose>Unspecified</pose>
    <truncated>0</truncated>
    <difficult>0</difficult>
    <bndbox>
        <xmin>94.66666666666667</xmin>
        <ymin>106.18181818181819</ymin>
        <xmax>190.42424242424244</xmax>
        <ymax>213.57575757575756</ymax>
    </bndbox>
</object><object>
    <name>5</name>
    <pose>Unspecified</pose>
    <truncated>0</truncated>
    <difficult>0</difficult>
    <bndbox>
        <xmin>1.3333333333333335</xmin>
        <ymin>89.21212121212122</ymin>
        <xmax>58.78787878787879</xmax>
        <ymax>185.93939393939394</ymax>
    </bndbox>
</object>
</annotation>
