<annotation verified="yes">
    <folder>Annotation</folder>
    <filename>156.jpg</filename>
    <path>train-2-PascalVOC-export/Annotations/156.jpg</path>
    <source>
        <database>Unknown</database>
    </source>
    <size>
        <width>224</width>
        <height>224</height>
        <depth>3</depth>
    </size>
    <segmented>0</segmented>
    <object>
    <name>6</name>
    <pose>Unspecified</pose>
    <truncated>0</truncated>
    <difficult>0</difficult>
    <bndbox>
        <xmin>132.24242424242425</xmin>
        <ymin>96.96969696969697</ymin>
        <xmax>222.90909090909093</xmax>
        <ymax>206.7878787878788</ymax>
    </bndbox>
</object><object>
    <name>5</name>
    <pose>Unspecified</pose>
    <truncated>0</truncated>
    <difficult>0</difficult>
    <bndbox>
        <xmin>2.787878787878788</xmin>
        <ymin>81.45454545454545</ymin>
        <xmax>93.93939393939394</xmax>
        <ymax>172.12121212121212</ymax>
    </bndbox>
</object>
</annotation>
