<annotation verified="yes">
    <folder>Annotation</folder>
    <filename>157.jpg</filename>
    <path>train-2-PascalVOC-export/Annotations/157.jpg</path>
    <source>
        <database>Unknown</database>
    </source>
    <size>
        <width>224</width>
        <height>224</height>
        <depth>3</depth>
    </size>
    <segmented>0</segmented>
    <object>
    <name>6</name>
    <pose>Unspecified</pose>
    <truncated>0</truncated>
    <difficult>0</difficult>
    <bndbox>
        <xmin>157.6969696969697</xmin>
        <ymin>40.24242424242424</ymin>
        <xmax>198.9090909090909</xmax>
        <ymax>71.03030303030303</ymax>
    </bndbox>
</object><object>
    <name>5</name>
    <pose>Unspecified</pose>
    <truncated>0</truncated>
    <difficult>0</difficult>
    <bndbox>
        <xmin>80.60606060606061</xmin>
        <ymin>41.45454545454545</ymin>
        <xmax>128.4848484848485</xmax>
        <ymax>70.78787878787878</ymax>
    </bndbox>
</object>
</annotation>
