<annotation verified="yes">
    <folder>Annotation</folder>
    <filename>158.jpg</filename>
    <path>train-2-PascalVOC-export/Annotations/158.jpg</path>
    <source>
        <database>Unknown</database>
    </source>
    <size>
        <width>224</width>
        <height>224</height>
        <depth>3</depth>
    </size>
    <segmented>0</segmented>
    <object>
    <name>5</name>
    <pose>Unspecified</pose>
    <truncated>0</truncated>
    <difficult>0</difficult>
    <bndbox>
        <xmin>100.24242424242425</xmin>
        <ymin>37.09090909090909</ymin>
        <xmax>149.21212121212122</xmax>
        <ymax>64.72727272727273</ymax>
    </bndbox>
</object><object>
    <name>6</name>
    <pose>Unspecified</pose>
    <truncated>0</truncated>
    <difficult>0</difficult>
    <bndbox>
        <xmin>172.4848484848485</xmin>
        <ymin>39.03030303030303</ymin>
        <xmax>217.09090909090912</xmax>
        <ymax>70.06060606060606</ymax>
    </bndbox>
</object>
</annotation>
