<annotation verified="yes">
    <folder>Annotation</folder>
    <filename>159.jpg</filename>
    <path>train-2-PascalVOC-export/Annotations/159.jpg</path>
    <source>
        <database>Unknown</database>
    </source>
    <size>
        <width>224</width>
        <height>224</height>
        <depth>3</depth>
    </size>
    <segmented>0</segmented>
    <object>
    <name>6</name>
    <pose>Unspecified</pose>
    <truncated>0</truncated>
    <difficult>0</difficult>
    <bndbox>
        <xmin>150.42424242424244</xmin>
        <ymin>35.151515151515156</ymin>
        <xmax>194.7878787878788</xmax>
        <ymax>72.4848484848485</ymax>
    </bndbox>
</object><object>
    <name>5</name>
    <pose>Unspecified</pose>
    <truncated>0</truncated>
    <difficult>0</difficult>
    <bndbox>
        <xmin>71.15151515151516</xmin>
        <ymin>42.66666666666667</ymin>
        <xmax>123.03030303030303</xmax>
        <ymax>75.63636363636364</ymax>
    </bndbox>
</object>
</annotation>
