<annotation verified="yes">
    <folder>Annotation</folder>
    <filename>16.jpg</filename>
    <path>train-2-PascalVOC-export/Annotations/16.jpg</path>
    <source>
        <database>Unknown</database>
    </source>
    <size>
        <width>224</width>
        <height>224</height>
        <depth>3</depth>
    </size>
    <segmented>0</segmented>
    <object>
    <name>2</name>
    <pose>Unspecified</pose>
    <truncated>0</truncated>
    <difficult>0</difficult>
    <bndbox>
        <xmin>117.6969696969697</xmin>
        <ymin>32.24242424242424</ymin>
        <xmax>172.72727272727275</xmax>
        <ymax>74.66666666666666</ymax>
    </bndbox>
</object><object>
    <name>1</name>
    <pose>Unspecified</pose>
    <truncated>0</truncated>
    <difficult>0</difficult>
    <bndbox>
        <xmin>42.303030303030305</xmin>
        <ymin>46.54545454545455</ymin>
        <xmax>73.57575757575758</xmax>
        <ymax>89.45454545454547</ymax>
    </bndbox>
</object>
</annotation>
