<annotation verified="yes">
    <folder>Annotation</folder>
    <filename>160.jpg</filename>
    <path>train-2-PascalVOC-export/Annotations/160.jpg</path>
    <source>
        <database>Unknown</database>
    </source>
    <size>
        <width>224</width>
        <height>224</height>
        <depth>3</depth>
    </size>
    <segmented>0</segmented>
    <object>
    <name>6</name>
    <pose>Unspecified</pose>
    <truncated>0</truncated>
    <difficult>0</difficult>
    <bndbox>
        <xmin>151.87878787878788</xmin>
        <ymin>48</ymin>
        <xmax>196.72727272727272</xmax>
        <ymax>84.36363636363637</ymax>
    </bndbox>
</object><object>
    <name>5</name>
    <pose>Unspecified</pose>
    <truncated>0</truncated>
    <difficult>0</difficult>
    <bndbox>
        <xmin>74.30303030303031</xmin>
        <ymin>55.515151515151516</ymin>
        <xmax>120.84848484848486</xmax>
        <ymax>89.21212121212122</ymax>
    </bndbox>
</object>
</annotation>
