<annotation verified="yes">
    <folder>Annotation</folder>
    <filename>161.jpg</filename>
    <path>train-2-PascalVOC-export/Annotations/161.jpg</path>
    <source>
        <database>Unknown</database>
    </source>
    <size>
        <width>224</width>
        <height>224</height>
        <depth>3</depth>
    </size>
    <segmented>0</segmented>
    <object>
    <name>6</name>
    <pose>Unspecified</pose>
    <truncated>0</truncated>
    <difficult>0</difficult>
    <bndbox>
        <xmin>154.06060606060606</xmin>
        <ymin>59.3939393939394</ymin>
        <xmax>198.1818181818182</xmax>
        <ymax>96.96969696969697</ymax>
    </bndbox>
</object><object>
    <name>5</name>
    <pose>Unspecified</pose>
    <truncated>0</truncated>
    <difficult>0</difficult>
    <bndbox>
        <xmin>78.18181818181819</xmin>
        <ymin>64.96969696969697</ymin>
        <xmax>128.36363636363637</xmax>
        <ymax>98.18181818181819</ymax>
    </bndbox>
</object>
</annotation>
