<annotation verified="yes">
    <folder>Annotation</folder>
    <filename>162.jpg</filename>
    <path>train-2-PascalVOC-export/Annotations/162.jpg</path>
    <source>
        <database>Unknown</database>
    </source>
    <size>
        <width>224</width>
        <height>224</height>
        <depth>3</depth>
    </size>
    <segmented>0</segmented>
    <object>
    <name>6</name>
    <pose>Unspecified</pose>
    <truncated>0</truncated>
    <difficult>0</difficult>
    <bndbox>
        <xmin>144.60606060606062</xmin>
        <ymin>73.45454545454545</ymin>
        <xmax>193.5757575757576</xmax>
        <ymax>113.21212121212122</ymax>
    </bndbox>
</object><object>
    <name>5</name>
    <pose>Unspecified</pose>
    <truncated>0</truncated>
    <difficult>0</difficult>
    <bndbox>
        <xmin>64.60606060606061</xmin>
        <ymin>75.87878787878788</ymin>
        <xmax>114.78787878787878</xmax>
        <ymax>112</ymax>
    </bndbox>
</object>
</annotation>
