<annotation verified="yes">
    <folder>Annotation</folder>
    <filename>163.jpg</filename>
    <path>train-2-PascalVOC-export/Annotations/163.jpg</path>
    <source>
        <database>Unknown</database>
    </source>
    <size>
        <width>224</width>
        <height>224</height>
        <depth>3</depth>
    </size>
    <segmented>0</segmented>
    <object>
    <name>6</name>
    <pose>Unspecified</pose>
    <truncated>0</truncated>
    <difficult>0</difficult>
    <bndbox>
        <xmin>139.75757575757575</xmin>
        <ymin>50.66666666666667</ymin>
        <xmax>191.15151515151516</xmax>
        <ymax>89.45454545454547</ymax>
    </bndbox>
</object><object>
    <name>5</name>
    <pose>Unspecified</pose>
    <truncated>0</truncated>
    <difficult>0</difficult>
    <bndbox>
        <xmin>59.75757575757576</xmin>
        <ymin>55.03030303030303</ymin>
        <xmax>113.0909090909091</xmax>
        <ymax>92.84848484848484</ymax>
    </bndbox>
</object>
</annotation>
