<annotation verified="yes">
    <folder>Annotation</folder>
    <filename>164.jpg</filename>
    <path>train-2-PascalVOC-export/Annotations/164.jpg</path>
    <source>
        <database>Unknown</database>
    </source>
    <size>
        <width>224</width>
        <height>224</height>
        <depth>3</depth>
    </size>
    <segmented>0</segmented>
    <object>
    <name>6</name>
    <pose>Unspecified</pose>
    <truncated>0</truncated>
    <difficult>0</difficult>
    <bndbox>
        <xmin>139.51515151515153</xmin>
        <ymin>69.0909090909091</ymin>
        <xmax>191.3939393939394</xmax>
        <ymax>110.30303030303031</ymax>
    </bndbox>
</object><object>
    <name>5</name>
    <pose>Unspecified</pose>
    <truncated>0</truncated>
    <difficult>0</difficult>
    <bndbox>
        <xmin>59.27272727272727</xmin>
        <ymin>73.93939393939394</ymin>
        <xmax>111.3939393939394</xmax>
        <ymax>107.15151515151516</ymax>
    </bndbox>
</object>
</annotation>
