<annotation verified="yes">
    <folder>Annotation</folder>
    <filename>165.jpg</filename>
    <path>train-2-PascalVOC-export/Annotations/165.jpg</path>
    <source>
        <database>Unknown</database>
    </source>
    <size>
        <width>224</width>
        <height>224</height>
        <depth>3</depth>
    </size>
    <segmented>0</segmented>
    <object>
    <name>6</name>
    <pose>Unspecified</pose>
    <truncated>0</truncated>
    <difficult>0</difficult>
    <bndbox>
        <xmin>141.93939393939394</xmin>
        <ymin>108.84848484848486</ymin>
        <xmax>195.5151515151515</xmax>
        <ymax>154.66666666666669</ymax>
    </bndbox>
</object><object>
    <name>5</name>
    <pose>Unspecified</pose>
    <truncated>0</truncated>
    <difficult>0</difficult>
    <bndbox>
        <xmin>52.484848484848484</xmin>
        <ymin>113.6969696969697</ymin>
        <xmax>114.54545454545455</xmax>
        <ymax>157.0909090909091</ymax>
    </bndbox>
</object>
</annotation>
