<annotation verified="yes">
    <folder>Annotation</folder>
    <filename>166.jpg</filename>
    <path>train-2-PascalVOC-export/Annotations/166.jpg</path>
    <source>
        <database>Unknown</database>
    </source>
    <size>
        <width>224</width>
        <height>224</height>
        <depth>3</depth>
    </size>
    <segmented>0</segmented>
    <object>
    <name>6</name>
    <pose>Unspecified</pose>
    <truncated>0</truncated>
    <difficult>0</difficult>
    <bndbox>
        <xmin>142.1818181818182</xmin>
        <ymin>107.87878787878788</ymin>
        <xmax>192.84848484848487</xmax>
        <ymax>154.1818181818182</ymax>
    </bndbox>
</object><object>
    <name>5</name>
    <pose>Unspecified</pose>
    <truncated>0</truncated>
    <difficult>0</difficult>
    <bndbox>
        <xmin>53.93939393939394</xmin>
        <ymin>111.51515151515152</ymin>
        <xmax>110.9090909090909</xmax>
        <ymax>153.6969696969697</ymax>
    </bndbox>
</object>
</annotation>
