<annotation verified="yes">
    <folder>Annotation</folder>
    <filename>167.jpg</filename>
    <path>train-2-PascalVOC-export/Annotations/167.jpg</path>
    <source>
        <database>Unknown</database>
    </source>
    <size>
        <width>224</width>
        <height>224</height>
        <depth>3</depth>
    </size>
    <segmented>0</segmented>
    <object>
    <name>6</name>
    <pose>Unspecified</pose>
    <truncated>0</truncated>
    <difficult>0</difficult>
    <bndbox>
        <xmin>115.51515151515152</xmin>
        <ymin>107.39393939393939</ymin>
        <xmax>171.03030303030303</xmax>
        <ymax>158.06060606060606</ymax>
    </bndbox>
</object><object>
    <name>5</name>
    <pose>Unspecified</pose>
    <truncated>0</truncated>
    <difficult>0</difficult>
    <bndbox>
        <xmin>19.757575757575758</xmin>
        <ymin>106.18181818181819</ymin>
        <xmax>84.4848484848485</xmax>
        <ymax>152.4848484848485</ymax>
    </bndbox>
</object>
</annotation>
