<annotation verified="yes">
    <folder>Annotation</folder>
    <filename>168.jpg</filename>
    <path>train-2-PascalVOC-export/Annotations/168.jpg</path>
    <source>
        <database>Unknown</database>
    </source>
    <size>
        <width>224</width>
        <height>224</height>
        <depth>3</depth>
    </size>
    <segmented>0</segmented>
    <object>
    <name>6</name>
    <pose>Unspecified</pose>
    <truncated>0</truncated>
    <difficult>0</difficult>
    <bndbox>
        <xmin>94.66666666666667</xmin>
        <ymin>112.24242424242425</ymin>
        <xmax>149.21212121212122</xmax>
        <ymax>163.3939393939394</ymax>
    </bndbox>
</object><object>
    <name>5</name>
    <pose>Unspecified</pose>
    <truncated>0</truncated>
    <difficult>0</difficult>
    <bndbox>
        <xmin>0.8484848484848485</xmin>
        <ymin>112.48484848484848</ymin>
        <xmax>60.969696969696976</xmax>
        <ymax>160</ymax>
    </bndbox>
</object>
</annotation>
