<annotation verified="yes">
    <folder>Annotation</folder>
    <filename>169.jpg</filename>
    <path>train-2-PascalVOC-export/Annotations/169.jpg</path>
    <source>
        <database>Unknown</database>
    </source>
    <size>
        <width>224</width>
        <height>224</height>
        <depth>3</depth>
    </size>
    <segmented>0</segmented>
    <object>
    <name>6</name>
    <pose>Unspecified</pose>
    <truncated>0</truncated>
    <difficult>0</difficult>
    <bndbox>
        <xmin>134.1818181818182</xmin>
        <ymin>85.0909090909091</ymin>
        <xmax>189.45454545454547</xmax>
        <ymax>133.0909090909091</ymax>
    </bndbox>
</object><object>
    <name>5</name>
    <pose>Unspecified</pose>
    <truncated>0</truncated>
    <difficult>0</difficult>
    <bndbox>
        <xmin>37.21212121212121</xmin>
        <ymin>82.9090909090909</ymin>
        <xmax>101.45454545454547</xmax>
        <ymax>128.72727272727272</ymax>
    </bndbox>
</object>
</annotation>
