<annotation verified="yes">
    <folder>Annotation</folder>
    <filename>17.jpg</filename>
    <path>train-2-PascalVOC-export/Annotations/17.jpg</path>
    <source>
        <database>Unknown</database>
    </source>
    <size>
        <width>224</width>
        <height>224</height>
        <depth>3</depth>
    </size>
    <segmented>0</segmented>
    <object>
    <name>2</name>
    <pose>Unspecified</pose>
    <truncated>0</truncated>
    <difficult>0</difficult>
    <bndbox>
        <xmin>115.75757575757576</xmin>
        <ymin>37.333333333333336</ymin>
        <xmax>173.45454545454547</xmax>
        <ymax>79.03030303030303</ymax>
    </bndbox>
</object><object>
    <name>1</name>
    <pose>Unspecified</pose>
    <truncated>0</truncated>
    <difficult>0</difficult>
    <bndbox>
        <xmin>37.696969696969695</xmin>
        <ymin>49.45454545454545</ymin>
        <xmax>71.87878787878788</xmax>
        <ymax>90.9090909090909</ymax>
    </bndbox>
</object>
</annotation>
