<annotation verified="yes">
    <folder>Annotation</folder>
    <filename>170.jpg</filename>
    <path>train-2-PascalVOC-export/Annotations/170.jpg</path>
    <source>
        <database>Unknown</database>
    </source>
    <size>
        <width>224</width>
        <height>224</height>
        <depth>3</depth>
    </size>
    <segmented>0</segmented>
    <object>
    <name>5</name>
    <pose>Unspecified</pose>
    <truncated>0</truncated>
    <difficult>0</difficult>
    <bndbox>
        <xmin>39.151515151515156</xmin>
        <ymin>77.0909090909091</ymin>
        <xmax>107.03030303030303</xmax>
        <ymax>123.87878787878788</ymax>
    </bndbox>
</object><object>
    <name>6</name>
    <pose>Unspecified</pose>
    <truncated>0</truncated>
    <difficult>0</difficult>
    <bndbox>
        <xmin>136.60606060606062</xmin>
        <ymin>80.96969696969697</ymin>
        <xmax>191.15151515151518</xmax>
        <ymax>128.4848484848485</ymax>
    </bndbox>
</object>
</annotation>
