<annotation verified="yes">
    <folder>Annotation</folder>
    <filename>171.jpg</filename>
    <path>train-2-PascalVOC-export/Annotations/171.jpg</path>
    <source>
        <database>Unknown</database>
    </source>
    <size>
        <width>224</width>
        <height>224</height>
        <depth>3</depth>
    </size>
    <segmented>0</segmented>
    <object>
    <name>6</name>
    <pose>Unspecified</pose>
    <truncated>0</truncated>
    <difficult>0</difficult>
    <bndbox>
        <xmin>124.48484848484848</xmin>
        <ymin>71.03030303030303</ymin>
        <xmax>183.87878787878788</xmax>
        <ymax>123.87878787878788</ymax>
    </bndbox>
</object><object>
    <name>5</name>
    <pose>Unspecified</pose>
    <truncated>0</truncated>
    <difficult>0</difficult>
    <bndbox>
        <xmin>24.12121212121212</xmin>
        <ymin>67.87878787878788</ymin>
        <xmax>93.45454545454545</xmax>
        <ymax>118.3030303030303</ymax>
    </bndbox>
</object>
</annotation>
