<annotation verified="yes">
    <folder>Annotation</folder>
    <filename>172.jpg</filename>
    <path>train-2-PascalVOC-export/Annotations/172.jpg</path>
    <source>
        <database>Unknown</database>
    </source>
    <size>
        <width>224</width>
        <height>224</height>
        <depth>3</depth>
    </size>
    <segmented>0</segmented>
    <object>
    <name>6</name>
    <pose>Unspecified</pose>
    <truncated>0</truncated>
    <difficult>0</difficult>
    <bndbox>
        <xmin>124.96969696969697</xmin>
        <ymin>83.39393939393939</ymin>
        <xmax>188</xmax>
        <ymax>136.96969696969697</ymax>
    </bndbox>
</object><object>
    <name>5</name>
    <pose>Unspecified</pose>
    <truncated>0</truncated>
    <difficult>0</difficult>
    <bndbox>
        <xmin>26.545454545454547</xmin>
        <ymin>82.18181818181819</ymin>
        <xmax>92.48484848484848</xmax>
        <ymax>132.84848484848487</ymax>
    </bndbox>
</object>
</annotation>
