<annotation verified="yes">
    <folder>Annotation</folder>
    <filename>173.jpg</filename>
    <path>train-2-PascalVOC-export/Annotations/173.jpg</path>
    <source>
        <database>Unknown</database>
    </source>
    <size>
        <width>224</width>
        <height>224</height>
        <depth>3</depth>
    </size>
    <segmented>0</segmented>
    <object>
    <name>6</name>
    <pose>Unspecified</pose>
    <truncated>0</truncated>
    <difficult>0</difficult>
    <bndbox>
        <xmin>131.27272727272728</xmin>
        <ymin>84.60606060606061</ymin>
        <xmax>199.63636363636363</xmax>
        <ymax>146.66666666666669</ymax>
    </bndbox>
</object><object>
    <name>5</name>
    <pose>Unspecified</pose>
    <truncated>0</truncated>
    <difficult>0</difficult>
    <bndbox>
        <xmin>33.57575757575758</xmin>
        <ymin>86.54545454545455</ymin>
        <xmax>98.30303030303031</xmax>
        <ymax>136.72727272727272</ymax>
    </bndbox>
</object>
</annotation>
