<annotation verified="yes">
    <folder>Annotation</folder>
    <filename>174.jpg</filename>
    <path>train-2-PascalVOC-export/Annotations/174.jpg</path>
    <source>
        <database>Unknown</database>
    </source>
    <size>
        <width>224</width>
        <height>224</height>
        <depth>3</depth>
    </size>
    <segmented>0</segmented>
    <object>
    <name>6</name>
    <pose>Unspecified</pose>
    <truncated>0</truncated>
    <difficult>0</difficult>
    <bndbox>
        <xmin>121.0909090909091</xmin>
        <ymin>82.42424242424242</ymin>
        <xmax>182.42424242424244</xmax>
        <ymax>143.27272727272728</ymax>
    </bndbox>
</object><object>
    <name>5</name>
    <pose>Unspecified</pose>
    <truncated>0</truncated>
    <difficult>0</difficult>
    <bndbox>
        <xmin>18.303030303030305</xmin>
        <ymin>84.60606060606061</ymin>
        <xmax>83.51515151515153</xmax>
        <ymax>138.1818181818182</ymax>
    </bndbox>
</object>
</annotation>
