<annotation verified="yes">
    <folder>Annotation</folder>
    <filename>175.jpg</filename>
    <path>train-2-PascalVOC-export/Annotations/175.jpg</path>
    <source>
        <database>Unknown</database>
    </source>
    <size>
        <width>224</width>
        <height>224</height>
        <depth>3</depth>
    </size>
    <segmented>0</segmented>
    <object>
    <name>6</name>
    <pose>Unspecified</pose>
    <truncated>0</truncated>
    <difficult>0</difficult>
    <bndbox>
        <xmin>132.24242424242425</xmin>
        <ymin>81.21212121212122</ymin>
        <xmax>195.27272727272728</xmax>
        <ymax>143.27272727272728</ymax>
    </bndbox>
</object><object>
    <name>5</name>
    <pose>Unspecified</pose>
    <truncated>0</truncated>
    <difficult>0</difficult>
    <bndbox>
        <xmin>30.90909090909091</xmin>
        <ymin>85.57575757575758</ymin>
        <xmax>98.3030303030303</xmax>
        <ymax>137.6969696969697</ymax>
    </bndbox>
</object>
</annotation>
