<annotation verified="yes">
    <folder>Annotation</folder>
    <filename>176.jpg</filename>
    <path>train-2-PascalVOC-export/Annotations/176.jpg</path>
    <source>
        <database>Unknown</database>
    </source>
    <size>
        <width>224</width>
        <height>224</height>
        <depth>3</depth>
    </size>
    <segmented>0</segmented>
    <object>
    <name>6</name>
    <pose>Unspecified</pose>
    <truncated>0</truncated>
    <difficult>0</difficult>
    <bndbox>
        <xmin>129.0909090909091</xmin>
        <ymin>64.72727272727273</ymin>
        <xmax>190.1818181818182</xmax>
        <ymax>120.72727272727273</ymax>
    </bndbox>
</object><object>
    <name>5</name>
    <pose>Unspecified</pose>
    <truncated>0</truncated>
    <difficult>0</difficult>
    <bndbox>
        <xmin>26.545454545454547</xmin>
        <ymin>66.66666666666667</ymin>
        <xmax>92.96969696969697</xmax>
        <ymax>118.30303030303031</ymax>
    </bndbox>
</object>
</annotation>
