<annotation verified="yes">
    <folder>Annotation</folder>
    <filename>177.jpg</filename>
    <path>train-2-PascalVOC-export/Annotations/177.jpg</path>
    <source>
        <database>Unknown</database>
    </source>
    <size>
        <width>224</width>
        <height>224</height>
        <depth>3</depth>
    </size>
    <segmented>0</segmented>
    <object>
    <name>5</name>
    <pose>Unspecified</pose>
    <truncated>0</truncated>
    <difficult>0</difficult>
    <bndbox>
        <xmin>24.606060606060606</xmin>
        <ymin>73.45454545454545</ymin>
        <xmax>92</xmax>
        <ymax>128.96969696969697</ymax>
    </bndbox>
</object><object>
    <name>6</name>
    <pose>Unspecified</pose>
    <truncated>0</truncated>
    <difficult>0</difficult>
    <bndbox>
        <xmin>125.6969696969697</xmin>
        <ymin>69.57575757575758</ymin>
        <xmax>188.72727272727275</xmax>
        <ymax>128.72727272727275</ymax>
    </bndbox>
</object>
</annotation>
