<annotation verified="yes">
    <folder>Annotation</folder>
    <filename>178.jpg</filename>
    <path>train-2-PascalVOC-export/Annotations/178.jpg</path>
    <source>
        <database>Unknown</database>
    </source>
    <size>
        <width>224</width>
        <height>224</height>
        <depth>3</depth>
    </size>
    <segmented>0</segmented>
    <object>
    <name>6</name>
    <pose>Unspecified</pose>
    <truncated>0</truncated>
    <difficult>0</difficult>
    <bndbox>
        <xmin>132</xmin>
        <ymin>78.7878787878788</ymin>
        <xmax>191.63636363636363</xmax>
        <ymax>141.0909090909091</ymax>
    </bndbox>
</object><object>
    <name>5</name>
    <pose>Unspecified</pose>
    <truncated>0</truncated>
    <difficult>0</difficult>
    <bndbox>
        <xmin>132</xmin>
        <ymin>78.7878787878788</ymin>
        <xmax>191.63636363636363</xmax>
        <ymax>141.0909090909091</ymax>
    </bndbox>
</object><object>
    <name>5</name>
    <pose>Unspecified</pose>
    <truncated>0</truncated>
    <difficult>0</difficult>
    <bndbox>
        <xmin>30.90909090909091</xmin>
        <ymin>82.66666666666667</ymin>
        <xmax>94.18181818181819</xmax>
        <ymax>135.03030303030303</ymax>
    </bndbox>
</object>
</annotation>
