<annotation verified="yes">
    <folder>Annotation</folder>
    <filename>179.jpg</filename>
    <path>train-2-PascalVOC-export/Annotations/179.jpg</path>
    <source>
        <database>Unknown</database>
    </source>
    <size>
        <width>224</width>
        <height>224</height>
        <depth>3</depth>
    </size>
    <segmented>0</segmented>
    <object>
    <name>6</name>
    <pose>Unspecified</pose>
    <truncated>0</truncated>
    <difficult>0</difficult>
    <bndbox>
        <xmin>113.33333333333334</xmin>
        <ymin>93.0909090909091</ymin>
        <xmax>175.87878787878788</xmax>
        <ymax>160.4848484848485</ymax>
    </bndbox>
</object><object>
    <name>5</name>
    <pose>Unspecified</pose>
    <truncated>0</truncated>
    <difficult>0</difficult>
    <bndbox>
        <xmin>9.090909090909092</xmin>
        <ymin>96.96969696969697</ymin>
        <xmax>76.48484848484848</xmax>
        <ymax>155.15151515151516</ymax>
    </bndbox>
</object>
</annotation>
