<annotation verified="yes">
    <folder>Annotation</folder>
    <filename>18.jpg</filename>
    <path>train-2-PascalVOC-export/Annotations/18.jpg</path>
    <source>
        <database>Unknown</database>
    </source>
    <size>
        <width>224</width>
        <height>224</height>
        <depth>3</depth>
    </size>
    <segmented>0</segmented>
    <object>
    <name>2</name>
    <pose>Unspecified</pose>
    <truncated>0</truncated>
    <difficult>0</difficult>
    <bndbox>
        <xmin>119.63636363636364</xmin>
        <ymin>30.78787878787879</ymin>
        <xmax>177.33333333333334</xmax>
        <ymax>72.72727272727272</ymax>
    </bndbox>
</object><object>
    <name>1</name>
    <pose>Unspecified</pose>
    <truncated>0</truncated>
    <difficult>0</difficult>
    <bndbox>
        <xmin>42.303030303030305</xmin>
        <ymin>44.84848484848485</ymin>
        <xmax>71.63636363636364</xmax>
        <ymax>86.54545454545455</ymax>
    </bndbox>
</object>
</annotation>
