<annotation verified="yes">
    <folder>Annotation</folder>
    <filename>180.jpg</filename>
    <path>train-2-PascalVOC-export/Annotations/180.jpg</path>
    <source>
        <database>Unknown</database>
    </source>
    <size>
        <width>224</width>
        <height>224</height>
        <depth>3</depth>
    </size>
    <segmented>0</segmented>
    <object>
    <name>6</name>
    <pose>Unspecified</pose>
    <truncated>0</truncated>
    <difficult>0</difficult>
    <bndbox>
        <xmin>153.5757575757576</xmin>
        <ymin>125.57575757575758</ymin>
        <xmax>214.66666666666669</xmax>
        <ymax>191.03030303030303</ymax>
    </bndbox>
</object><object>
    <name>5</name>
    <pose>Unspecified</pose>
    <truncated>0</truncated>
    <difficult>0</difficult>
    <bndbox>
        <xmin>48.121212121212125</xmin>
        <ymin>126.06060606060606</ymin>
        <xmax>121.0909090909091</xmax>
        <ymax>183.5151515151515</ymax>
    </bndbox>
</object>
</annotation>
