<annotation verified="yes">
    <folder>Annotation</folder>
    <filename>181.jpg</filename>
    <path>train-2-PascalVOC-export/Annotations/181.jpg</path>
    <source>
        <database>Unknown</database>
    </source>
    <size>
        <width>224</width>
        <height>224</height>
        <depth>3</depth>
    </size>
    <segmented>0</segmented>
    <object>
    <name>6</name>
    <pose>Unspecified</pose>
    <truncated>0</truncated>
    <difficult>0</difficult>
    <bndbox>
        <xmin>131.87878787878788</xmin>
        <ymin>123.87878787878788</ymin>
        <xmax>203.75757575757578</xmax>
        <ymax>189.8181818181818</ymax>
    </bndbox>
</object><object>
    <name>5</name>
    <pose>Unspecified</pose>
    <truncated>0</truncated>
    <difficult>0</difficult>
    <bndbox>
        <xmin>32.60606060606061</xmin>
        <ymin>121.93939393939394</ymin>
        <xmax>99.75757575757576</xmax>
        <ymax>181.57575757575756</ymax>
    </bndbox>
</object>
</annotation>
