<annotation verified="yes">
    <folder>Annotation</folder>
    <filename>182.jpg</filename>
    <path>train-2-PascalVOC-export/Annotations/182.jpg</path>
    <source>
        <database>Unknown</database>
    </source>
    <size>
        <width>224</width>
        <height>224</height>
        <depth>3</depth>
    </size>
    <segmented>0</segmented>
    <object>
    <name>6</name>
    <pose>Unspecified</pose>
    <truncated>0</truncated>
    <difficult>0</difficult>
    <bndbox>
        <xmin>132.72727272727272</xmin>
        <ymin>65.6969696969697</ymin>
        <xmax>194.54545454545453</xmax>
        <ymax>126.7878787878788</ymax>
    </bndbox>
</object><object>
    <name>5</name>
    <pose>Unspecified</pose>
    <truncated>0</truncated>
    <difficult>0</difficult>
    <bndbox>
        <xmin>28</xmin>
        <ymin>66.66666666666667</ymin>
        <xmax>95.39393939393939</xmax>
        <ymax>122.42424242424244</ymax>
    </bndbox>
</object>
</annotation>
