<annotation verified="yes">
    <folder>Annotation</folder>
    <filename>183.jpg</filename>
    <path>train-2-PascalVOC-export/Annotations/183.jpg</path>
    <source>
        <database>Unknown</database>
    </source>
    <size>
        <width>224</width>
        <height>224</height>
        <depth>3</depth>
    </size>
    <segmented>0</segmented>
    <object>
    <name>6</name>
    <pose>Unspecified</pose>
    <truncated>0</truncated>
    <difficult>0</difficult>
    <bndbox>
        <xmin>136.84848484848484</xmin>
        <ymin>110.06060606060606</ymin>
        <xmax>194.54545454545453</xmax>
        <ymax>171.15151515151516</ymax>
    </bndbox>
</object><object>
    <name>5</name>
    <pose>Unspecified</pose>
    <truncated>0</truncated>
    <difficult>0</difficult>
    <bndbox>
        <xmin>30.424242424242426</xmin>
        <ymin>108.84848484848486</ymin>
        <xmax>99.75757575757575</xmax>
        <ymax>164.36363636363637</ymax>
    </bndbox>
</object>
</annotation>
