<annotation verified="yes">
    <folder>Annotation</folder>
    <filename>184.jpg</filename>
    <path>train-2-PascalVOC-export/Annotations/184.jpg</path>
    <source>
        <database>Unknown</database>
    </source>
    <size>
        <width>224</width>
        <height>224</height>
        <depth>3</depth>
    </size>
    <segmented>0</segmented>
    <object>
    <name>6</name>
    <pose>Unspecified</pose>
    <truncated>0</truncated>
    <difficult>0</difficult>
    <bndbox>
        <xmin>130.78787878787878</xmin>
        <ymin>96.48484848484848</ymin>
        <xmax>194.54545454545453</xmax>
        <ymax>157.57575757575756</ymax>
    </bndbox>
</object><object>
    <name>5</name>
    <pose>Unspecified</pose>
    <truncated>0</truncated>
    <difficult>0</difficult>
    <bndbox>
        <xmin>28</xmin>
        <ymin>95.27272727272728</ymin>
        <xmax>100.48484848484848</xmax>
        <ymax>153.69696969696972</ymax>
    </bndbox>
</object>
</annotation>
