<annotation verified="yes">
    <folder>Annotation</folder>
    <filename>185.jpg</filename>
    <path>train-2-PascalVOC-export/Annotations/185.jpg</path>
    <source>
        <database>Unknown</database>
    </source>
    <size>
        <width>224</width>
        <height>224</height>
        <depth>3</depth>
    </size>
    <segmented>0</segmented>
    <object>
    <name>6</name>
    <pose>Unspecified</pose>
    <truncated>0</truncated>
    <difficult>0</difficult>
    <bndbox>
        <xmin>130.3030303030303</xmin>
        <ymin>96.72727272727273</ymin>
        <xmax>197.21212121212122</xmax>
        <ymax>159.03030303030303</ymax>
    </bndbox>
</object><object>
    <name>5</name>
    <pose>Unspecified</pose>
    <truncated>0</truncated>
    <difficult>0</difficult>
    <bndbox>
        <xmin>26.78787878787879</xmin>
        <ymin>94.7878787878788</ymin>
        <xmax>91.03030303030303</xmax>
        <ymax>158.06060606060606</ymax>
    </bndbox>
</object>
</annotation>
