<annotation verified="yes">
    <folder>Annotation</folder>
    <filename>186.jpg</filename>
    <path>train-2-PascalVOC-export/Annotations/186.jpg</path>
    <source>
        <database>Unknown</database>
    </source>
    <size>
        <width>224</width>
        <height>224</height>
        <depth>3</depth>
    </size>
    <segmented>0</segmented>
    <object>
    <name>6</name>
    <pose>Unspecified</pose>
    <truncated>0</truncated>
    <difficult>0</difficult>
    <bndbox>
        <xmin>116.24242424242425</xmin>
        <ymin>110.06060606060606</ymin>
        <xmax>198.90909090909093</xmax>
        <ymax>181.57575757575756</ymax>
    </bndbox>
</object><object>
    <name>5</name>
    <pose>Unspecified</pose>
    <truncated>0</truncated>
    <difficult>0</difficult>
    <bndbox>
        <xmin>11.030303030303031</xmin>
        <ymin>108.60606060606061</ymin>
        <xmax>86.18181818181819</xmax>
        <ymax>175.5151515151515</ymax>
    </bndbox>
</object>
</annotation>
