<annotation verified="yes">
    <folder>Annotation</folder>
    <filename>187.jpg</filename>
    <path>train-2-PascalVOC-export/Annotations/187.jpg</path>
    <source>
        <database>Unknown</database>
    </source>
    <size>
        <width>224</width>
        <height>224</height>
        <depth>3</depth>
    </size>
    <segmented>0</segmented>
    <object>
    <name>6</name>
    <pose>Unspecified</pose>
    <truncated>0</truncated>
    <difficult>0</difficult>
    <bndbox>
        <xmin>118.66666666666667</xmin>
        <ymin>98.9090909090909</ymin>
        <xmax>186.7878787878788</xmax>
        <ymax>176.72727272727275</ymax>
    </bndbox>
</object><object>
    <name>5</name>
    <pose>Unspecified</pose>
    <truncated>0</truncated>
    <difficult>0</difficult>
    <bndbox>
        <xmin>8.363636363636363</xmin>
        <ymin>99.15151515151516</ymin>
        <xmax>82.78787878787878</xmax>
        <ymax>168.96969696969697</ymax>
    </bndbox>
</object>
</annotation>
