<annotation verified="yes">
    <folder>Annotation</folder>
    <filename>188.jpg</filename>
    <path>train-2-PascalVOC-export/Annotations/188.jpg</path>
    <source>
        <database>Unknown</database>
    </source>
    <size>
        <width>224</width>
        <height>224</height>
        <depth>3</depth>
    </size>
    <segmented>0</segmented>
    <object>
    <name>6</name>
    <pose>Unspecified</pose>
    <truncated>0</truncated>
    <difficult>0</difficult>
    <bndbox>
        <xmin>116</xmin>
        <ymin>98.18181818181819</ymin>
        <xmax>187.75757575757575</xmax>
        <ymax>178.1818181818182</ymax>
    </bndbox>
</object><object>
    <name>5</name>
    <pose>Unspecified</pose>
    <truncated>0</truncated>
    <difficult>0</difficult>
    <bndbox>
        <xmin>7.3939393939393945</xmin>
        <ymin>98.66666666666667</ymin>
        <xmax>80.60606060606061</xmax>
        <ymax>164.36363636363637</ymax>
    </bndbox>
</object>
</annotation>
