<annotation verified="yes">
    <folder>Annotation</folder>
    <filename>189.jpg</filename>
    <path>train-2-PascalVOC-export/Annotations/189.jpg</path>
    <source>
        <database>Unknown</database>
    </source>
    <size>
        <width>224</width>
        <height>224</height>
        <depth>3</depth>
    </size>
    <segmented>0</segmented>
    <object>
    <name>6</name>
    <pose>Unspecified</pose>
    <truncated>0</truncated>
    <difficult>0</difficult>
    <bndbox>
        <xmin>116</xmin>
        <ymin>122.9090909090909</ymin>
        <xmax>189.21212121212122</xmax>
        <ymax>197.0909090909091</ymax>
    </bndbox>
</object><object>
    <name>5</name>
    <pose>Unspecified</pose>
    <truncated>0</truncated>
    <difficult>0</difficult>
    <bndbox>
        <xmin>3.272727272727273</xmin>
        <ymin>116.36363636363637</ymin>
        <xmax>83.27272727272727</xmax>
        <ymax>186.66666666666669</ymax>
    </bndbox>
</object>
</annotation>
