<annotation verified="yes">
    <folder>Annotation</folder>
    <filename>19.jpg</filename>
    <path>train-2-PascalVOC-export/Annotations/19.jpg</path>
    <source>
        <database>Unknown</database>
    </source>
    <size>
        <width>224</width>
        <height>224</height>
        <depth>3</depth>
    </size>
    <segmented>0</segmented>
    <object>
    <name>3</name>
    <pose>Unspecified</pose>
    <truncated>0</truncated>
    <difficult>0</difficult>
    <bndbox>
        <xmin>168.36363636363637</xmin>
        <ymin>32.96969696969697</ymin>
        <xmax>224</xmax>
        <ymax>75.39393939393939</ymax>
    </bndbox>
</object><object>
    <name>2</name>
    <pose>Unspecified</pose>
    <truncated>0</truncated>
    <difficult>0</difficult>
    <bndbox>
        <xmin>54.42424242424243</xmin>
        <ymin>60.84848484848485</ymin>
        <xmax>108.24242424242425</xmax>
        <ymax>108.84848484848484</ymax>
    </bndbox>
</object>
</annotation>
