<annotation verified="yes">
    <folder>Annotation</folder>
    <filename>190.jpg</filename>
    <path>train-2-PascalVOC-export/Annotations/190.jpg</path>
    <source>
        <database>Unknown</database>
    </source>
    <size>
        <width>224</width>
        <height>224</height>
        <depth>3</depth>
    </size>
    <segmented>0</segmented>
    <object>
    <name>5</name>
    <pose>Unspecified</pose>
    <truncated>0</truncated>
    <difficult>0</difficult>
    <bndbox>
        <xmin>2.787878787878788</xmin>
        <ymin>107.63636363636364</ymin>
        <xmax>80.84848484848484</xmax>
        <ymax>180.84848484848487</ymax>
    </bndbox>
</object><object>
    <name>6</name>
    <pose>Unspecified</pose>
    <truncated>0</truncated>
    <difficult>0</difficult>
    <bndbox>
        <xmin>116.96969696969697</xmin>
        <ymin>112.24242424242425</ymin>
        <xmax>185.8181818181818</xmax>
        <ymax>194.1818181818182</ymax>
    </bndbox>
</object>
</annotation>
