<annotation verified="yes">
    <folder>Annotation</folder>
    <filename>191.jpg</filename>
    <path>train-2-PascalVOC-export/Annotations/191.jpg</path>
    <source>
        <database>Unknown</database>
    </source>
    <size>
        <width>224</width>
        <height>224</height>
        <depth>3</depth>
    </size>
    <segmented>0</segmented>
    <object>
    <name>6</name>
    <pose>Unspecified</pose>
    <truncated>0</truncated>
    <difficult>0</difficult>
    <bndbox>
        <xmin>118.18181818181819</xmin>
        <ymin>116.60606060606061</ymin>
        <xmax>195.75757575757575</xmax>
        <ymax>203.63636363636363</ymax>
    </bndbox>
</object><object>
    <name>5</name>
    <pose>Unspecified</pose>
    <truncated>0</truncated>
    <difficult>0</difficult>
    <bndbox>
        <xmin>3.757575757575758</xmin>
        <ymin>116.12121212121212</ymin>
        <xmax>80.12121212121212</xmax>
        <ymax>188.12121212121212</ymax>
    </bndbox>
</object>
</annotation>
