<annotation verified="yes">
    <folder>Annotation</folder>
    <filename>192.jpg</filename>
    <path>train-2-PascalVOC-export/Annotations/192.jpg</path>
    <source>
        <database>Unknown</database>
    </source>
    <size>
        <width>224</width>
        <height>224</height>
        <depth>3</depth>
    </size>
    <segmented>0</segmented>
    <object>
    <name>5</name>
    <pose>Unspecified</pose>
    <truncated>0</truncated>
    <difficult>0</difficult>
    <bndbox>
        <xmin>112.12121212121212</xmin>
        <ymin>110.78787878787881</ymin>
        <xmax>183.27272727272728</xmax>
        <ymax>195.3939393939394</ymax>
    </bndbox>
</object><object>
    <name>5</name>
    <pose>Unspecified</pose>
    <truncated>0</truncated>
    <difficult>0</difficult>
    <bndbox>
        <xmin>0.36363636363636365</xmin>
        <ymin>106.66666666666667</ymin>
        <xmax>74.06060606060606</xmax>
        <ymax>179.3939393939394</ymax>
    </bndbox>
</object>
</annotation>
