<annotation verified="yes">
    <folder>Annotation</folder>
    <filename>193.jpg</filename>
    <path>train-2-PascalVOC-export/Annotations/193.jpg</path>
    <source>
        <database>Unknown</database>
    </source>
    <size>
        <width>224</width>
        <height>224</height>
        <depth>3</depth>
    </size>
    <segmented>0</segmented>
    <object>
    <name>6</name>
    <pose>Unspecified</pose>
    <truncated>0</truncated>
    <difficult>0</difficult>
    <bndbox>
        <xmin>114.7878787878788</xmin>
        <ymin>107.15151515151516</ymin>
        <xmax>186.54545454545456</xmax>
        <ymax>184.969696969697</ymax>
    </bndbox>
</object><object>
    <name>5</name>
    <pose>Unspecified</pose>
    <truncated>0</truncated>
    <difficult>0</difficult>
    <bndbox>
        <xmin>3.0303030303030303</xmin>
        <ymin>103.03030303030303</ymin>
        <xmax>77.45454545454545</xmax>
        <ymax>175.5151515151515</ymax>
    </bndbox>
</object>
</annotation>
