<annotation verified="yes">
    <folder>Annotation</folder>
    <filename>194.jpg</filename>
    <path>train-2-PascalVOC-export/Annotations/194.jpg</path>
    <source>
        <database>Unknown</database>
    </source>
    <size>
        <width>224</width>
        <height>224</height>
        <depth>3</depth>
    </size>
    <segmented>0</segmented>
    <object>
    <name>6</name>
    <pose>Unspecified</pose>
    <truncated>0</truncated>
    <difficult>0</difficult>
    <bndbox>
        <xmin>113.33333333333334</xmin>
        <ymin>102.54545454545455</ymin>
        <xmax>181.21212121212122</xmax>
        <ymax>183.03030303030303</ymax>
    </bndbox>
</object><object>
    <name>5</name>
    <pose>Unspecified</pose>
    <truncated>0</truncated>
    <difficult>0</difficult>
    <bndbox>
        <xmin>0.8484848484848485</xmin>
        <ymin>98.18181818181819</ymin>
        <xmax>72.84848484848484</xmax>
        <ymax>171.63636363636363</ymax>
    </bndbox>
</object>
</annotation>
