<annotation verified="yes">
    <folder>Annotation</folder>
    <filename>195.jpg</filename>
    <path>train-2-PascalVOC-export/Annotations/195.jpg</path>
    <source>
        <database>Unknown</database>
    </source>
    <size>
        <width>224</width>
        <height>224</height>
        <depth>3</depth>
    </size>
    <segmented>0</segmented>
    <object>
    <name>6</name>
    <pose>Unspecified</pose>
    <truncated>0</truncated>
    <difficult>0</difficult>
    <bndbox>
        <xmin>113.81818181818183</xmin>
        <ymin>115.63636363636364</ymin>
        <xmax>186.3030303030303</xmax>
        <ymax>205.33333333333334</ymax>
    </bndbox>
</object><object>
    <name>5</name>
    <pose>Unspecified</pose>
    <truncated>0</truncated>
    <difficult>0</difficult>
    <bndbox>
        <xmin>0</xmin>
        <ymin>113.6969696969697</ymin>
        <xmax>73.0909090909091</xmax>
        <ymax>194.1818181818182</ymax>
    </bndbox>
</object>
</annotation>
