<annotation verified="yes">
    <folder>Annotation</folder>
    <filename>196.jpg</filename>
    <path>train-2-PascalVOC-export/Annotations/196.jpg</path>
    <source>
        <database>Unknown</database>
    </source>
    <size>
        <width>224</width>
        <height>224</height>
        <depth>3</depth>
    </size>
    <segmented>0</segmented>
    <object>
    <name>6</name>
    <pose>Unspecified</pose>
    <truncated>0</truncated>
    <difficult>0</difficult>
    <bndbox>
        <xmin>111.15151515151516</xmin>
        <ymin>102.54545454545455</ymin>
        <xmax>182.42424242424244</xmax>
        <ymax>189.57575757575756</ymax>
    </bndbox>
</object><object>
    <name>5</name>
    <pose>Unspecified</pose>
    <truncated>0</truncated>
    <difficult>0</difficult>
    <bndbox>
        <xmin>1.0909090909090908</xmin>
        <ymin>99.39393939393939</ymin>
        <xmax>69.6969696969697</xmax>
        <ymax>178.1818181818182</ymax>
    </bndbox>
</object>
</annotation>
