<annotation verified="yes">
    <folder>Annotation</folder>
    <filename>197.jpg</filename>
    <path>train-2-PascalVOC-export/Annotations/197.jpg</path>
    <source>
        <database>Unknown</database>
    </source>
    <size>
        <width>224</width>
        <height>224</height>
        <depth>3</depth>
    </size>
    <segmented>0</segmented>
    <object>
    <name>6</name>
    <pose>Unspecified</pose>
    <truncated>0</truncated>
    <difficult>0</difficult>
    <bndbox>
        <xmin>112.60606060606061</xmin>
        <ymin>102.54545454545455</ymin>
        <xmax>186.7878787878788</xmax>
        <ymax>190.7878787878788</ymax>
    </bndbox>
</object><object>
    <name>5</name>
    <pose>Unspecified</pose>
    <truncated>0</truncated>
    <difficult>0</difficult>
    <bndbox>
        <xmin>0.36363636363636365</xmin>
        <ymin>101.57575757575758</ymin>
        <xmax>68.96969696969697</xmax>
        <ymax>180.36363636363637</ymax>
    </bndbox>
</object>
</annotation>
