<annotation verified="yes">
    <folder>Annotation</folder>
    <filename>198.jpg</filename>
    <path>train-2-PascalVOC-export/Annotations/198.jpg</path>
    <source>
        <database>Unknown</database>
    </source>
    <size>
        <width>224</width>
        <height>224</height>
        <depth>3</depth>
    </size>
    <segmented>0</segmented>
    <object>
    <name>6</name>
    <pose>Unspecified</pose>
    <truncated>0</truncated>
    <difficult>0</difficult>
    <bndbox>
        <xmin>120.36363636363637</xmin>
        <ymin>102.06060606060606</ymin>
        <xmax>192.84848484848487</xmax>
        <ymax>189.33333333333334</ymax>
    </bndbox>
</object><object>
    <name>5</name>
    <pose>Unspecified</pose>
    <truncated>0</truncated>
    <difficult>0</difficult>
    <bndbox>
        <xmin>1.0909090909090908</xmin>
        <ymin>105.93939393939394</ymin>
        <xmax>79.15151515151516</xmax>
        <ymax>180.84848484848484</ymax>
    </bndbox>
</object>
</annotation>
