<annotation verified="yes">
    <folder>Annotation</folder>
    <filename>199.jpg</filename>
    <path>train-2-PascalVOC-export/Annotations/199.jpg</path>
    <source>
        <database>Unknown</database>
    </source>
    <size>
        <width>224</width>
        <height>224</height>
        <depth>3</depth>
    </size>
    <segmented>0</segmented>
    <object>
    <name>6</name>
    <pose>Unspecified</pose>
    <truncated>0</truncated>
    <difficult>0</difficult>
    <bndbox>
        <xmin>112.36363636363636</xmin>
        <ymin>87.03030303030303</ymin>
        <xmax>186.3030303030303</xmax>
        <ymax>176.24242424242425</ymax>
    </bndbox>
</object><object>
    <name>5</name>
    <pose>Unspecified</pose>
    <truncated>0</truncated>
    <difficult>0</difficult>
    <bndbox>
        <xmin>0</xmin>
        <ymin>90.42424242424242</ymin>
        <xmax>72.60606060606061</xmax>
        <ymax>168.4848484848485</ymax>
    </bndbox>
</object>
</annotation>
