<annotation verified="yes">
    <folder>Annotation</folder>
    <filename>2.jpg</filename>
    <path>train-2-PascalVOC-export/Annotations/2.jpg</path>
    <source>
        <database>Unknown</database>
    </source>
    <size>
        <width>224</width>
        <height>224</height>
        <depth>3</depth>
    </size>
    <segmented>0</segmented>
    <object>
    <name>1</name>
    <pose>Unspecified</pose>
    <truncated>0</truncated>
    <difficult>0</difficult>
    <bndbox>
        <xmin>98.30303030303031</xmin>
        <ymin>37.09090909090909</ymin>
        <xmax>134.42424242424244</xmax>
        <ymax>82.9090909090909</ymax>
    </bndbox>
</object><object>
    <name>2</name>
    <pose>Unspecified</pose>
    <truncated>0</truncated>
    <difficult>0</difficult>
    <bndbox>
        <xmin>181.33333333333334</xmin>
        <ymin>45.09090909090909</ymin>
        <xmax>224</xmax>
        <ymax>95.27272727272728</ymax>
    </bndbox>
</object>
</annotation>
