<annotation verified="yes">
    <folder>Annotation</folder>
    <filename>20.jpg</filename>
    <path>train-2-PascalVOC-export/Annotations/20.jpg</path>
    <source>
        <database>Unknown</database>
    </source>
    <size>
        <width>224</width>
        <height>224</height>
        <depth>3</depth>
    </size>
    <segmented>0</segmented>
    <object>
    <name>3</name>
    <pose>Unspecified</pose>
    <truncated>0</truncated>
    <difficult>0</difficult>
    <bndbox>
        <xmin>171.51515151515153</xmin>
        <ymin>37.333333333333336</ymin>
        <xmax>223.39393939393943</xmax>
        <ymax>76.84848484848484</ymax>
    </bndbox>
</object><object>
    <name>2</name>
    <pose>Unspecified</pose>
    <truncated>0</truncated>
    <difficult>0</difficult>
    <bndbox>
        <xmin>56.60606060606061</xmin>
        <ymin>62.303030303030305</ymin>
        <xmax>107.03030303030303</xmax>
        <ymax>109.57575757575758</ymax>
    </bndbox>
</object><object>
    <name>1</name>
    <pose>Unspecified</pose>
    <truncated>0</truncated>
    <difficult>0</difficult>
    <bndbox>
        <xmin>0.6060606060606061</xmin>
        <ymin>82.9090909090909</ymin>
        <xmax>12</xmax>
        <ymax>119.75757575757575</ymax>
    </bndbox>
</object>
</annotation>
