<annotation verified="yes">
    <folder>Annotation</folder>
    <filename>200.jpg</filename>
    <path>train-2-PascalVOC-export/Annotations/200.jpg</path>
    <source>
        <database>Unknown</database>
    </source>
    <size>
        <width>224</width>
        <height>224</height>
        <depth>3</depth>
    </size>
    <segmented>0</segmented>
    <object>
    <name>6</name>
    <pose>Unspecified</pose>
    <truncated>0</truncated>
    <difficult>0</difficult>
    <bndbox>
        <xmin>102.90909090909092</xmin>
        <ymin>123.15151515151516</ymin>
        <xmax>186.3030303030303</xmax>
        <ymax>223.03030303030303</ymax>
    </bndbox>
</object><object>
    <name>5</name>
    <pose>Unspecified</pose>
    <truncated>0</truncated>
    <difficult>0</difficult>
    <bndbox>
        <xmin>1.0909090909090908</xmin>
        <ymin>123.63636363636364</ymin>
        <xmax>61.81818181818182</xmax>
        <ymax>213.33333333333334</ymax>
    </bndbox>
</object>
</annotation>
