<annotation verified="yes">
    <folder>Annotation</folder>
    <filename>201.jpg</filename>
    <path>train-2-PascalVOC-export/Annotations/201.jpg</path>
    <source>
        <database>Unknown</database>
    </source>
    <size>
        <width>224</width>
        <height>224</height>
        <depth>3</depth>
    </size>
    <segmented>0</segmented>
    <object>
    <name>6</name>
    <pose>Unspecified</pose>
    <truncated>0</truncated>
    <difficult>0</difficult>
    <bndbox>
        <xmin>96.60606060606061</xmin>
        <ymin>112.72727272727273</ymin>
        <xmax>173.45454545454544</xmax>
        <ymax>213.33333333333334</ymax>
    </bndbox>
</object><object>
    <name>5</name>
    <pose>Unspecified</pose>
    <truncated>0</truncated>
    <difficult>0</difficult>
    <bndbox>
        <xmin>0</xmin>
        <ymin>109.81818181818183</ymin>
        <xmax>53.696969696969695</xmax>
        <ymax>200.24242424242425</ymax>
    </bndbox>
</object>
</annotation>
