<annotation verified="yes">
    <folder>Annotation</folder>
    <filename>202.jpg</filename>
    <path>train-2-PascalVOC-export/Annotations/202.jpg</path>
    <source>
        <database>Unknown</database>
    </source>
    <size>
        <width>224</width>
        <height>224</height>
        <depth>3</depth>
    </size>
    <segmented>0</segmented>
    <object>
    <name>6</name>
    <pose>Unspecified</pose>
    <truncated>0</truncated>
    <difficult>0</difficult>
    <bndbox>
        <xmin>89.33333333333334</xmin>
        <ymin>96.96969696969697</ymin>
        <xmax>171.27272727272728</xmax>
        <ymax>203.15151515151516</ymax>
    </bndbox>
</object><object>
    <name>5</name>
    <pose>Unspecified</pose>
    <truncated>0</truncated>
    <difficult>0</difficult>
    <bndbox>
        <xmin>0</xmin>
        <ymin>93.57575757575758</ymin>
        <xmax>46.78787878787879</xmax>
        <ymax>185.93939393939394</ymax>
    </bndbox>
</object>
</annotation>
