<annotation verified="yes">
    <folder>Annotation</folder>
    <filename>203.jpg</filename>
    <path>train-2-PascalVOC-export/Annotations/203.jpg</path>
    <source>
        <database>Unknown</database>
    </source>
    <size>
        <width>224</width>
        <height>224</height>
        <depth>3</depth>
    </size>
    <segmented>0</segmented>
    <object>
    <name>6</name>
    <pose>Unspecified</pose>
    <truncated>0</truncated>
    <difficult>0</difficult>
    <bndbox>
        <xmin>91.51515151515152</xmin>
        <ymin>117.81818181818183</ymin>
        <xmax>173.93939393939394</xmax>
        <ymax>223.27272727272728</ymax>
    </bndbox>
</object><object>
    <name>5</name>
    <pose>Unspecified</pose>
    <truncated>0</truncated>
    <difficult>0</difficult>
    <bndbox>
        <xmin>0.6060606060606061</xmin>
        <ymin>115.87878787878788</ymin>
        <xmax>50.303030303030305</xmax>
        <ymax>207.03030303030303</ymax>
    </bndbox>
</object>
</annotation>
