<annotation verified="yes">
    <folder>Annotation</folder>
    <filename>204.jpg</filename>
    <path>train-2-PascalVOC-export/Annotations/204.jpg</path>
    <source>
        <database>Unknown</database>
    </source>
    <size>
        <width>224</width>
        <height>224</height>
        <depth>3</depth>
    </size>
    <segmented>0</segmented>
    <object>
    <name>6</name>
    <pose>Unspecified</pose>
    <truncated>0</truncated>
    <difficult>0</difficult>
    <bndbox>
        <xmin>88.12121212121212</xmin>
        <ymin>92.12121212121212</ymin>
        <xmax>174.66666666666669</xmax>
        <ymax>197.8181818181818</ymax>
    </bndbox>
</object><object>
    <name>5</name>
    <pose>Unspecified</pose>
    <truncated>0</truncated>
    <difficult>0</difficult>
    <bndbox>
        <xmin>0.8484848484848485</xmin>
        <ymin>91.87878787878788</ymin>
        <xmax>43.757575757575765</xmax>
        <ymax>186.42424242424244</ymax>
    </bndbox>
</object>
</annotation>
