<annotation verified="yes">
    <folder>Annotation</folder>
    <filename>205.jpg</filename>
    <path>train-2-PascalVOC-export/Annotations/205.jpg</path>
    <source>
        <database>Unknown</database>
    </source>
    <size>
        <width>224</width>
        <height>224</height>
        <depth>3</depth>
    </size>
    <segmented>0</segmented>
    <object>
    <name>6</name>
    <pose>Unspecified</pose>
    <truncated>0</truncated>
    <difficult>0</difficult>
    <bndbox>
        <xmin>87.63636363636364</xmin>
        <ymin>95.51515151515152</ymin>
        <xmax>168.84848484848487</xmax>
        <ymax>201.6969696969697</ymax>
    </bndbox>
</object><object>
    <name>5</name>
    <pose>Unspecified</pose>
    <truncated>0</truncated>
    <difficult>0</difficult>
    <bndbox>
        <xmin>0.6060606060606061</xmin>
        <ymin>95.27272727272728</ymin>
        <xmax>44.727272727272734</xmax>
        <ymax>188.60606060606062</ymax>
    </bndbox>
</object>
</annotation>
