<annotation verified="yes">
    <folder>Annotation</folder>
    <filename>206.jpg</filename>
    <path>train-2-PascalVOC-export/Annotations/206.jpg</path>
    <source>
        <database>Unknown</database>
    </source>
    <size>
        <width>224</width>
        <height>224</height>
        <depth>3</depth>
    </size>
    <segmented>0</segmented>
    <object>
    <name>6</name>
    <pose>Unspecified</pose>
    <truncated>0</truncated>
    <difficult>0</difficult>
    <bndbox>
        <xmin>88.60606060606061</xmin>
        <ymin>103.75757575757576</ymin>
        <xmax>168.12121212121212</xmax>
        <ymax>210.90909090909093</ymax>
    </bndbox>
</object><object>
    <name>5</name>
    <pose>Unspecified</pose>
    <truncated>0</truncated>
    <difficult>0</difficult>
    <bndbox>
        <xmin>0.6060606060606061</xmin>
        <ymin>103.51515151515152</ymin>
        <xmax>45.6969696969697</xmax>
        <ymax>192</ymax>
    </bndbox>
</object>
</annotation>
