<annotation verified="yes">
    <folder>Annotation</folder>
    <filename>207.jpg</filename>
    <path>train-2-PascalVOC-export/Annotations/207.jpg</path>
    <source>
        <database>Unknown</database>
    </source>
    <size>
        <width>224</width>
        <height>224</height>
        <depth>3</depth>
    </size>
    <segmented>0</segmented>
    <object>
    <name>6</name>
    <pose>Unspecified</pose>
    <truncated>0</truncated>
    <difficult>0</difficult>
    <bndbox>
        <xmin>116.96969696969697</xmin>
        <ymin>91.63636363636364</ymin>
        <xmax>191.87878787878788</xmax>
        <ymax>200</ymax>
    </bndbox>
</object><object>
    <name>5</name>
    <pose>Unspecified</pose>
    <truncated>0</truncated>
    <difficult>0</difficult>
    <bndbox>
        <xmin>0.8484848484848485</xmin>
        <ymin>92.60606060606061</ymin>
        <xmax>68</xmax>
        <ymax>185.93939393939394</ymax>
    </bndbox>
</object>
</annotation>
