<annotation verified="yes">
    <folder>Annotation</folder>
    <filename>208.jpg</filename>
    <path>train-2-PascalVOC-export/Annotations/208.jpg</path>
    <source>
        <database>Unknown</database>
    </source>
    <size>
        <width>224</width>
        <height>224</height>
        <depth>3</depth>
    </size>
    <segmented>0</segmented>
    <object>
    <name>6</name>
    <pose>Unspecified</pose>
    <truncated>0</truncated>
    <difficult>0</difficult>
    <bndbox>
        <xmin>91.27272727272731</xmin>
        <ymin>153.45454545454547</ymin>
        <xmax>181.21212121212125</xmax>
        <ymax>224</ymax>
    </bndbox>
</object><object>
    <name>5</name>
    <pose>Unspecified</pose>
    <truncated>0</truncated>
    <difficult>0</difficult>
    <bndbox>
        <xmin>0.36363636363636365</xmin>
        <ymin>147.87878787878788</ymin>
        <xmax>46.42424242424243</xmax>
        <ymax>224</ymax>
    </bndbox>
</object>
</annotation>
