<annotation verified="yes">
    <folder>Annotation</folder>
    <filename>209.jpg</filename>
    <path>train-2-PascalVOC-export/Annotations/209.jpg</path>
    <source>
        <database>Unknown</database>
    </source>
    <size>
        <width>224</width>
        <height>224</height>
        <depth>3</depth>
    </size>
    <segmented>0</segmented>
    <object>
    <name>6</name>
    <pose>Unspecified</pose>
    <truncated>0</truncated>
    <difficult>0</difficult>
    <bndbox>
        <xmin>85.6969696969697</xmin>
        <ymin>143.75757575757575</ymin>
        <xmax>184.36363636363637</xmax>
        <ymax>224</ymax>
    </bndbox>
</object><object>
    <name>5</name>
    <pose>Unspecified</pose>
    <truncated>0</truncated>
    <difficult>0</difficult>
    <bndbox>
        <xmin>0.8484848484848485</xmin>
        <ymin>134.54545454545456</ymin>
        <xmax>44.48484848484849</xmax>
        <ymax>224</ymax>
    </bndbox>
</object>
</annotation>
