<annotation verified="yes">
    <folder>Annotation</folder>
    <filename>21.jpg</filename>
    <path>train-2-PascalVOC-export/Annotations/21.jpg</path>
    <source>
        <database>Unknown</database>
    </source>
    <size>
        <width>224</width>
        <height>224</height>
        <depth>3</depth>
    </size>
    <segmented>0</segmented>
    <object>
    <name>2</name>
    <pose>Unspecified</pose>
    <truncated>0</truncated>
    <difficult>0</difficult>
    <bndbox>
        <xmin>34.06060606060606</xmin>
        <ymin>51.151515151515156</ymin>
        <xmax>90.06060606060606</xmax>
        <ymax>98.66666666666667</ymax>
    </bndbox>
</object><object>
    <name>3</name>
    <pose>Unspecified</pose>
    <truncated>0</truncated>
    <difficult>0</difficult>
    <bndbox>
        <xmin>149.6969696969697</xmin>
        <ymin>25.93939393939394</ymin>
        <xmax>208.84848484848484</xmax>
        <ymax>69.33333333333334</ymax>
    </bndbox>
</object>
</annotation>
