<annotation verified="yes">
    <folder>Annotation</folder>
    <filename>210.jpg</filename>
    <path>train-2-PascalVOC-export/Annotations/210.jpg</path>
    <source>
        <database>Unknown</database>
    </source>
    <size>
        <width>224</width>
        <height>224</height>
        <depth>3</depth>
    </size>
    <segmented>0</segmented>
    <object>
    <name>6</name>
    <pose>Unspecified</pose>
    <truncated>0</truncated>
    <difficult>0</difficult>
    <bndbox>
        <xmin>67.75757575757576</xmin>
        <ymin>74.18181818181819</ymin>
        <xmax>155.27272727272728</xmax>
        <ymax>198.3030303030303</ymax>
    </bndbox>
</object>
</annotation>
