<annotation verified="yes">
    <folder>Annotation</folder>
    <filename>211.jpg</filename>
    <path>train-2-PascalVOC-export/Annotations/211.jpg</path>
    <source>
        <database>Unknown</database>
    </source>
    <size>
        <width>224</width>
        <height>224</height>
        <depth>3</depth>
    </size>
    <segmented>0</segmented>
    <object>
    <name>6</name>
    <pose>Unspecified</pose>
    <truncated>0</truncated>
    <difficult>0</difficult>
    <bndbox>
        <xmin>40.60606060606061</xmin>
        <ymin>85.0909090909091</ymin>
        <xmax>132.72727272727275</xmax>
        <ymax>202.42424242424244</ymax>
    </bndbox>
</object>
</annotation>
