<annotation verified="yes">
    <folder>Annotation</folder>
    <filename>212.jpg</filename>
    <path>train-2-PascalVOC-export/Annotations/212.jpg</path>
    <source>
        <database>Unknown</database>
    </source>
    <size>
        <width>224</width>
        <height>224</height>
        <depth>3</depth>
    </size>
    <segmented>0</segmented>
    <object>
    <name>6</name>
    <pose>Unspecified</pose>
    <truncated>0</truncated>
    <difficult>0</difficult>
    <bndbox>
        <xmin>58.78787878787879</xmin>
        <ymin>89.93939393939394</ymin>
        <xmax>155.03030303030303</xmax>
        <ymax>202.1818181818182</ymax>
    </bndbox>
</object>
</annotation>
