<annotation verified="yes">
    <folder>Annotation</folder>
    <filename>213.jpg</filename>
    <path>train-2-PascalVOC-export/Annotations/213.jpg</path>
    <source>
        <database>Unknown</database>
    </source>
    <size>
        <width>224</width>
        <height>224</height>
        <depth>3</depth>
    </size>
    <segmented>0</segmented>
    <object>
    <name>6</name>
    <pose>Unspecified</pose>
    <truncated>0</truncated>
    <difficult>0</difficult>
    <bndbox>
        <xmin>63.151515151515156</xmin>
        <ymin>80.24242424242425</ymin>
        <xmax>164.969696969697</xmax>
        <ymax>202.1818181818182</ymax>
    </bndbox>
</object>
</annotation>
