<annotation verified="yes">
    <folder>Annotation</folder>
    <filename>214.jpg</filename>
    <path>train-2-PascalVOC-export/Annotations/214.jpg</path>
    <source>
        <database>Unknown</database>
    </source>
    <size>
        <width>224</width>
        <height>224</height>
        <depth>3</depth>
    </size>
    <segmented>0</segmented>
    <object>
    <name>6</name>
    <pose>Unspecified</pose>
    <truncated>0</truncated>
    <difficult>0</difficult>
    <bndbox>
        <xmin>55.3939393939394</xmin>
        <ymin>94.7878787878788</ymin>
        <xmax>156.4848484848485</xmax>
        <ymax>224</ymax>
    </bndbox>
</object>
</annotation>
