<annotation verified="yes">
    <folder>Annotation</folder>
    <filename>215.jpg</filename>
    <path>train-2-PascalVOC-export/Annotations/215.jpg</path>
    <source>
        <database>Unknown</database>
    </source>
    <size>
        <width>224</width>
        <height>224</height>
        <depth>3</depth>
    </size>
    <segmented>0</segmented>
    <object>
    <name>6</name>
    <pose>Unspecified</pose>
    <truncated>0</truncated>
    <difficult>0</difficult>
    <bndbox>
        <xmin>81.33333333333333</xmin>
        <ymin>163.63636363636365</ymin>
        <xmax>183.39393939393938</xmax>
        <ymax>224.00000000000003</ymax>
    </bndbox>
</object>
</annotation>
