<annotation verified="yes">
    <folder>Annotation</folder>
    <filename>216.jpg</filename>
    <path>train-2-PascalVOC-export/Annotations/216.jpg</path>
    <source>
        <database>Unknown</database>
    </source>
    <size>
        <width>224</width>
        <height>224</height>
        <depth>3</depth>
    </size>
    <segmented>0</segmented>
    <object>
    <name>6</name>
    <pose>Unspecified</pose>
    <truncated>0</truncated>
    <difficult>0</difficult>
    <bndbox>
        <xmin>78.9090909090909</xmin>
        <ymin>103.75757575757576</ymin>
        <xmax>173.6969696969697</xmax>
        <ymax>224</ymax>
    </bndbox>
</object>
</annotation>
