<annotation verified="yes">
    <folder>Annotation</folder>
    <filename>217.jpg</filename>
    <path>train-2-PascalVOC-export/Annotations/217.jpg</path>
    <source>
        <database>Unknown</database>
    </source>
    <size>
        <width>224</width>
        <height>224</height>
        <depth>3</depth>
    </size>
    <segmented>0</segmented>
    <object>
    <name>6</name>
    <pose>Unspecified</pose>
    <truncated>0</truncated>
    <difficult>0</difficult>
    <bndbox>
        <xmin>65.0909090909091</xmin>
        <ymin>96.72727272727273</ymin>
        <xmax>159.3939393939394</xmax>
        <ymax>221.09090909090912</ymax>
    </bndbox>
</object>
</annotation>
