<annotation verified="yes">
    <folder>Annotation</folder>
    <filename>218.jpg</filename>
    <path>train-2-PascalVOC-export/Annotations/218.jpg</path>
    <source>
        <database>Unknown</database>
    </source>
    <size>
        <width>224</width>
        <height>224</height>
        <depth>3</depth>
    </size>
    <segmented>0</segmented>
    <object>
    <name>6</name>
    <pose>Unspecified</pose>
    <truncated>0</truncated>
    <difficult>0</difficult>
    <bndbox>
        <xmin>66.7878787878788</xmin>
        <ymin>102.54545454545455</ymin>
        <xmax>165.6969696969697</xmax>
        <ymax>224</ymax>
    </bndbox>
</object>
</annotation>
