<annotation verified="yes">
    <folder>Annotation</folder>
    <filename>219.jpg</filename>
    <path>train-2-PascalVOC-export/Annotations/219.jpg</path>
    <source>
        <database>Unknown</database>
    </source>
    <size>
        <width>224</width>
        <height>224</height>
        <depth>3</depth>
    </size>
    <segmented>0</segmented>
    <object>
    <name>6</name>
    <pose>Unspecified</pose>
    <truncated>0</truncated>
    <difficult>0</difficult>
    <bndbox>
        <xmin>64.60606060606061</xmin>
        <ymin>100.12121212121212</ymin>
        <xmax>162.66666666666669</xmax>
        <ymax>224</ymax>
    </bndbox>
</object>
</annotation>
