<annotation verified="yes">
    <folder>Annotation</folder>
    <filename>22.jpg</filename>
    <path>train-2-PascalVOC-export/Annotations/22.jpg</path>
    <source>
        <database>Unknown</database>
    </source>
    <size>
        <width>224</width>
        <height>224</height>
        <depth>3</depth>
    </size>
    <segmented>0</segmented>
    <object>
    <name>2</name>
    <pose>Unspecified</pose>
    <truncated>0</truncated>
    <difficult>0</difficult>
    <bndbox>
        <xmin>35.515151515151516</xmin>
        <ymin>46.54545454545455</ymin>
        <xmax>95.3939393939394</xmax>
        <ymax>95.75757575757575</ymax>
    </bndbox>
</object><object>
    <name>3</name>
    <pose>Unspecified</pose>
    <truncated>0</truncated>
    <difficult>0</difficult>
    <bndbox>
        <xmin>147.03030303030303</xmin>
        <ymin>18.424242424242426</ymin>
        <xmax>208.60606060606062</xmax>
        <ymax>59.878787878787875</ymax>
    </bndbox>
</object>
</annotation>
