<annotation verified="yes">
    <folder>Annotation</folder>
    <filename>221.jpg</filename>
    <path>train-2-PascalVOC-export/Annotations/221.jpg</path>
    <source>
        <database>Unknown</database>
    </source>
    <size>
        <width>224</width>
        <height>224</height>
        <depth>3</depth>
    </size>
    <segmented>0</segmented>
    <object>
    <name>6</name>
    <pose>Unspecified</pose>
    <truncated>0</truncated>
    <difficult>0</difficult>
    <bndbox>
        <xmin>51.75757575757576</xmin>
        <ymin>148.36363636363637</ymin>
        <xmax>151.87878787878788</xmax>
        <ymax>224</ymax>
    </bndbox>
</object>
</annotation>
