<annotation verified="yes">
    <folder>Annotation</folder>
    <filename>223.jpg</filename>
    <path>train-2-PascalVOC-export/Annotations/223.jpg</path>
    <source>
        <database>Unknown</database>
    </source>
    <size>
        <width>224</width>
        <height>224</height>
        <depth>3</depth>
    </size>
    <segmented>0</segmented>
    <object>
    <name>6</name>
    <pose>Unspecified</pose>
    <truncated>0</truncated>
    <difficult>0</difficult>
    <bndbox>
        <xmin>28.727272727272727</xmin>
        <ymin>145.93939393939394</ymin>
        <xmax>139.75757575757575</xmax>
        <ymax>224</ymax>
    </bndbox>
</object>
</annotation>
