<annotation verified="yes">
    <folder>Annotation</folder>
    <filename>224.jpg</filename>
    <path>train-2-PascalVOC-export/Annotations/224.jpg</path>
    <source>
        <database>Unknown</database>
    </source>
    <size>
        <width>224</width>
        <height>224</height>
        <depth>3</depth>
    </size>
    <segmented>0</segmented>
    <object>
    <name>4</name>
    <pose>Unspecified</pose>
    <truncated>0</truncated>
    <difficult>0</difficult>
    <bndbox>
        <xmin>39.3939393939394</xmin>
        <ymin>88.72727272727273</ymin>
        <xmax>92.96969696969697</xmax>
        <ymax>117.81818181818183</ymax>
    </bndbox>
</object><object>
    <name>3</name>
    <pose>Unspecified</pose>
    <truncated>0</truncated>
    <difficult>0</difficult>
    <bndbox>
        <xmin>0</xmin>
        <ymin>109.33333333333336</ymin>
        <xmax>19.87878787878788</xmax>
        <ymax>145.93939393939394</ymax>
    </bndbox>
</object>
</annotation>
