<annotation verified="yes">
    <folder>Annotation</folder>
    <filename>225.jpg</filename>
    <path>train-2-PascalVOC-export/Annotations/225.jpg</path>
    <source>
        <database>Unknown</database>
    </source>
    <size>
        <width>224</width>
        <height>224</height>
        <depth>3</depth>
    </size>
    <segmented>0</segmented>
    <object>
    <name>4</name>
    <pose>Unspecified</pose>
    <truncated>0</truncated>
    <difficult>0</difficult>
    <bndbox>
        <xmin>45.93939393939394</xmin>
        <ymin>105.21212121212122</ymin>
        <xmax>91.51515151515152</xmax>
        <ymax>136.4848484848485</ymax>
    </bndbox>
</object><object>
    <name>3</name>
    <pose>Unspecified</pose>
    <truncated>0</truncated>
    <difficult>0</difficult>
    <bndbox>
        <xmin>0.36363636363636365</xmin>
        <ymin>125.57575757575758</ymin>
        <xmax>24.848484848484848</xmax>
        <ymax>165.57575757575756</ymax>
    </bndbox>
</object>
</annotation>
