<annotation verified="yes">
    <folder>Annotation</folder>
    <filename>226.jpg</filename>
    <path>train-2-PascalVOC-export/Annotations/226.jpg</path>
    <source>
        <database>Unknown</database>
    </source>
    <size>
        <width>224</width>
        <height>224</height>
        <depth>3</depth>
    </size>
    <segmented>0</segmented>
    <object>
    <name>4</name>
    <pose>Unspecified</pose>
    <truncated>0</truncated>
    <difficult>0</difficult>
    <bndbox>
        <xmin>42.78787878787879</xmin>
        <ymin>103.75757575757576</ymin>
        <xmax>87.87878787878788</xmax>
        <ymax>131.15151515151516</ymax>
    </bndbox>
</object><object>
    <name>3</name>
    <pose>Unspecified</pose>
    <truncated>0</truncated>
    <difficult>0</difficult>
    <bndbox>
        <xmin>0</xmin>
        <ymin>123.15151515151516</ymin>
        <xmax>18.78787878787879</xmax>
        <ymax>159.27272727272728</ymax>
    </bndbox>
</object>
</annotation>
