<annotation verified="yes">
    <folder>Annotation</folder>
    <filename>227.jpg</filename>
    <path>train-2-PascalVOC-export/Annotations/227.jpg</path>
    <source>
        <database>Unknown</database>
    </source>
    <size>
        <width>224</width>
        <height>224</height>
        <depth>3</depth>
    </size>
    <segmented>0</segmented>
    <object>
    <name>4</name>
    <pose>Unspecified</pose>
    <truncated>0</truncated>
    <difficult>0</difficult>
    <bndbox>
        <xmin>38.18181818181818</xmin>
        <ymin>99.39393939393939</ymin>
        <xmax>82.54545454545455</xmax>
        <ymax>129.93939393939394</ymax>
    </bndbox>
</object><object>
    <name>3</name>
    <pose>Unspecified</pose>
    <truncated>0</truncated>
    <difficult>0</difficult>
    <bndbox>
        <xmin>0.12121212121212122</xmin>
        <ymin>119.51515151515152</ymin>
        <xmax>13.454545454545455</xmax>
        <ymax>154.9090909090909</ymax>
    </bndbox>
</object>
</annotation>
