<annotation verified="yes">
    <folder>Annotation</folder>
    <filename>228.jpg</filename>
    <path>train-2-PascalVOC-export/Annotations/228.jpg</path>
    <source>
        <database>Unknown</database>
    </source>
    <size>
        <width>224</width>
        <height>224</height>
        <depth>3</depth>
    </size>
    <segmented>0</segmented>
    <object>
    <name>4</name>
    <pose>Unspecified</pose>
    <truncated>0</truncated>
    <difficult>0</difficult>
    <bndbox>
        <xmin>24.12121212121212</xmin>
        <ymin>100.84848484848484</ymin>
        <xmax>77.6969696969697</xmax>
        <ymax>129.93939393939394</ymax>
    </bndbox>
</object>
</annotation>
