<annotation verified="yes">
    <folder>Annotation</folder>
    <filename>229.jpg</filename>
    <path>train-2-PascalVOC-export/Annotations/229.jpg</path>
    <source>
        <database>Unknown</database>
    </source>
    <size>
        <width>224</width>
        <height>224</height>
        <depth>3</depth>
    </size>
    <segmented>0</segmented>
    <object>
    <name>4</name>
    <pose>Unspecified</pose>
    <truncated>0</truncated>
    <difficult>0</difficult>
    <bndbox>
        <xmin>26.545454545454547</xmin>
        <ymin>91.39393939393939</ymin>
        <xmax>78.66666666666667</xmax>
        <ymax>125.33333333333333</ymax>
    </bndbox>
</object>
</annotation>
