<annotation verified="yes">
    <folder>Annotation</folder>
    <filename>23.jpg</filename>
    <path>train-2-PascalVOC-export/Annotations/23.jpg</path>
    <source>
        <database>Unknown</database>
    </source>
    <size>
        <width>224</width>
        <height>224</height>
        <depth>3</depth>
    </size>
    <segmented>0</segmented>
    <object>
    <name>2</name>
    <pose>Unspecified</pose>
    <truncated>0</truncated>
    <difficult>0</difficult>
    <bndbox>
        <xmin>25.09090909090909</xmin>
        <ymin>68.12121212121212</ymin>
        <xmax>74.06060606060606</xmax>
        <ymax>115.87878787878788</ymax>
    </bndbox>
</object><object>
    <name>3</name>
    <pose>Unspecified</pose>
    <truncated>0</truncated>
    <difficult>0</difficult>
    <bndbox>
        <xmin>130.3030303030303</xmin>
        <ymin>42.18181818181818</ymin>
        <xmax>193.33333333333334</xmax>
        <ymax>82.42424242424242</ymax>
    </bndbox>
</object>
</annotation>
