<annotation verified="yes">
    <folder>Annotation</folder>
    <filename>230.jpg</filename>
    <path>train-2-PascalVOC-export/Annotations/230.jpg</path>
    <source>
        <database>Unknown</database>
    </source>
    <size>
        <width>224</width>
        <height>224</height>
        <depth>3</depth>
    </size>
    <segmented>0</segmented>
    <object>
    <name>4</name>
    <pose>Unspecified</pose>
    <truncated>0</truncated>
    <difficult>0</difficult>
    <bndbox>
        <xmin>53.93939393939394</xmin>
        <ymin>53.57575757575758</ymin>
        <xmax>102.42424242424242</xmax>
        <ymax>89.6969696969697</ymax>
    </bndbox>
</object><object>
    <name>3</name>
    <pose>Unspecified</pose>
    <truncated>0</truncated>
    <difficult>0</difficult>
    <bndbox>
        <xmin>0.36363636363636365</xmin>
        <ymin>80.96969696969697</ymin>
        <xmax>28.727272727272727</xmax>
        <ymax>132.12121212121212</ymax>
    </bndbox>
</object>
</annotation>
