<annotation verified="yes">
    <folder>Annotation</folder>
    <filename>231.jpg</filename>
    <path>train-2-PascalVOC-export/Annotations/231.jpg</path>
    <source>
        <database>Unknown</database>
    </source>
    <size>
        <width>224</width>
        <height>224</height>
        <depth>3</depth>
    </size>
    <segmented>0</segmented>
    <object>
    <name>4</name>
    <pose>Unspecified</pose>
    <truncated>0</truncated>
    <difficult>0</difficult>
    <bndbox>
        <xmin>45.696969696969695</xmin>
        <ymin>71.51515151515152</ymin>
        <xmax>103.63636363636363</xmax>
        <ymax>105.45454545454545</ymax>
    </bndbox>
</object><object>
    <name>3</name>
    <pose>Unspecified</pose>
    <truncated>0</truncated>
    <difficult>0</difficult>
    <bndbox>
        <xmin>0.36363636363636365</xmin>
        <ymin>99.87878787878788</ymin>
        <xmax>22.666666666666668</xmax>
        <ymax>145.21212121212122</ymax>
    </bndbox>
</object>
</annotation>
