<annotation verified="yes">
    <folder>Annotation</folder>
    <filename>232.jpg</filename>
    <path>train-2-PascalVOC-export/Annotations/232.jpg</path>
    <source>
        <database>Unknown</database>
    </source>
    <size>
        <width>224</width>
        <height>224</height>
        <depth>3</depth>
    </size>
    <segmented>0</segmented>
    <object>
    <name>4</name>
    <pose>Unspecified</pose>
    <truncated>0</truncated>
    <difficult>0</difficult>
    <bndbox>
        <xmin>48.121212121212125</xmin>
        <ymin>80</ymin>
        <xmax>101.6969696969697</xmax>
        <ymax>120.48484848484848</ymax>
    </bndbox>
</object><object>
    <name>3</name>
    <pose>Unspecified</pose>
    <truncated>0</truncated>
    <difficult>0</difficult>
    <bndbox>
        <xmin>0.12121212121212122</xmin>
        <ymin>104.72727272727273</ymin>
        <xmax>21.93939393939394</xmax>
        <ymax>145.6969696969697</ymax>
    </bndbox>
</object>
</annotation>
