<annotation verified="yes">
    <folder>Annotation</folder>
    <filename>233.jpg</filename>
    <path>train-2-PascalVOC-export/Annotations/233.jpg</path>
    <source>
        <database>Unknown</database>
    </source>
    <size>
        <width>224</width>
        <height>224</height>
        <depth>3</depth>
    </size>
    <segmented>0</segmented>
    <object>
    <name>4</name>
    <pose>Unspecified</pose>
    <truncated>0</truncated>
    <difficult>0</difficult>
    <bndbox>
        <xmin>45.45454545454545</xmin>
        <ymin>99.39393939393939</ymin>
        <xmax>101.45454545454545</xmax>
        <ymax>137.93939393939394</ymax>
    </bndbox>
</object><object>
    <name>3</name>
    <pose>Unspecified</pose>
    <truncated>0</truncated>
    <difficult>0</difficult>
    <bndbox>
        <xmin>0.36363636363636365</xmin>
        <ymin>121.6969696969697</ymin>
        <xmax>20</xmax>
        <ymax>163.87878787878788</ymax>
    </bndbox>
</object>
</annotation>
