<annotation verified="yes">
    <folder>Annotation</folder>
    <filename>234.jpg</filename>
    <path>train-2-PascalVOC-export/Annotations/234.jpg</path>
    <source>
        <database>Unknown</database>
    </source>
    <size>
        <width>224</width>
        <height>224</height>
        <depth>3</depth>
    </size>
    <segmented>0</segmented>
    <object>
    <name>4</name>
    <pose>Unspecified</pose>
    <truncated>0</truncated>
    <difficult>0</difficult>
    <bndbox>
        <xmin>73.33333333333333</xmin>
        <ymin>71.27272727272728</ymin>
        <xmax>126.18181818181819</xmax>
        <ymax>111.51515151515153</ymax>
    </bndbox>
</object><object>
    <name>3</name>
    <pose>Unspecified</pose>
    <truncated>0</truncated>
    <difficult>0</difficult>
    <bndbox>
        <xmin>0</xmin>
        <ymin>100.84848484848484</ymin>
        <xmax>42.06060606060606</xmax>
        <ymax>155.39393939393938</ymax>
    </bndbox>
</object>
</annotation>
