<annotation verified="yes">
    <folder>Annotation</folder>
    <filename>235.jpg</filename>
    <path>train-2-PascalVOC-export/Annotations/235.jpg</path>
    <source>
        <database>Unknown</database>
    </source>
    <size>
        <width>224</width>
        <height>224</height>
        <depth>3</depth>
    </size>
    <segmented>0</segmented>
    <object>
    <name>4</name>
    <pose>Unspecified</pose>
    <truncated>0</truncated>
    <difficult>0</difficult>
    <bndbox>
        <xmin>71.39393939393939</xmin>
        <ymin>80.96969696969697</ymin>
        <xmax>129.0909090909091</xmax>
        <ymax>121.21212121212122</ymax>
    </bndbox>
</object><object>
    <name>3</name>
    <pose>Unspecified</pose>
    <truncated>0</truncated>
    <difficult>0</difficult>
    <bndbox>
        <xmin>0.36363636363636365</xmin>
        <ymin>109.33333333333334</ymin>
        <xmax>45.939393939393945</xmax>
        <ymax>164.60606060606062</ymax>
    </bndbox>
</object>
</annotation>
