<annotation verified="yes">
    <folder>Annotation</folder>
    <filename>236.jpg</filename>
    <path>train-2-PascalVOC-export/Annotations/236.jpg</path>
    <source>
        <database>Unknown</database>
    </source>
    <size>
        <width>224</width>
        <height>224</height>
        <depth>3</depth>
    </size>
    <segmented>0</segmented>
    <object>
    <name>4</name>
    <pose>Unspecified</pose>
    <truncated>0</truncated>
    <difficult>0</difficult>
    <bndbox>
        <xmin>73.33333333333333</xmin>
        <ymin>55.03030303030303</ymin>
        <xmax>140</xmax>
        <ymax>95.51515151515152</ymax>
    </bndbox>
</object><object>
    <name>3</name>
    <pose>Unspecified</pose>
    <truncated>0</truncated>
    <difficult>0</difficult>
    <bndbox>
        <xmin>0.8484848484848485</xmin>
        <ymin>88.96969696969697</ymin>
        <xmax>46.18181818181819</xmax>
        <ymax>144</ymax>
    </bndbox>
</object>
</annotation>
