<annotation verified="yes">
    <folder>Annotation</folder>
    <filename>237.jpg</filename>
    <path>train-2-PascalVOC-export/Annotations/237.jpg</path>
    <source>
        <database>Unknown</database>
    </source>
    <size>
        <width>224</width>
        <height>224</height>
        <depth>3</depth>
    </size>
    <segmented>0</segmented>
    <object>
    <name>4</name>
    <pose>Unspecified</pose>
    <truncated>0</truncated>
    <difficult>0</difficult>
    <bndbox>
        <xmin>65.0909090909091</xmin>
        <ymin>78.30303030303031</ymin>
        <xmax>124.24242424242425</xmax>
        <ymax>123.3939393939394</ymax>
    </bndbox>
</object><object>
    <name>3</name>
    <pose>Unspecified</pose>
    <truncated>0</truncated>
    <difficult>0</difficult>
    <bndbox>
        <xmin>0.8484848484848485</xmin>
        <ymin>108.84848484848486</ymin>
        <xmax>38.66666666666667</xmax>
        <ymax>160.24242424242425</ymax>
    </bndbox>
</object>
</annotation>
