<annotation verified="yes">
    <folder>Annotation</folder>
    <filename>238.jpg</filename>
    <path>train-2-PascalVOC-export/Annotations/238.jpg</path>
    <source>
        <database>Unknown</database>
    </source>
    <size>
        <width>224</width>
        <height>224</height>
        <depth>3</depth>
    </size>
    <segmented>0</segmented>
    <object>
    <name>4</name>
    <pose>Unspecified</pose>
    <truncated>0</truncated>
    <difficult>0</difficult>
    <bndbox>
        <xmin>75.75757575757576</xmin>
        <ymin>86.30303030303031</ymin>
        <xmax>130.06060606060606</xmax>
        <ymax>128.4848484848485</ymax>
    </bndbox>
</object><object>
    <name>3</name>
    <pose>Unspecified</pose>
    <truncated>0</truncated>
    <difficult>0</difficult>
    <bndbox>
        <xmin>0.36363636363636365</xmin>
        <ymin>116.60606060606061</ymin>
        <xmax>52.48484848484849</xmax>
        <ymax>168.72727272727275</ymax>
    </bndbox>
</object>
</annotation>
