<annotation verified="yes">
    <folder>Annotation</folder>
    <filename>239.jpg</filename>
    <path>train-2-PascalVOC-export/Annotations/239.jpg</path>
    <source>
        <database>Unknown</database>
    </source>
    <size>
        <width>224</width>
        <height>224</height>
        <depth>3</depth>
    </size>
    <segmented>0</segmented>
    <object>
    <name>4</name>
    <pose>Unspecified</pose>
    <truncated>0</truncated>
    <difficult>0</difficult>
    <bndbox>
        <xmin>73.57575757575758</xmin>
        <ymin>72.72727272727273</ymin>
        <xmax>139.03030303030303</xmax>
        <ymax>122.66666666666667</ymax>
    </bndbox>
</object><object>
    <name>3</name>
    <pose>Unspecified</pose>
    <truncated>0</truncated>
    <difficult>0</difficult>
    <bndbox>
        <xmin>0.36363636363636365</xmin>
        <ymin>113.45454545454545</ymin>
        <xmax>46.78787878787879</xmax>
        <ymax>177.45454545454544</ymax>
    </bndbox>
</object>
</annotation>
