<annotation verified="yes">
    <folder>Annotation</folder>
    <filename>24.jpg</filename>
    <path>train-2-PascalVOC-export/Annotations/24.jpg</path>
    <source>
        <database>Unknown</database>
    </source>
    <size>
        <width>224</width>
        <height>224</height>
        <depth>3</depth>
    </size>
    <segmented>0</segmented>
    <object>
    <name>3</name>
    <pose>Unspecified</pose>
    <truncated>0</truncated>
    <difficult>0</difficult>
    <bndbox>
        <xmin>150.1818181818182</xmin>
        <ymin>30.545454545454547</ymin>
        <xmax>205.93939393939394</xmax>
        <ymax>78.54545454545455</ymax>
    </bndbox>
</object><object>
    <name>2</name>
    <pose>Unspecified</pose>
    <truncated>0</truncated>
    <difficult>0</difficult>
    <bndbox>
        <xmin>33.333333333333336</xmin>
        <ymin>56.96969696969697</ymin>
        <xmax>90.30303030303031</xmax>
        <ymax>104</ymax>
    </bndbox>
</object>
</annotation>
