<annotation verified="yes">
    <folder>Annotation</folder>
    <filename>240.jpg</filename>
    <path>train-2-PascalVOC-export/Annotations/240.jpg</path>
    <source>
        <database>Unknown</database>
    </source>
    <size>
        <width>224</width>
        <height>224</height>
        <depth>3</depth>
    </size>
    <segmented>0</segmented>
    <object>
    <name>4</name>
    <pose>Unspecified</pose>
    <truncated>0</truncated>
    <difficult>0</difficult>
    <bndbox>
        <xmin>84.48484848484848</xmin>
        <ymin>85.81818181818183</ymin>
        <xmax>142.42424242424244</xmax>
        <ymax>136.4848484848485</ymax>
    </bndbox>
</object><object>
    <name>3</name>
    <pose>Unspecified</pose>
    <truncated>0</truncated>
    <difficult>0</difficult>
    <bndbox>
        <xmin>0.8484848484848485</xmin>
        <ymin>122.42424242424242</ymin>
        <xmax>51.757575757575765</xmax>
        <ymax>184.4848484848485</ymax>
    </bndbox>
</object>
</annotation>
