<annotation verified="yes">
    <folder>Annotation</folder>
    <filename>241.jpg</filename>
    <path>train-2-PascalVOC-export/Annotations/241.jpg</path>
    <source>
        <database>Unknown</database>
    </source>
    <size>
        <width>224</width>
        <height>224</height>
        <depth>3</depth>
    </size>
    <segmented>0</segmented>
    <object>
    <name>4</name>
    <pose>Unspecified</pose>
    <truncated>0</truncated>
    <difficult>0</difficult>
    <bndbox>
        <xmin>80.84848484848484</xmin>
        <ymin>83.87878787878788</ymin>
        <xmax>145.8181818181818</xmax>
        <ymax>133.0909090909091</ymax>
    </bndbox>
</object><object>
    <name>3</name>
    <pose>Unspecified</pose>
    <truncated>0</truncated>
    <difficult>0</difficult>
    <bndbox>
        <xmin>0.6060606060606061</xmin>
        <ymin>116.12121212121212</ymin>
        <xmax>50.303030303030305</xmax>
        <ymax>181.57575757575756</ymax>
    </bndbox>
</object>
</annotation>
