<annotation verified="yes">
    <folder>Annotation</folder>
    <filename>242.jpg</filename>
    <path>train-2-PascalVOC-export/Annotations/242.jpg</path>
    <source>
        <database>Unknown</database>
    </source>
    <size>
        <width>224</width>
        <height>224</height>
        <depth>3</depth>
    </size>
    <segmented>0</segmented>
    <object>
    <name>4</name>
    <pose>Unspecified</pose>
    <truncated>0</truncated>
    <difficult>0</difficult>
    <bndbox>
        <xmin>84</xmin>
        <ymin>84.84848484848484</ymin>
        <xmax>150.1818181818182</xmax>
        <ymax>136.24242424242425</ymax>
    </bndbox>
</object><object>
    <name>3</name>
    <pose>Unspecified</pose>
    <truncated>0</truncated>
    <difficult>0</difficult>
    <bndbox>
        <xmin>0.8484848484848485</xmin>
        <ymin>119.75757575757576</ymin>
        <xmax>52.24242424242425</xmax>
        <ymax>182.7878787878788</ymax>
    </bndbox>
</object>
</annotation>
