<annotation verified="yes">
    <folder>Annotation</folder>
    <filename>243.jpg</filename>
    <path>train-2-PascalVOC-export/Annotations/243.jpg</path>
    <source>
        <database>Unknown</database>
    </source>
    <size>
        <width>224</width>
        <height>224</height>
        <depth>3</depth>
    </size>
    <segmented>0</segmented>
    <object>
    <name>4</name>
    <pose>Unspecified</pose>
    <truncated>0</truncated>
    <difficult>0</difficult>
    <bndbox>
        <xmin>86.18181818181819</xmin>
        <ymin>76.84848484848484</ymin>
        <xmax>152.36363636363637</xmax>
        <ymax>121.69696969696969</ymax>
    </bndbox>
</object><object>
    <name>3</name>
    <pose>Unspecified</pose>
    <truncated>0</truncated>
    <difficult>0</difficult>
    <bndbox>
        <xmin>0.12121212121212122</xmin>
        <ymin>109.81818181818183</ymin>
        <xmax>62.66666666666667</xmax>
        <ymax>172.84848484848487</ymax>
    </bndbox>
</object>
</annotation>
