<annotation verified="yes">
    <folder>Annotation</folder>
    <filename>244.jpg</filename>
    <path>train-2-PascalVOC-export/Annotations/244.jpg</path>
    <source>
        <database>Unknown</database>
    </source>
    <size>
        <width>224</width>
        <height>224</height>
        <depth>3</depth>
    </size>
    <segmented>0</segmented>
    <object>
    <name>4</name>
    <pose>Unspecified</pose>
    <truncated>0</truncated>
    <difficult>0</difficult>
    <bndbox>
        <xmin>87.87878787878788</xmin>
        <ymin>72.24242424242425</ymin>
        <xmax>156.72727272727272</xmax>
        <ymax>120.96969696969697</ymax>
    </bndbox>
</object><object>
    <name>3</name>
    <pose>Unspecified</pose>
    <truncated>0</truncated>
    <difficult>0</difficult>
    <bndbox>
        <xmin>0.6060606060606061</xmin>
        <ymin>105.93939393939394</ymin>
        <xmax>58.54545454545455</xmax>
        <ymax>171.39393939393938</ymax>
    </bndbox>
</object>
</annotation>
