<annotation verified="yes">
    <folder>Annotation</folder>
    <filename>245.jpg</filename>
    <path>train-2-PascalVOC-export/Annotations/245.jpg</path>
    <source>
        <database>Unknown</database>
    </source>
    <size>
        <width>224</width>
        <height>224</height>
        <depth>3</depth>
    </size>
    <segmented>0</segmented>
    <object>
    <name>4</name>
    <pose>Unspecified</pose>
    <truncated>0</truncated>
    <difficult>0</difficult>
    <bndbox>
        <xmin>103.63636363636364</xmin>
        <ymin>63.27272727272727</ymin>
        <xmax>161.8181818181818</xmax>
        <ymax>111.03030303030303</ymax>
    </bndbox>
</object><object>
    <name>3</name>
    <pose>Unspecified</pose>
    <truncated>0</truncated>
    <difficult>0</difficult>
    <bndbox>
        <xmin>2.0606060606060606</xmin>
        <ymin>96.48484848484848</ymin>
        <xmax>72.60606060606061</xmax>
        <ymax>160</ymax>
    </bndbox>
</object>
</annotation>
