<annotation verified="yes">
    <folder>Annotation</folder>
    <filename>246.jpg</filename>
    <path>train-2-PascalVOC-export/Annotations/246.jpg</path>
    <source>
        <database>Unknown</database>
    </source>
    <size>
        <width>224</width>
        <height>224</height>
        <depth>3</depth>
    </size>
    <segmented>0</segmented>
    <object>
    <name>4</name>
    <pose>Unspecified</pose>
    <truncated>0</truncated>
    <difficult>0</difficult>
    <bndbox>
        <xmin>110.9090909090909</xmin>
        <ymin>25.6969696969697</ymin>
        <xmax>171.27272727272728</xmax>
        <ymax>89.6969696969697</ymax>
    </bndbox>
</object><object>
    <name>3</name>
    <pose>Unspecified</pose>
    <truncated>0</truncated>
    <difficult>0</difficult>
    <bndbox>
        <xmin>1.8181818181818183</xmin>
        <ymin>82.42424242424242</ymin>
        <xmax>89.33333333333333</xmax>
        <ymax>152</ymax>
    </bndbox>
</object>
</annotation>
