<annotation verified="yes">
    <folder>Annotation</folder>
    <filename>247.jpg</filename>
    <path>train-2-PascalVOC-export/Annotations/247.jpg</path>
    <source>
        <database>Unknown</database>
    </source>
    <size>
        <width>224</width>
        <height>224</height>
        <depth>3</depth>
    </size>
    <segmented>0</segmented>
    <object>
    <name>4</name>
    <pose>Unspecified</pose>
    <truncated>0</truncated>
    <difficult>0</difficult>
    <bndbox>
        <xmin>104.60606060606061</xmin>
        <ymin>28.12121212121212</ymin>
        <xmax>166.1818181818182</xmax>
        <ymax>86.06060606060606</ymax>
    </bndbox>
</object><object>
    <name>3</name>
    <pose>Unspecified</pose>
    <truncated>0</truncated>
    <difficult>0</difficult>
    <bndbox>
        <xmin>2.0606060606060606</xmin>
        <ymin>80.48484848484848</ymin>
        <xmax>73.33333333333334</xmax>
        <ymax>146.66666666666669</ymax>
    </bndbox>
</object>
</annotation>
