<annotation verified="yes">
    <folder>Annotation</folder>
    <filename>248.jpg</filename>
    <path>train-2-PascalVOC-export/Annotations/248.jpg</path>
    <source>
        <database>Unknown</database>
    </source>
    <size>
        <width>224</width>
        <height>224</height>
        <depth>3</depth>
    </size>
    <segmented>0</segmented>
    <object>
    <name>4</name>
    <pose>Unspecified</pose>
    <truncated>0</truncated>
    <difficult>0</difficult>
    <bndbox>
        <xmin>142.66666666666666</xmin>
        <ymin>41.93939393939394</ymin>
        <xmax>212.24242424242425</xmax>
        <ymax>100.36363636363637</ymax>
    </bndbox>
</object><object>
    <name>3</name>
    <pose>Unspecified</pose>
    <truncated>0</truncated>
    <difficult>0</difficult>
    <bndbox>
        <xmin>28.727272727272727</xmin>
        <ymin>91.15151515151517</ymin>
        <xmax>114.54545454545456</xmax>
        <ymax>167.75757575757578</ymax>
    </bndbox>
</object>
</annotation>
