<annotation verified="yes">
    <folder>Annotation</folder>
    <filename>249.jpg</filename>
    <path>train-2-PascalVOC-export/Annotations/249.jpg</path>
    <source>
        <database>Unknown</database>
    </source>
    <size>
        <width>224</width>
        <height>224</height>
        <depth>3</depth>
    </size>
    <segmented>0</segmented>
    <object>
    <name>4</name>
    <pose>Unspecified</pose>
    <truncated>0</truncated>
    <difficult>0</difficult>
    <bndbox>
        <xmin>133.45454545454547</xmin>
        <ymin>34.666666666666664</ymin>
        <xmax>202.3030303030303</xmax>
        <ymax>95.51515151515152</ymax>
    </bndbox>
</object><object>
    <name>3</name>
    <pose>Unspecified</pose>
    <truncated>0</truncated>
    <difficult>0</difficult>
    <bndbox>
        <xmin>18.78787878787879</xmin>
        <ymin>87.27272727272728</ymin>
        <xmax>99.51515151515153</xmax>
        <ymax>164.12121212121212</ymax>
    </bndbox>
</object>
</annotation>
