<annotation verified="yes">
    <folder>Annotation</folder>
    <filename>25.jpg</filename>
    <path>train-2-PascalVOC-export/Annotations/25.jpg</path>
    <source>
        <database>Unknown</database>
    </source>
    <size>
        <width>224</width>
        <height>224</height>
        <depth>3</depth>
    </size>
    <segmented>0</segmented>
    <object>
    <name>2</name>
    <pose>Unspecified</pose>
    <truncated>0</truncated>
    <difficult>0</difficult>
    <bndbox>
        <xmin>15.636363636363637</xmin>
        <ymin>78.06060606060606</ymin>
        <xmax>81.81818181818183</xmax>
        <ymax>146.66666666666669</ymax>
    </bndbox>
</object><object>
    <name>3</name>
    <pose>Unspecified</pose>
    <truncated>0</truncated>
    <difficult>0</difficult>
    <bndbox>
        <xmin>146.06060606060606</xmin>
        <ymin>45.57575757575758</ymin>
        <xmax>218.54545454545456</xmax>
        <ymax>99.87878787878788</ymax>
    </bndbox>
</object>
</annotation>
