<annotation verified="yes">
    <folder>Annotation</folder>
    <filename>250.jpg</filename>
    <path>train-2-PascalVOC-export/Annotations/250.jpg</path>
    <source>
        <database>Unknown</database>
    </source>
    <size>
        <width>224</width>
        <height>224</height>
        <depth>3</depth>
    </size>
    <segmented>0</segmented>
    <object>
    <name>4</name>
    <pose>Unspecified</pose>
    <truncated>0</truncated>
    <difficult>0</difficult>
    <bndbox>
        <xmin>139.27272727272728</xmin>
        <ymin>23.757575757575758</ymin>
        <xmax>216.60606060606062</xmax>
        <ymax>96.96969696969697</ymax>
    </bndbox>
</object><object>
    <name>3</name>
    <pose>Unspecified</pose>
    <truncated>0</truncated>
    <difficult>0</difficult>
    <bndbox>
        <xmin>15.878787878787879</xmin>
        <ymin>80.48484848484848</ymin>
        <xmax>108.96969696969697</xmax>
        <ymax>173.33333333333331</ymax>
    </bndbox>
</object>
</annotation>
