<annotation verified="yes">
    <folder>Annotation</folder>
    <filename>251.jpg</filename>
    <path>train-2-PascalVOC-export/Annotations/251.jpg</path>
    <source>
        <database>Unknown</database>
    </source>
    <size>
        <width>224</width>
        <height>224</height>
        <depth>3</depth>
    </size>
    <segmented>0</segmented>
    <object>
    <name>4</name>
    <pose>Unspecified</pose>
    <truncated>0</truncated>
    <difficult>0</difficult>
    <bndbox>
        <xmin>155.75757575757575</xmin>
        <ymin>37.81818181818182</ymin>
        <xmax>224</xmax>
        <ymax>98.66666666666667</ymax>
    </bndbox>
</object><object>
    <name>3</name>
    <pose>Unspecified</pose>
    <truncated>0</truncated>
    <difficult>0</difficult>
    <bndbox>
        <xmin>30.424242424242426</xmin>
        <ymin>90.42424242424242</ymin>
        <xmax>121.33333333333333</xmax>
        <ymax>178.66666666666669</ymax>
    </bndbox>
</object>
</annotation>
