<annotation verified="yes">
    <folder>Annotation</folder>
    <filename>252.jpg</filename>
    <path>train-2-PascalVOC-export/Annotations/252.jpg</path>
    <source>
        <database>Unknown</database>
    </source>
    <size>
        <width>224</width>
        <height>224</height>
        <depth>3</depth>
    </size>
    <segmented>0</segmented>
    <object>
    <name>3</name>
    <pose>Unspecified</pose>
    <truncated>0</truncated>
    <difficult>0</difficult>
    <bndbox>
        <xmin>39.515151515151516</xmin>
        <ymin>83.63636363636364</ymin>
        <xmax>130.54545454545456</xmax>
        <ymax>171.15151515151516</ymax>
    </bndbox>
</object><object>
    <name>4</name>
    <pose>Unspecified</pose>
    <truncated>0</truncated>
    <difficult>0</difficult>
    <bndbox>
        <xmin>163.75757575757575</xmin>
        <ymin>29.090909090909093</ymin>
        <xmax>224</xmax>
        <ymax>100.84848484848486</ymax>
    </bndbox>
</object>
</annotation>
