<annotation verified="yes">
    <folder>Annotation</folder>
    <filename>253.jpg</filename>
    <path>train-2-PascalVOC-export/Annotations/253.jpg</path>
    <source>
        <database>Unknown</database>
    </source>
    <size>
        <width>224</width>
        <height>224</height>
        <depth>3</depth>
    </size>
    <segmented>0</segmented>
    <object>
    <name>4</name>
    <pose>Unspecified</pose>
    <truncated>0</truncated>
    <difficult>0</difficult>
    <bndbox>
        <xmin>187.51515151515153</xmin>
        <ymin>38.06060606060606</ymin>
        <xmax>224</xmax>
        <ymax>117.57575757575758</ymax>
    </bndbox>
</object><object>
    <name>3</name>
    <pose>Unspecified</pose>
    <truncated>0</truncated>
    <difficult>0</difficult>
    <bndbox>
        <xmin>60.72727272727273</xmin>
        <ymin>103.75757575757576</ymin>
        <xmax>163.51515151515153</xmax>
        <ymax>210.42424242424244</ymax>
    </bndbox>
</object>
</annotation>
