<annotation verified="yes">
    <folder>Annotation</folder>
    <filename>254.jpg</filename>
    <path>train-2-PascalVOC-export/Annotations/254.jpg</path>
    <source>
        <database>Unknown</database>
    </source>
    <size>
        <width>224</width>
        <height>224</height>
        <depth>3</depth>
    </size>
    <segmented>0</segmented>
    <object>
    <name>4</name>
    <pose>Unspecified</pose>
    <truncated>0</truncated>
    <difficult>0</difficult>
    <bndbox>
        <xmin>191.3939393939394</xmin>
        <ymin>32.72727272727273</ymin>
        <xmax>224</xmax>
        <ymax>117.81818181818181</ymax>
    </bndbox>
</object><object>
    <name>3</name>
    <pose>Unspecified</pose>
    <truncated>0</truncated>
    <difficult>0</difficult>
    <bndbox>
        <xmin>62.42424242424243</xmin>
        <ymin>99.15151515151516</ymin>
        <xmax>161.5757575757576</xmax>
        <ymax>200</ymax>
    </bndbox>
</object>
</annotation>
