<annotation verified="yes">
    <folder>Annotation</folder>
    <filename>255.jpg</filename>
    <path>train-2-PascalVOC-export/Annotations/255.jpg</path>
    <source>
        <database>Unknown</database>
    </source>
    <size>
        <width>224</width>
        <height>224</height>
        <depth>3</depth>
    </size>
    <segmented>0</segmented>
    <object>
    <name>4</name>
    <pose>Unspecified</pose>
    <truncated>0</truncated>
    <difficult>0</difficult>
    <bndbox>
        <xmin>192.60606060606062</xmin>
        <ymin>27.87878787878788</ymin>
        <xmax>224.00000000000003</xmax>
        <ymax>105.6969696969697</ymax>
    </bndbox>
</object><object>
    <name>3</name>
    <pose>Unspecified</pose>
    <truncated>0</truncated>
    <difficult>0</difficult>
    <bndbox>
        <xmin>57.333333333333336</xmin>
        <ymin>94.54545454545455</ymin>
        <xmax>161.33333333333334</xmax>
        <ymax>196.36363636363637</ymax>
    </bndbox>
</object>
</annotation>
