<annotation verified="yes">
    <folder>Annotation</folder>
    <filename>256.jpg</filename>
    <path>train-2-PascalVOC-export/Annotations/256.jpg</path>
    <source>
        <database>Unknown</database>
    </source>
    <size>
        <width>224</width>
        <height>224</height>
        <depth>3</depth>
    </size>
    <segmented>0</segmented>
    <object>
    <name>4</name>
    <pose>Unspecified</pose>
    <truncated>0</truncated>
    <difficult>0</difficult>
    <bndbox>
        <xmin>169.33333333333334</xmin>
        <ymin>56.24242424242424</ymin>
        <xmax>224</xmax>
        <ymax>134.3030303030303</ymax>
    </bndbox>
</object><object>
    <name>3</name>
    <pose>Unspecified</pose>
    <truncated>0</truncated>
    <difficult>0</difficult>
    <bndbox>
        <xmin>31.636363636363637</xmin>
        <ymin>108.36363636363636</ymin>
        <xmax>131.03030303030303</xmax>
        <ymax>212.12121212121212</ymax>
    </bndbox>
</object>
</annotation>
