<annotation verified="yes">
    <folder>Annotation</folder>
    <filename>257.jpg</filename>
    <path>train-2-PascalVOC-export/Annotations/257.jpg</path>
    <source>
        <database>Unknown</database>
    </source>
    <size>
        <width>224</width>
        <height>224</height>
        <depth>3</depth>
    </size>
    <segmented>0</segmented>
    <object>
    <name>4</name>
    <pose>Unspecified</pose>
    <truncated>0</truncated>
    <difficult>0</difficult>
    <bndbox>
        <xmin>159.51515151515153</xmin>
        <ymin>59.63636363636365</ymin>
        <xmax>224</xmax>
        <ymax>143.03030303030303</ymax>
    </bndbox>
</object><object>
    <name>3</name>
    <pose>Unspecified</pose>
    <truncated>0</truncated>
    <difficult>0</difficult>
    <bndbox>
        <xmin>21.6969696969697</xmin>
        <ymin>112.72727272727273</ymin>
        <xmax>125.6969696969697</xmax>
        <ymax>214.06060606060606</ymax>
    </bndbox>
</object>
</annotation>
