<annotation verified="yes">
    <folder>Annotation</folder>
    <filename>258.jpg</filename>
    <path>train-2-PascalVOC-export/Annotations/258.jpg</path>
    <source>
        <database>Unknown</database>
    </source>
    <size>
        <width>224</width>
        <height>224</height>
        <depth>3</depth>
    </size>
    <segmented>0</segmented>
    <object>
    <name>4</name>
    <pose>Unspecified</pose>
    <truncated>0</truncated>
    <difficult>0</difficult>
    <bndbox>
        <xmin>164.24242424242425</xmin>
        <ymin>51.87878787878788</ymin>
        <xmax>224</xmax>
        <ymax>133.33333333333334</ymax>
    </bndbox>
</object><object>
    <name>3</name>
    <pose>Unspecified</pose>
    <truncated>0</truncated>
    <difficult>0</difficult>
    <bndbox>
        <xmin>23.636363636363637</xmin>
        <ymin>105.21212121212122</ymin>
        <xmax>121.0909090909091</xmax>
        <ymax>210.1818181818182</ymax>
    </bndbox>
</object>
</annotation>
