<annotation verified="yes">
    <folder>Annotation</folder>
    <filename>259.jpg</filename>
    <path>train-2-PascalVOC-export/Annotations/259.jpg</path>
    <source>
        <database>Unknown</database>
    </source>
    <size>
        <width>224</width>
        <height>224</height>
        <depth>3</depth>
    </size>
    <segmented>0</segmented>
    <object>
    <name>4</name>
    <pose>Unspecified</pose>
    <truncated>0</truncated>
    <difficult>0</difficult>
    <bndbox>
        <xmin>196.4848484848485</xmin>
        <ymin>69.81818181818181</ymin>
        <xmax>224</xmax>
        <ymax>156.84848484848484</ymax>
    </bndbox>
</object><object>
    <name>3</name>
    <pose>Unspecified</pose>
    <truncated>0</truncated>
    <difficult>0</difficult>
    <bndbox>
        <xmin>57.57575757575758</xmin>
        <ymin>132.36363636363637</ymin>
        <xmax>168.36363636363637</xmax>
        <ymax>224</ymax>
    </bndbox>
</object>
</annotation>
