<annotation verified="yes">
    <folder>Annotation</folder>
    <filename>26.jpg</filename>
    <path>train-2-PascalVOC-export/Annotations/26.jpg</path>
    <source>
        <database>Unknown</database>
    </source>
    <size>
        <width>224</width>
        <height>224</height>
        <depth>3</depth>
    </size>
    <segmented>0</segmented>
    <object>
    <name>3</name>
    <pose>Unspecified</pose>
    <truncated>0</truncated>
    <difficult>0</difficult>
    <bndbox>
        <xmin>147.51515151515153</xmin>
        <ymin>65.6969696969697</ymin>
        <xmax>223.63636363636365</xmax>
        <ymax>143.51515151515153</ymax>
    </bndbox>
</object><object>
    <name>2</name>
    <pose>Unspecified</pose>
    <truncated>0</truncated>
    <difficult>0</difficult>
    <bndbox>
        <xmin>0.36363636363636365</xmin>
        <ymin>99.63636363636364</ymin>
        <xmax>69.69696969696969</xmax>
        <ymax>183.75757575757575</ymax>
    </bndbox>
</object>
</annotation>
