<annotation verified="yes">
    <folder>Annotation</folder>
    <filename>260.jpg</filename>
    <path>train-2-PascalVOC-export/Annotations/260.jpg</path>
    <source>
        <database>Unknown</database>
    </source>
    <size>
        <width>224</width>
        <height>224</height>
        <depth>3</depth>
    </size>
    <segmented>0</segmented>
    <object>
    <name>4</name>
    <pose>Unspecified</pose>
    <truncated>0</truncated>
    <difficult>0</difficult>
    <bndbox>
        <xmin>186.54545454545456</xmin>
        <ymin>59.63636363636364</ymin>
        <xmax>224</xmax>
        <ymax>144.4848484848485</ymax>
    </bndbox>
</object><object>
    <name>3</name>
    <pose>Unspecified</pose>
    <truncated>0</truncated>
    <difficult>0</difficult>
    <bndbox>
        <xmin>47.3939393939394</xmin>
        <ymin>124.12121212121212</ymin>
        <xmax>158.42424242424244</xmax>
        <ymax>224</ymax>
    </bndbox>
</object>
</annotation>
