<annotation verified="yes">
    <folder>Annotation</folder>
    <filename>261.jpg</filename>
    <path>train-2-PascalVOC-export/Annotations/261.jpg</path>
    <source>
        <database>Unknown</database>
    </source>
    <size>
        <width>224</width>
        <height>224</height>
        <depth>3</depth>
    </size>
    <segmented>0</segmented>
    <object>
    <name>4</name>
    <pose>Unspecified</pose>
    <truncated>0</truncated>
    <difficult>0</difficult>
    <bndbox>
        <xmin>194.06060606060606</xmin>
        <ymin>62.06060606060606</ymin>
        <xmax>224</xmax>
        <ymax>141.0909090909091</ymax>
    </bndbox>
</object><object>
    <name>3</name>
    <pose>Unspecified</pose>
    <truncated>0</truncated>
    <difficult>0</difficult>
    <bndbox>
        <xmin>55.151515151515156</xmin>
        <ymin>125.0909090909091</ymin>
        <xmax>169.8181818181818</xmax>
        <ymax>224</ymax>
    </bndbox>
</object>
</annotation>
