<annotation verified="yes">
    <folder>Annotation</folder>
    <filename>262.jpg</filename>
    <path>train-2-PascalVOC-export/Annotations/262.jpg</path>
    <source>
        <database>Unknown</database>
    </source>
    <size>
        <width>224</width>
        <height>224</height>
        <depth>3</depth>
    </size>
    <segmented>0</segmented>
    <object>
    <name>3</name>
    <pose>Unspecified</pose>
    <truncated>0</truncated>
    <difficult>0</difficult>
    <bndbox>
        <xmin>52</xmin>
        <ymin>96.24242424242425</ymin>
        <xmax>167.15151515151516</xmax>
        <ymax>223.75757575757575</ymax>
    </bndbox>
</object><object>
    <name>4</name>
    <pose>Unspecified</pose>
    <truncated>0</truncated>
    <difficult>0</difficult>
    <bndbox>
        <xmin>195.51515151515153</xmin>
        <ymin>38.54545454545455</ymin>
        <xmax>224</xmax>
        <ymax>133.0909090909091</ymax>
    </bndbox>
</object>
</annotation>
