<annotation verified="yes">
    <folder>Annotation</folder>
    <filename>263.jpg</filename>
    <path>train-2-PascalVOC-export/Annotations/263.jpg</path>
    <source>
        <database>Unknown</database>
    </source>
    <size>
        <width>224</width>
        <height>224</height>
        <depth>3</depth>
    </size>
    <segmented>0</segmented>
    <object>
    <name>4</name>
    <pose>Unspecified</pose>
    <truncated>0</truncated>
    <difficult>0</difficult>
    <bndbox>
        <xmin>88.60606060606061</xmin>
        <ymin>0</ymin>
        <xmax>142.1818181818182</xmax>
        <ymax>29.81818181818182</ymax>
    </bndbox>
</object><object>
    <name>3</name>
    <pose>Unspecified</pose>
    <truncated>0</truncated>
    <difficult>0</difficult>
    <bndbox>
        <xmin>16.363636363636363</xmin>
        <ymin>19.393939393939394</ymin>
        <xmax>63.63636363636364</xmax>
        <ymax>57.21212121212122</ymax>
    </bndbox>
</object>
</annotation>
