<annotation verified="yes">
    <folder>Annotation</folder>
    <filename>264.jpg</filename>
    <path>train-2-PascalVOC-export/Annotations/264.jpg</path>
    <source>
        <database>Unknown</database>
    </source>
    <size>
        <width>224</width>
        <height>224</height>
        <depth>3</depth>
    </size>
    <segmented>0</segmented>
    <object>
    <name>4</name>
    <pose>Unspecified</pose>
    <truncated>0</truncated>
    <difficult>0</difficult>
    <bndbox>
        <xmin>103.39393939393939</xmin>
        <ymin>1.4545454545454546</ymin>
        <xmax>154.3030303030303</xmax>
        <ymax>32.96969696969697</ymax>
    </bndbox>
</object><object>
    <name>3</name>
    <pose>Unspecified</pose>
    <truncated>0</truncated>
    <difficult>0</difficult>
    <bndbox>
        <xmin>32.36363636363637</xmin>
        <ymin>22.78787878787879</ymin>
        <xmax>79.15151515151516</xmax>
        <ymax>61.333333333333336</ymax>
    </bndbox>
</object>
</annotation>
