<annotation verified="yes">
    <folder>Annotation</folder>
    <filename>265.jpg</filename>
    <path>train-2-PascalVOC-export/Annotations/265.jpg</path>
    <source>
        <database>Unknown</database>
    </source>
    <size>
        <width>224</width>
        <height>224</height>
        <depth>3</depth>
    </size>
    <segmented>0</segmented>
    <object>
    <name>3</name>
    <pose>Unspecified</pose>
    <truncated>0</truncated>
    <difficult>0</difficult>
    <bndbox>
        <xmin>30.424242424242426</xmin>
        <ymin>13.575757575757576</ymin>
        <xmax>80.84848484848484</xmax>
        <ymax>48.969696969696976</ymax>
    </bndbox>
</object><object>
    <name>4</name>
    <pose>Unspecified</pose>
    <truncated>0</truncated>
    <difficult>0</difficult>
    <bndbox>
        <xmin>106.30303030303031</xmin>
        <ymin>0.24242424242424243</ymin>
        <xmax>157.45454545454547</xmax>
        <ymax>19.87878787878788</ymax>
    </bndbox>
</object>
</annotation>
