<annotation verified="yes">
    <folder>Annotation</folder>
    <filename>266.jpg</filename>
    <path>train-2-PascalVOC-export/Annotations/266.jpg</path>
    <source>
        <database>Unknown</database>
    </source>
    <size>
        <width>224</width>
        <height>224</height>
        <depth>3</depth>
    </size>
    <segmented>0</segmented>
    <object>
    <name>4</name>
    <pose>Unspecified</pose>
    <truncated>0</truncated>
    <difficult>0</difficult>
    <bndbox>
        <xmin>110.9090909090909</xmin>
        <ymin>0.7272727272727273</ymin>
        <xmax>156.4848484848485</xmax>
        <ymax>22.303030303030305</ymax>
    </bndbox>
</object><object>
    <name>3</name>
    <pose>Unspecified</pose>
    <truncated>0</truncated>
    <difficult>0</difficult>
    <bndbox>
        <xmin>36.72727272727273</xmin>
        <ymin>16.484848484848484</ymin>
        <xmax>86.18181818181819</xmax>
        <ymax>51.39393939393939</ymax>
    </bndbox>
</object>
</annotation>
