<annotation verified="yes">
    <folder>Annotation</folder>
    <filename>267.jpg</filename>
    <path>train-2-PascalVOC-export/Annotations/267.jpg</path>
    <source>
        <database>Unknown</database>
    </source>
    <size>
        <width>224</width>
        <height>224</height>
        <depth>3</depth>
    </size>
    <segmented>0</segmented>
    <object>
    <name>3</name>
    <pose>Unspecified</pose>
    <truncated>0</truncated>
    <difficult>0</difficult>
    <bndbox>
        <xmin>40.121212121212125</xmin>
        <ymin>32</ymin>
        <xmax>91.51515151515153</xmax>
        <ymax>80.24242424242425</ymax>
    </bndbox>
</object><object>
    <name>4</name>
    <pose>Unspecified</pose>
    <truncated>0</truncated>
    <difficult>0</difficult>
    <bndbox>
        <xmin>118.9090909090909</xmin>
        <ymin>15.515151515151516</ymin>
        <xmax>167.63636363636363</xmax>
        <ymax>48.24242424242424</ymax>
    </bndbox>
</object>
</annotation>
