<annotation verified="yes">
    <folder>Annotation</folder>
    <filename>268.jpg</filename>
    <path>train-2-PascalVOC-export/Annotations/268.jpg</path>
    <source>
        <database>Unknown</database>
    </source>
    <size>
        <width>224</width>
        <height>224</height>
        <depth>3</depth>
    </size>
    <segmented>0</segmented>
    <object>
    <name>4</name>
    <pose>Unspecified</pose>
    <truncated>0</truncated>
    <difficult>0</difficult>
    <bndbox>
        <xmin>115.75757575757576</xmin>
        <ymin>24</ymin>
        <xmax>169.5757575757576</xmax>
        <ymax>57.21212121212121</ymax>
    </bndbox>
</object><object>
    <name>3</name>
    <pose>Unspecified</pose>
    <truncated>0</truncated>
    <difficult>0</difficult>
    <bndbox>
        <xmin>37.93939393939394</xmin>
        <ymin>46.303030303030305</ymin>
        <xmax>90.54545454545455</xmax>
        <ymax>85.57575757575758</ymax>
    </bndbox>
</object>
</annotation>
