<annotation verified="yes">
    <folder>Annotation</folder>
    <filename>269.jpg</filename>
    <path>train-2-PascalVOC-export/Annotations/269.jpg</path>
    <source>
        <database>Unknown</database>
    </source>
    <size>
        <width>224</width>
        <height>224</height>
        <depth>3</depth>
    </size>
    <segmented>0</segmented>
    <object>
    <name>4</name>
    <pose>Unspecified</pose>
    <truncated>0</truncated>
    <difficult>0</difficult>
    <bndbox>
        <xmin>114.06060606060606</xmin>
        <ymin>24.242424242424242</ymin>
        <xmax>166.1818181818182</xmax>
        <ymax>56.484848484848484</ymax>
    </bndbox>
</object><object>
    <name>3</name>
    <pose>Unspecified</pose>
    <truncated>0</truncated>
    <difficult>0</difficult>
    <bndbox>
        <xmin>35.75757575757576</xmin>
        <ymin>42.909090909090914</ymin>
        <xmax>88.84848484848484</xmax>
        <ymax>80.96969696969697</ymax>
    </bndbox>
</object>
</annotation>
