<annotation verified="yes">
    <folder>Annotation</folder>
    <filename>27.jpg</filename>
    <path>train-2-PascalVOC-export/Annotations/27.jpg</path>
    <source>
        <database>Unknown</database>
    </source>
    <size>
        <width>224</width>
        <height>224</height>
        <depth>3</depth>
    </size>
    <segmented>0</segmented>
    <object>
    <name>4</name>
    <pose>Unspecified</pose>
    <truncated>0</truncated>
    <difficult>0</difficult>
    <bndbox>
        <xmin>170.3030303030303</xmin>
        <ymin>25.21212121212121</ymin>
        <xmax>224</xmax>
        <ymax>88.72727272727272</ymax>
    </bndbox>
</object><object>
    <name>3</name>
    <pose>Unspecified</pose>
    <truncated>0</truncated>
    <difficult>0</difficult>
    <bndbox>
        <xmin>52.484848484848484</xmin>
        <ymin>64.72727272727273</ymin>
        <xmax>132.96969696969697</xmax>
        <ymax>136.72727272727275</ymax>
    </bndbox>
</object>
</annotation>
