<annotation verified="yes">
    <folder>Annotation</folder>
    <filename>270.jpg</filename>
    <path>train-2-PascalVOC-export/Annotations/270.jpg</path>
    <source>
        <database>Unknown</database>
    </source>
    <size>
        <width>224</width>
        <height>224</height>
        <depth>3</depth>
    </size>
    <segmented>0</segmented>
    <object>
    <name>4</name>
    <pose>Unspecified</pose>
    <truncated>0</truncated>
    <difficult>0</difficult>
    <bndbox>
        <xmin>115.75757575757576</xmin>
        <ymin>24</ymin>
        <xmax>166.42424242424244</xmax>
        <ymax>59.151515151515156</ymax>
    </bndbox>
</object><object>
    <name>3</name>
    <pose>Unspecified</pose>
    <truncated>0</truncated>
    <difficult>0</difficult>
    <bndbox>
        <xmin>36.484848484848484</xmin>
        <ymin>39.515151515151516</ymin>
        <xmax>95.3939393939394</xmax>
        <ymax>82.66666666666667</ymax>
    </bndbox>
</object>
</annotation>
