<annotation verified="yes">
    <folder>Annotation</folder>
    <filename>271.jpg</filename>
    <path>train-2-PascalVOC-export/Annotations/271.jpg</path>
    <source>
        <database>Unknown</database>
    </source>
    <size>
        <width>224</width>
        <height>224</height>
        <depth>3</depth>
    </size>
    <segmented>0</segmented>
    <object>
    <name>4</name>
    <pose>Unspecified</pose>
    <truncated>0</truncated>
    <difficult>0</difficult>
    <bndbox>
        <xmin>95.87878787878788</xmin>
        <ymin>6.545454545454546</ymin>
        <xmax>160.36363636363637</xmax>
        <ymax>53.57575757575758</ymax>
    </bndbox>
</object><object>
    <name>3</name>
    <pose>Unspecified</pose>
    <truncated>0</truncated>
    <difficult>0</difficult>
    <bndbox>
        <xmin>17.333333333333332</xmin>
        <ymin>32.96969696969697</ymin>
        <xmax>69.93939393939394</xmax>
        <ymax>76.36363636363637</ymax>
    </bndbox>
</object>
</annotation>
