<annotation verified="yes">
    <folder>Annotation</folder>
    <filename>272.jpg</filename>
    <path>train-2-PascalVOC-export/Annotations/272.jpg</path>
    <source>
        <database>Unknown</database>
    </source>
    <size>
        <width>224</width>
        <height>224</height>
        <depth>3</depth>
    </size>
    <segmented>0</segmented>
    <object>
    <name>4</name>
    <pose>Unspecified</pose>
    <truncated>0</truncated>
    <difficult>0</difficult>
    <bndbox>
        <xmin>109.6969696969697</xmin>
        <ymin>33.93939393939394</ymin>
        <xmax>161.33333333333334</xmax>
        <ymax>70.06060606060606</ymax>
    </bndbox>
</object><object>
    <name>3</name>
    <pose>Unspecified</pose>
    <truncated>0</truncated>
    <difficult>0</difficult>
    <bndbox>
        <xmin>28.242424242424246</xmin>
        <ymin>58.42424242424243</ymin>
        <xmax>83.27272727272728</xmax>
        <ymax>100.36363636363637</ymax>
    </bndbox>
</object>
</annotation>
