<annotation verified="yes">
    <folder>Annotation</folder>
    <filename>273.jpg</filename>
    <path>train-2-PascalVOC-export/Annotations/273.jpg</path>
    <source>
        <database>Unknown</database>
    </source>
    <size>
        <width>224</width>
        <height>224</height>
        <depth>3</depth>
    </size>
    <segmented>0</segmented>
    <object>
    <name>4</name>
    <pose>Unspecified</pose>
    <truncated>0</truncated>
    <difficult>0</difficult>
    <bndbox>
        <xmin>120.36363636363637</xmin>
        <ymin>19.636363636363637</ymin>
        <xmax>171.2727272727273</xmax>
        <ymax>64.24242424242425</ymax>
    </bndbox>
</object><object>
    <name>3</name>
    <pose>Unspecified</pose>
    <truncated>0</truncated>
    <difficult>0</difficult>
    <bndbox>
        <xmin>36.484848484848484</xmin>
        <ymin>44.121212121212125</ymin>
        <xmax>91.51515151515152</xmax>
        <ymax>90.18181818181819</ymax>
    </bndbox>
</object>
</annotation>
