<annotation verified="yes">
    <folder>Annotation</folder>
    <filename>274.jpg</filename>
    <path>train-2-PascalVOC-export/Annotations/274.jpg</path>
    <source>
        <database>Unknown</database>
    </source>
    <size>
        <width>224</width>
        <height>224</height>
        <depth>3</depth>
    </size>
    <segmented>0</segmented>
    <object>
    <name>4</name>
    <pose>Unspecified</pose>
    <truncated>0</truncated>
    <difficult>0</difficult>
    <bndbox>
        <xmin>109.93939393939394</xmin>
        <ymin>37.57575757575758</ymin>
        <xmax>164</xmax>
        <ymax>76.84848484848484</ymax>
    </bndbox>
</object><object>
    <name>3</name>
    <pose>Unspecified</pose>
    <truncated>0</truncated>
    <difficult>0</difficult>
    <bndbox>
        <xmin>29.6969696969697</xmin>
        <ymin>57.93939393939394</ymin>
        <xmax>83.51515151515152</xmax>
        <ymax>99.39393939393939</ymax>
    </bndbox>
</object>
</annotation>
