<annotation verified="yes">
    <folder>Annotation</folder>
    <filename>275.jpg</filename>
    <path>train-2-PascalVOC-export/Annotations/275.jpg</path>
    <source>
        <database>Unknown</database>
    </source>
    <size>
        <width>224</width>
        <height>224</height>
        <depth>3</depth>
    </size>
    <segmented>0</segmented>
    <object>
    <name>4</name>
    <pose>Unspecified</pose>
    <truncated>0</truncated>
    <difficult>0</difficult>
    <bndbox>
        <xmin>108.48484848484848</xmin>
        <ymin>40</ymin>
        <xmax>160.84848484848484</xmax>
        <ymax>74.9090909090909</ymax>
    </bndbox>
</object><object>
    <name>3</name>
    <pose>Unspecified</pose>
    <truncated>0</truncated>
    <difficult>0</difficult>
    <bndbox>
        <xmin>25.575757575757578</xmin>
        <ymin>57.93939393939394</ymin>
        <xmax>83.75757575757576</xmax>
        <ymax>101.57575757575758</ymax>
    </bndbox>
</object>
</annotation>
