<annotation verified="yes">
    <folder>Annotation</folder>
    <filename>276.jpg</filename>
    <path>train-2-PascalVOC-export/Annotations/276.jpg</path>
    <source>
        <database>Unknown</database>
    </source>
    <size>
        <width>224</width>
        <height>224</height>
        <depth>3</depth>
    </size>
    <segmented>0</segmented>
    <object>
    <name>4</name>
    <pose>Unspecified</pose>
    <truncated>0</truncated>
    <difficult>0</difficult>
    <bndbox>
        <xmin>105.33333333333334</xmin>
        <ymin>42.42424242424242</ymin>
        <xmax>162.06060606060606</xmax>
        <ymax>79.75757575757575</ymax>
    </bndbox>
</object><object>
    <name>3</name>
    <pose>Unspecified</pose>
    <truncated>0</truncated>
    <difficult>0</difficult>
    <bndbox>
        <xmin>25.333333333333336</xmin>
        <ymin>58.909090909090914</ymin>
        <xmax>80.12121212121212</xmax>
        <ymax>106.42424242424244</ymax>
    </bndbox>
</object>
</annotation>
