<annotation verified="yes">
    <folder>Annotation</folder>
    <filename>277.jpg</filename>
    <path>train-2-PascalVOC-export/Annotations/277.jpg</path>
    <source>
        <database>Unknown</database>
    </source>
    <size>
        <width>224</width>
        <height>224</height>
        <depth>3</depth>
    </size>
    <segmented>0</segmented>
    <object>
    <name>4</name>
    <pose>Unspecified</pose>
    <truncated>0</truncated>
    <difficult>0</difficult>
    <bndbox>
        <xmin>127.15151515151516</xmin>
        <ymin>49.45454545454545</ymin>
        <xmax>189.21212121212122</xmax>
        <ymax>93.81818181818181</ymax>
    </bndbox>
</object><object>
    <name>3</name>
    <pose>Unspecified</pose>
    <truncated>0</truncated>
    <difficult>0</difficult>
    <bndbox>
        <xmin>42.78787878787879</xmin>
        <ymin>76.36363636363636</ymin>
        <xmax>101.21212121212122</xmax>
        <ymax>128</ymax>
    </bndbox>
</object>
</annotation>
