<annotation verified="yes">
    <folder>Annotation</folder>
    <filename>278.jpg</filename>
    <path>train-2-PascalVOC-export/Annotations/278.jpg</path>
    <source>
        <database>Unknown</database>
    </source>
    <size>
        <width>224</width>
        <height>224</height>
        <depth>3</depth>
    </size>
    <segmented>0</segmented>
    <object>
    <name>4</name>
    <pose>Unspecified</pose>
    <truncated>0</truncated>
    <difficult>0</difficult>
    <bndbox>
        <xmin>124.24242424242425</xmin>
        <ymin>42.909090909090914</ymin>
        <xmax>181.93939393939394</xmax>
        <ymax>85.0909090909091</ymax>
    </bndbox>
</object><object>
    <name>3</name>
    <pose>Unspecified</pose>
    <truncated>0</truncated>
    <difficult>0</difficult>
    <bndbox>
        <xmin>33.57575757575758</xmin>
        <ymin>71.03030303030303</ymin>
        <xmax>95.3939393939394</xmax>
        <ymax>119.27272727272728</ymax>
    </bndbox>
</object>
</annotation>
