<annotation verified="yes">
    <folder>Annotation</folder>
    <filename>279.jpg</filename>
    <path>train-2-PascalVOC-export/Annotations/279.jpg</path>
    <source>
        <database>Unknown</database>
    </source>
    <size>
        <width>224</width>
        <height>224</height>
        <depth>3</depth>
    </size>
    <segmented>0</segmented>
    <object>
    <name>4</name>
    <pose>Unspecified</pose>
    <truncated>0</truncated>
    <difficult>0</difficult>
    <bndbox>
        <xmin>114.06060606060606</xmin>
        <ymin>49.21212121212121</ymin>
        <xmax>172.96969696969697</xmax>
        <ymax>86.54545454545455</ymax>
    </bndbox>
</object><object>
    <name>3</name>
    <pose>Unspecified</pose>
    <truncated>0</truncated>
    <difficult>0</difficult>
    <bndbox>
        <xmin>28.242424242424242</xmin>
        <ymin>70.78787878787881</ymin>
        <xmax>88</xmax>
        <ymax>119.2727272727273</ymax>
    </bndbox>
</object>
</annotation>
