<annotation verified="yes">
    <folder>Annotation</folder>
    <filename>28.jpg</filename>
    <path>train-2-PascalVOC-export/Annotations/28.jpg</path>
    <source>
        <database>Unknown</database>
    </source>
    <size>
        <width>224</width>
        <height>224</height>
        <depth>3</depth>
    </size>
    <segmented>0</segmented>
    <object>
    <name>4</name>
    <pose>Unspecified</pose>
    <truncated>0</truncated>
    <difficult>0</difficult>
    <bndbox>
        <xmin>161.33333333333334</xmin>
        <ymin>9.212121212121213</ymin>
        <xmax>224</xmax>
        <ymax>68.84848484848486</ymax>
    </bndbox>
</object><object>
    <name>3</name>
    <pose>Unspecified</pose>
    <truncated>0</truncated>
    <difficult>0</difficult>
    <bndbox>
        <xmin>42.303030303030305</xmin>
        <ymin>53.09090909090909</ymin>
        <xmax>119.3939393939394</xmax>
        <ymax>124.60606060606061</ymax>
    </bndbox>
</object>
</annotation>
