<annotation verified="yes">
    <folder>Annotation</folder>
    <filename>280.jpg</filename>
    <path>train-2-PascalVOC-export/Annotations/280.jpg</path>
    <source>
        <database>Unknown</database>
    </source>
    <size>
        <width>224</width>
        <height>224</height>
        <depth>3</depth>
    </size>
    <segmented>0</segmented>
    <object>
    <name>4</name>
    <pose>Unspecified</pose>
    <truncated>0</truncated>
    <difficult>0</difficult>
    <bndbox>
        <xmin>141.6969696969697</xmin>
        <ymin>36.60606060606061</ymin>
        <xmax>201.33333333333331</xmax>
        <ymax>80.4848484848485</ymax>
    </bndbox>
</object><object>
    <name>3</name>
    <pose>Unspecified</pose>
    <truncated>0</truncated>
    <difficult>0</difficult>
    <bndbox>
        <xmin>46.42424242424242</xmin>
        <ymin>66.18181818181819</ymin>
        <xmax>112.60606060606061</xmax>
        <ymax>121.93939393939394</ymax>
    </bndbox>
</object>
</annotation>
