<annotation verified="yes">
    <folder>Annotation</folder>
    <filename>281.jpg</filename>
    <path>train-2-PascalVOC-export/Annotations/281.jpg</path>
    <source>
        <database>Unknown</database>
    </source>
    <size>
        <width>224</width>
        <height>224</height>
        <depth>3</depth>
    </size>
    <segmented>0</segmented>
    <object>
    <name>4</name>
    <pose>Unspecified</pose>
    <truncated>0</truncated>
    <difficult>0</difficult>
    <bndbox>
        <xmin>134.1818181818182</xmin>
        <ymin>34.666666666666664</ymin>
        <xmax>196</xmax>
        <ymax>78.54545454545455</ymax>
    </bndbox>
</object><object>
    <name>3</name>
    <pose>Unspecified</pose>
    <truncated>0</truncated>
    <difficult>0</difficult>
    <bndbox>
        <xmin>39.87878787878788</xmin>
        <ymin>64</ymin>
        <xmax>105.57575757575759</xmax>
        <ymax>117.33333333333334</ymax>
    </bndbox>
</object>
</annotation>
