<annotation verified="yes">
    <folder>Annotation</folder>
    <filename>282.jpg</filename>
    <path>train-2-PascalVOC-export/Annotations/282.jpg</path>
    <source>
        <database>Unknown</database>
    </source>
    <size>
        <width>224</width>
        <height>224</height>
        <depth>3</depth>
    </size>
    <segmented>0</segmented>
    <object>
    <name>4</name>
    <pose>Unspecified</pose>
    <truncated>0</truncated>
    <difficult>0</difficult>
    <bndbox>
        <xmin>130.78787878787878</xmin>
        <ymin>26.666666666666668</ymin>
        <xmax>190.42424242424244</xmax>
        <ymax>70.30303030303031</ymax>
    </bndbox>
</object><object>
    <name>3</name>
    <pose>Unspecified</pose>
    <truncated>0</truncated>
    <difficult>0</difficult>
    <bndbox>
        <xmin>36</xmin>
        <ymin>52.60606060606061</ymin>
        <xmax>99.51515151515152</xmax>
        <ymax>107.15151515151516</ymax>
    </bndbox>
</object>
</annotation>
