<annotation verified="yes">
    <folder>Annotation</folder>
    <filename>283.jpg</filename>
    <path>train-2-PascalVOC-export/Annotations/283.jpg</path>
    <source>
        <database>Unknown</database>
    </source>
    <size>
        <width>224</width>
        <height>224</height>
        <depth>3</depth>
    </size>
    <segmented>0</segmented>
    <object>
    <name>4</name>
    <pose>Unspecified</pose>
    <truncated>0</truncated>
    <difficult>0</difficult>
    <bndbox>
        <xmin>146.3030303030303</xmin>
        <ymin>37.81818181818182</ymin>
        <xmax>209.8181818181818</xmax>
        <ymax>97.93939393939394</ymax>
    </bndbox>
</object><object>
    <name>3</name>
    <pose>Unspecified</pose>
    <truncated>0</truncated>
    <difficult>0</difficult>
    <bndbox>
        <xmin>40.60606060606061</xmin>
        <ymin>80.96969696969697</ymin>
        <xmax>116.96969696969697</xmax>
        <ymax>145.93939393939394</ymax>
    </bndbox>
</object>
</annotation>
