<annotation verified="yes">
    <folder>Annotation</folder>
    <filename>284.jpg</filename>
    <path>train-2-PascalVOC-export/Annotations/284.jpg</path>
    <source>
        <database>Unknown</database>
    </source>
    <size>
        <width>224</width>
        <height>224</height>
        <depth>3</depth>
    </size>
    <segmented>0</segmented>
    <object>
    <name>4</name>
    <pose>Unspecified</pose>
    <truncated>0</truncated>
    <difficult>0</difficult>
    <bndbox>
        <xmin>169.8181818181818</xmin>
        <ymin>54.54545454545455</ymin>
        <xmax>216.36363636363637</xmax>
        <ymax>88.72727272727272</ymax>
    </bndbox>
</object><object>
    <name>3</name>
    <pose>Unspecified</pose>
    <truncated>0</truncated>
    <difficult>0</difficult>
    <bndbox>
        <xmin>94.42424242424242</xmin>
        <ymin>73.6969696969697</ymin>
        <xmax>145.8181818181818</xmax>
        <ymax>116.84848484848486</ymax>
    </bndbox>
</object><object>
    <name>6</name>
    <pose>Unspecified</pose>
    <truncated>0</truncated>
    <difficult>0</difficult>
    <bndbox>
        <xmin>0</xmin>
        <ymin>101.81818181818184</ymin>
        <xmax>34.54545454545455</xmax>
        <ymax>144.72727272727275</ymax>
    </bndbox>
</object>
</annotation>
