<annotation verified="yes">
    <folder>Annotation</folder>
    <filename>285.jpg</filename>
    <path>train-2-PascalVOC-export/Annotations/285.jpg</path>
    <source>
        <database>Unknown</database>
    </source>
    <size>
        <width>224</width>
        <height>224</height>
        <depth>3</depth>
    </size>
    <segmented>0</segmented>
    <object>
    <name>3</name>
    <pose>Unspecified</pose>
    <truncated>0</truncated>
    <difficult>0</difficult>
    <bndbox>
        <xmin>97.33333333333334</xmin>
        <ymin>70.54545454545455</ymin>
        <xmax>153.8181818181818</xmax>
        <ymax>112.48484848484848</ymax>
    </bndbox>
</object><object>
    <name>4</name>
    <pose>Unspecified</pose>
    <truncated>0</truncated>
    <difficult>0</difficult>
    <bndbox>
        <xmin>179.75757575757575</xmin>
        <ymin>53.09090909090909</ymin>
        <xmax>222.42424242424244</xmax>
        <ymax>93.0909090909091</ymax>
    </bndbox>
</object><object>
    <name>6</name>
    <pose>Unspecified</pose>
    <truncated>0</truncated>
    <difficult>0</difficult>
    <bndbox>
        <xmin>0.36363636363636365</xmin>
        <ymin>93.81818181818183</ymin>
        <xmax>39.63636363636364</xmax>
        <ymax>140.60606060606062</ymax>
    </bndbox>
</object>
</annotation>
