<annotation verified="yes">
    <folder>Annotation</folder>
    <filename>286.jpg</filename>
    <path>train-2-PascalVOC-export/Annotations/286.jpg</path>
    <source>
        <database>Unknown</database>
    </source>
    <size>
        <width>224</width>
        <height>224</height>
        <depth>3</depth>
    </size>
    <segmented>0</segmented>
    <object>
    <name>4</name>
    <pose>Unspecified</pose>
    <truncated>0</truncated>
    <difficult>0</difficult>
    <bndbox>
        <xmin>154.06060606060606</xmin>
        <ymin>72.24242424242425</ymin>
        <xmax>212</xmax>
        <ymax>114.90909090909092</ymax>
    </bndbox>
</object><object>
    <name>3</name>
    <pose>Unspecified</pose>
    <truncated>0</truncated>
    <difficult>0</difficult>
    <bndbox>
        <xmin>57.09090909090909</xmin>
        <ymin>101.0909090909091</ymin>
        <xmax>124.96969696969697</xmax>
        <ymax>151.75757575757578</ymax>
    </bndbox>
</object>
</annotation>
