<annotation verified="yes">
    <folder>Annotation</folder>
    <filename>287.jpg</filename>
    <path>train-2-PascalVOC-export/Annotations/287.jpg</path>
    <source>
        <database>Unknown</database>
    </source>
    <size>
        <width>224</width>
        <height>224</height>
        <depth>3</depth>
    </size>
    <segmented>0</segmented>
    <object>
    <name>3</name>
    <pose>Unspecified</pose>
    <truncated>0</truncated>
    <difficult>0</difficult>
    <bndbox>
        <xmin>61.93939393939394</xmin>
        <ymin>90.66666666666667</ymin>
        <xmax>127.63636363636364</xmax>
        <ymax>143.27272727272728</ymax>
    </bndbox>
</object><object>
    <name>4</name>
    <pose>Unspecified</pose>
    <truncated>0</truncated>
    <difficult>0</difficult>
    <bndbox>
        <xmin>156.96969696969697</xmin>
        <ymin>66.9090909090909</ymin>
        <xmax>212.72727272727272</xmax>
        <ymax>107.87878787878788</ymax>
    </bndbox>
</object>
</annotation>
