<annotation verified="yes">
    <folder>Annotation</folder>
    <filename>288.jpg</filename>
    <path>train-2-PascalVOC-export/Annotations/288.jpg</path>
    <source>
        <database>Unknown</database>
    </source>
    <size>
        <width>224</width>
        <height>224</height>
        <depth>3</depth>
    </size>
    <segmented>0</segmented>
    <object>
    <name>4</name>
    <pose>Unspecified</pose>
    <truncated>0</truncated>
    <difficult>0</difficult>
    <bndbox>
        <xmin>164.96969696969697</xmin>
        <ymin>53.57575757575758</ymin>
        <xmax>223.15151515151516</xmax>
        <ymax>95.03030303030303</ymax>
    </bndbox>
</object><object>
    <name>3</name>
    <pose>Unspecified</pose>
    <truncated>0</truncated>
    <difficult>0</difficult>
    <bndbox>
        <xmin>68.72727272727273</xmin>
        <ymin>74.42424242424242</ymin>
        <xmax>141.21212121212122</xmax>
        <ymax>128.24242424242425</ymax>
    </bndbox>
</object>
</annotation>
