<annotation verified="yes">
    <folder>Annotation</folder>
    <filename>289.jpg</filename>
    <path>train-2-PascalVOC-export/Annotations/289.jpg</path>
    <source>
        <database>Unknown</database>
    </source>
    <size>
        <width>224</width>
        <height>224</height>
        <depth>3</depth>
    </size>
    <segmented>0</segmented>
    <object>
    <name>4</name>
    <pose>Unspecified</pose>
    <truncated>0</truncated>
    <difficult>0</difficult>
    <bndbox>
        <xmin>180</xmin>
        <ymin>71.27272727272728</ymin>
        <xmax>224</xmax>
        <ymax>123.3939393939394</ymax>
    </bndbox>
</object><object>
    <name>3</name>
    <pose>Unspecified</pose>
    <truncated>0</truncated>
    <difficult>0</difficult>
    <bndbox>
        <xmin>78.42424242424242</xmin>
        <ymin>87.51515151515152</ymin>
        <xmax>149.93939393939394</xmax>
        <ymax>150.54545454545456</ymax>
    </bndbox>
</object>
</annotation>
