<annotation verified="yes">
    <folder>Annotation</folder>
    <filename>29.jpg</filename>
    <path>train-2-PascalVOC-export/Annotations/29.jpg</path>
    <source>
        <database>Unknown</database>
    </source>
    <size>
        <width>224</width>
        <height>224</height>
        <depth>3</depth>
    </size>
    <segmented>0</segmented>
    <object>
    <name>4</name>
    <pose>Unspecified</pose>
    <truncated>0</truncated>
    <difficult>0</difficult>
    <bndbox>
        <xmin>175.3939393939394</xmin>
        <ymin>60.60606060606061</ymin>
        <xmax>224</xmax>
        <ymax>125.57575757575758</ymax>
    </bndbox>
</object><object>
    <name>3</name>
    <pose>Unspecified</pose>
    <truncated>0</truncated>
    <difficult>0</difficult>
    <bndbox>
        <xmin>54.42424242424243</xmin>
        <ymin>101.57575757575758</ymin>
        <xmax>141.21212121212122</xmax>
        <ymax>174.54545454545456</ymax>
    </bndbox>
</object>
</annotation>
