<annotation verified="yes">
    <folder>Annotation</folder>
    <filename>290.jpg</filename>
    <path>train-2-PascalVOC-export/Annotations/290.jpg</path>
    <source>
        <database>Unknown</database>
    </source>
    <size>
        <width>224</width>
        <height>224</height>
        <depth>3</depth>
    </size>
    <segmented>0</segmented>
    <object>
    <name>4</name>
    <pose>Unspecified</pose>
    <truncated>0</truncated>
    <difficult>0</difficult>
    <bndbox>
        <xmin>176.12121212121212</xmin>
        <ymin>61.333333333333336</ymin>
        <xmax>224</xmax>
        <ymax>112.96969696969697</ymax>
    </bndbox>
</object><object>
    <name>3</name>
    <pose>Unspecified</pose>
    <truncated>0</truncated>
    <difficult>0</difficult>
    <bndbox>
        <xmin>70.42424242424242</xmin>
        <ymin>69.33333333333333</ymin>
        <xmax>147.75757575757575</xmax>
        <ymax>137.93939393939394</ymax>
    </bndbox>
</object>
</annotation>
