<annotation verified="yes">
    <folder>Annotation</folder>
    <filename>291.jpg</filename>
    <path>train-2-PascalVOC-export/Annotations/291.jpg</path>
    <source>
        <database>Unknown</database>
    </source>
    <size>
        <width>224</width>
        <height>224</height>
        <depth>3</depth>
    </size>
    <segmented>0</segmented>
    <object>
    <name>4</name>
    <pose>Unspecified</pose>
    <truncated>0</truncated>
    <difficult>0</difficult>
    <bndbox>
        <xmin>194.06060606060606</xmin>
        <ymin>58.42424242424243</ymin>
        <xmax>224</xmax>
        <ymax>109.57575757575759</ymax>
    </bndbox>
</object><object>
    <name>3</name>
    <pose>Unspecified</pose>
    <truncated>0</truncated>
    <difficult>0</difficult>
    <bndbox>
        <xmin>78.18181818181819</xmin>
        <ymin>79.03030303030303</ymin>
        <xmax>163.03030303030303</xmax>
        <ymax>149.0909090909091</ymax>
    </bndbox>
</object>
</annotation>
