<annotation verified="yes">
    <folder>Annotation</folder>
    <filename>292.jpg</filename>
    <path>train-2-PascalVOC-export/Annotations/292.jpg</path>
    <source>
        <database>Unknown</database>
    </source>
    <size>
        <width>224</width>
        <height>224</height>
        <depth>3</depth>
    </size>
    <segmented>0</segmented>
    <object>
    <name>4</name>
    <pose>Unspecified</pose>
    <truncated>0</truncated>
    <difficult>0</difficult>
    <bndbox>
        <xmin>191.3939393939394</xmin>
        <ymin>62.54545454545455</ymin>
        <xmax>224</xmax>
        <ymax>119.03030303030303</ymax>
    </bndbox>
</object><object>
    <name>3</name>
    <pose>Unspecified</pose>
    <truncated>0</truncated>
    <difficult>0</difficult>
    <bndbox>
        <xmin>82.30303030303031</xmin>
        <ymin>82.66666666666667</ymin>
        <xmax>159.63636363636363</xmax>
        <ymax>159.5151515151515</ymax>
    </bndbox>
</object>
</annotation>
