<annotation verified="yes">
    <folder>Annotation</folder>
    <filename>293.jpg</filename>
    <path>train-2-PascalVOC-export/Annotations/293.jpg</path>
    <source>
        <database>Unknown</database>
    </source>
    <size>
        <width>224</width>
        <height>224</height>
        <depth>3</depth>
    </size>
    <segmented>0</segmented>
    <object>
    <name>3</name>
    <pose>Unspecified</pose>
    <truncated>0</truncated>
    <difficult>0</difficult>
    <bndbox>
        <xmin>102.18181818181819</xmin>
        <ymin>70.7878787878788</ymin>
        <xmax>180.4848484848485</xmax>
        <ymax>146.90909090909093</ymax>
    </bndbox>
</object>
</annotation>
