<annotation verified="yes">
    <folder>Annotation</folder>
    <filename>294.jpg</filename>
    <path>train-2-PascalVOC-export/Annotations/294.jpg</path>
    <source>
        <database>Unknown</database>
    </source>
    <size>
        <width>224</width>
        <height>224</height>
        <depth>3</depth>
    </size>
    <segmented>0</segmented>
    <object>
    <name>3</name>
    <pose>Unspecified</pose>
    <truncated>0</truncated>
    <difficult>0</difficult>
    <bndbox>
        <xmin>73.0909090909091</xmin>
        <ymin>97.21212121212122</ymin>
        <xmax>165.45454545454544</xmax>
        <ymax>180.84848484848487</ymax>
    </bndbox>
</object>
</annotation>
