<annotation verified="yes">
    <folder>Annotation</folder>
    <filename>295.jpg</filename>
    <path>train-2-PascalVOC-export/Annotations/295.jpg</path>
    <source>
        <database>Unknown</database>
    </source>
    <size>
        <width>224</width>
        <height>224</height>
        <depth>3</depth>
    </size>
    <segmented>0</segmented>
    <object>
    <name>3</name>
    <pose>Unspecified</pose>
    <truncated>0</truncated>
    <difficult>0</difficult>
    <bndbox>
        <xmin>101.45454545454545</xmin>
        <ymin>75.15151515151516</ymin>
        <xmax>197.93939393939394</xmax>
        <ymax>164.12121212121212</ymax>
    </bndbox>
</object>
</annotation>
