<annotation verified="yes">
    <folder>Annotation</folder>
    <filename>296.jpg</filename>
    <path>train-2-PascalVOC-export/Annotations/296.jpg</path>
    <source>
        <database>Unknown</database>
    </source>
    <size>
        <width>224</width>
        <height>224</height>
        <depth>3</depth>
    </size>
    <segmented>0</segmented>
    <object>
    <name>3</name>
    <pose>Unspecified</pose>
    <truncated>0</truncated>
    <difficult>0</difficult>
    <bndbox>
        <xmin>99.75757575757576</xmin>
        <ymin>117.81818181818183</ymin>
        <xmax>208.60606060606062</xmax>
        <ymax>220.36363636363637</ymax>
    </bndbox>
</object>
</annotation>
