<annotation verified="yes">
    <folder>Annotation</folder>
    <filename>297.jpg</filename>
    <path>train-2-PascalVOC-export/Annotations/297.jpg</path>
    <source>
        <database>Unknown</database>
    </source>
    <size>
        <width>224</width>
        <height>224</height>
        <depth>3</depth>
    </size>
    <segmented>0</segmented>
    <object>
    <name>3</name>
    <pose>Unspecified</pose>
    <truncated>0</truncated>
    <difficult>0</difficult>
    <bndbox>
        <xmin>98.06060606060606</xmin>
        <ymin>107.15151515151516</ymin>
        <xmax>207.15151515151516</xmax>
        <ymax>217.21212121212122</ymax>
    </bndbox>
</object>
</annotation>
