<annotation verified="yes">
    <folder>Annotation</folder>
    <filename>299.jpg</filename>
    <path>train-2-PascalVOC-export/Annotations/299.jpg</path>
    <source>
        <database>Unknown</database>
    </source>
    <size>
        <width>224</width>
        <height>224</height>
        <depth>3</depth>
    </size>
    <segmented>0</segmented>
    <object>
    <name>3</name>
    <pose>Unspecified</pose>
    <truncated>0</truncated>
    <difficult>0</difficult>
    <bndbox>
        <xmin>105.81818181818183</xmin>
        <ymin>111.75757575757576</ymin>
        <xmax>216.84848484848487</xmax>
        <ymax>224</ymax>
    </bndbox>
</object>
</annotation>
