<annotation verified="yes">
    <folder>Annotation</folder>
    <filename>3.jpg</filename>
    <path>train-2-PascalVOC-export/Annotations/3.jpg</path>
    <source>
        <database>Unknown</database>
    </source>
    <size>
        <width>224</width>
        <height>224</height>
        <depth>3</depth>
    </size>
    <segmented>0</segmented>
    <object>
    <name>1</name>
    <pose>Unspecified</pose>
    <truncated>0</truncated>
    <difficult>0</difficult>
    <bndbox>
        <xmin>83.75757575757576</xmin>
        <ymin>27.87878787878788</ymin>
        <xmax>128.84848484848487</xmax>
        <ymax>73.45454545454545</ymax>
    </bndbox>
</object><object>
    <name>2</name>
    <pose>Unspecified</pose>
    <truncated>0</truncated>
    <difficult>0</difficult>
    <bndbox>
        <xmin>172.60606060606062</xmin>
        <ymin>31.03030303030303</ymin>
        <xmax>224.00000000000003</xmax>
        <ymax>95.51515151515152</ymax>
    </bndbox>
</object>
</annotation>
