<annotation verified="yes">
    <folder>Annotation</folder>
    <filename>30.jpg</filename>
    <path>train-2-PascalVOC-export/Annotations/30.jpg</path>
    <source>
        <database>Unknown</database>
    </source>
    <size>
        <width>224</width>
        <height>224</height>
        <depth>3</depth>
    </size>
    <segmented>0</segmented>
    <object>
    <name>3</name>
    <pose>Unspecified</pose>
    <truncated>0</truncated>
    <difficult>0</difficult>
    <bndbox>
        <xmin>60.72727272727273</xmin>
        <ymin>113.21212121212122</ymin>
        <xmax>146.3030303030303</xmax>
        <ymax>188.12121212121212</ymax>
    </bndbox>
</object><object>
    <name>4</name>
    <pose>Unspecified</pose>
    <truncated>0</truncated>
    <difficult>0</difficult>
    <bndbox>
        <xmin>178.78787878787878</xmin>
        <ymin>72.24242424242425</ymin>
        <xmax>224</xmax>
        <ymax>138.90909090909093</ymax>
    </bndbox>
</object>
</annotation>
