<annotation verified="yes">
    <folder>Annotation</folder>
    <filename>301.jpg</filename>
    <path>train-2-PascalVOC-export/Annotations/301.jpg</path>
    <source>
        <database>Unknown</database>
    </source>
    <size>
        <width>224</width>
        <height>224</height>
        <depth>3</depth>
    </size>
    <segmented>0</segmented>
    <object>
    <name>3</name>
    <pose>Unspecified</pose>
    <truncated>0</truncated>
    <difficult>0</difficult>
    <bndbox>
        <xmin>130.78787878787878</xmin>
        <ymin>139.63636363636363</ymin>
        <xmax>224</xmax>
        <ymax>224</ymax>
    </bndbox>
</object>
</annotation>
