<annotation verified="yes">
    <folder>Annotation</folder>
    <filename>303.jpg</filename>
    <path>train-2-PascalVOC-export/Annotations/303.jpg</path>
    <source>
        <database>Unknown</database>
    </source>
    <size>
        <width>224</width>
        <height>224</height>
        <depth>3</depth>
    </size>
    <segmented>0</segmented>
    <object>
    <name>5</name>
    <pose>Unspecified</pose>
    <truncated>0</truncated>
    <difficult>0</difficult>
    <bndbox>
        <xmin>159.87878787878788</xmin>
        <ymin>44.36363636363637</ymin>
        <xmax>212.96969696969697</xmax>
        <ymax>85.0909090909091</ymax>
    </bndbox>
</object>
</annotation>
