<annotation verified="yes">
    <folder>Annotation</folder>
    <filename>305.jpg</filename>
    <path>train-2-PascalVOC-export/Annotations/305.jpg</path>
    <source>
        <database>Unknown</database>
    </source>
    <size>
        <width>224</width>
        <height>224</height>
        <depth>3</depth>
    </size>
    <segmented>0</segmented>
    <object>
    <name>5</name>
    <pose>Unspecified</pose>
    <truncated>0</truncated>
    <difficult>0</difficult>
    <bndbox>
        <xmin>153.0909090909091</xmin>
        <ymin>56.24242424242424</ymin>
        <xmax>201.0909090909091</xmax>
        <ymax>90.42424242424242</ymax>
    </bndbox>
</object>
</annotation>
