<annotation verified="yes">
    <folder>Annotation</folder>
    <filename>306.jpg</filename>
    <path>train-2-PascalVOC-export/Annotations/306.jpg</path>
    <source>
        <database>Unknown</database>
    </source>
    <size>
        <width>224</width>
        <height>224</height>
        <depth>3</depth>
    </size>
    <segmented>0</segmented>
    <object>
    <name>5</name>
    <pose>Unspecified</pose>
    <truncated>0</truncated>
    <difficult>0</difficult>
    <bndbox>
        <xmin>175.15151515151516</xmin>
        <ymin>65.6969696969697</ymin>
        <xmax>223.87878787878788</xmax>
        <ymax>101.81818181818183</ymax>
    </bndbox>
</object>
</annotation>
