<annotation verified="yes">
    <folder>Annotation</folder>
    <filename>307.jpg</filename>
    <path>train-2-PascalVOC-export/Annotations/307.jpg</path>
    <source>
        <database>Unknown</database>
    </source>
    <size>
        <width>224</width>
        <height>224</height>
        <depth>3</depth>
    </size>
    <segmented>0</segmented>
    <object>
    <name>5</name>
    <pose>Unspecified</pose>
    <truncated>0</truncated>
    <difficult>0</difficult>
    <bndbox>
        <xmin>173.93939393939394</xmin>
        <ymin>66.9090909090909</ymin>
        <xmax>224</xmax>
        <ymax>101.57575757575756</ymax>
    </bndbox>
</object>
</annotation>
