<annotation verified="yes">
    <folder>Annotation</folder>
    <filename>308.jpg</filename>
    <path>train-2-PascalVOC-export/Annotations/308.jpg</path>
    <source>
        <database>Unknown</database>
    </source>
    <size>
        <width>224</width>
        <height>224</height>
        <depth>3</depth>
    </size>
    <segmented>0</segmented>
    <object>
    <name>5</name>
    <pose>Unspecified</pose>
    <truncated>0</truncated>
    <difficult>0</difficult>
    <bndbox>
        <xmin>160.36363636363637</xmin>
        <ymin>91.87878787878788</ymin>
        <xmax>224</xmax>
        <ymax>138.42424242424244</ymax>
    </bndbox>
</object>
</annotation>
