<annotation verified="yes">
    <folder>Annotation</folder>
    <filename>309.jpg</filename>
    <path>train-2-PascalVOC-export/Annotations/309.jpg</path>
    <source>
        <database>Unknown</database>
    </source>
    <size>
        <width>224</width>
        <height>224</height>
        <depth>3</depth>
    </size>
    <segmented>0</segmented>
    <object>
    <name>5</name>
    <pose>Unspecified</pose>
    <truncated>0</truncated>
    <difficult>0</difficult>
    <bndbox>
        <xmin>164</xmin>
        <ymin>98.42424242424242</ymin>
        <xmax>221.45454545454544</xmax>
        <ymax>145.45454545454544</ymax>
    </bndbox>
</object>
</annotation>
