<annotation verified="yes">
    <folder>Annotation</folder>
    <filename>31.jpg</filename>
    <path>train-2-PascalVOC-export/Annotations/31.jpg</path>
    <source>
        <database>Unknown</database>
    </source>
    <size>
        <width>224</width>
        <height>224</height>
        <depth>3</depth>
    </size>
    <segmented>0</segmented>
    <object>
    <name>4</name>
    <pose>Unspecified</pose>
    <truncated>0</truncated>
    <difficult>0</difficult>
    <bndbox>
        <xmin>156.24242424242425</xmin>
        <ymin>87.03030303030303</ymin>
        <xmax>224</xmax>
        <ymax>157.0909090909091</ymax>
    </bndbox>
</object><object>
    <name>3</name>
    <pose>Unspecified</pose>
    <truncated>0</truncated>
    <difficult>0</difficult>
    <bndbox>
        <xmin>22.181818181818183</xmin>
        <ymin>126.54545454545455</ymin>
        <xmax>112.60606060606061</xmax>
        <ymax>213.8181818181818</ymax>
    </bndbox>
</object>
</annotation>
