<annotation verified="yes">
    <folder>Annotation</folder>
    <filename>310.jpg</filename>
    <path>train-2-PascalVOC-export/Annotations/310.jpg</path>
    <source>
        <database>Unknown</database>
    </source>
    <size>
        <width>224</width>
        <height>224</height>
        <depth>3</depth>
    </size>
    <segmented>0</segmented>
    <object>
    <name>5</name>
    <pose>Unspecified</pose>
    <truncated>0</truncated>
    <difficult>0</difficult>
    <bndbox>
        <xmin>164.96969696969697</xmin>
        <ymin>101.09090909090911</ymin>
        <xmax>219.75757575757575</xmax>
        <ymax>160.4848484848485</ymax>
    </bndbox>
</object>
</annotation>
