<annotation verified="yes">
    <folder>Annotation</folder>
    <filename>311.jpg</filename>
    <path>train-2-PascalVOC-export/Annotations/311.jpg</path>
    <source>
        <database>Unknown</database>
    </source>
    <size>
        <width>224</width>
        <height>224</height>
        <depth>3</depth>
    </size>
    <segmented>0</segmented>
    <object>
    <name>5</name>
    <pose>Unspecified</pose>
    <truncated>0</truncated>
    <difficult>0</difficult>
    <bndbox>
        <xmin>168.12121212121212</xmin>
        <ymin>96.48484848484848</ymin>
        <xmax>222.66666666666669</xmax>
        <ymax>150.78787878787878</ymax>
    </bndbox>
</object>
</annotation>
