<annotation verified="yes">
    <folder>Annotation</folder>
    <filename>312.jpg</filename>
    <path>train-2-PascalVOC-export/Annotations/312.jpg</path>
    <source>
        <database>Unknown</database>
    </source>
    <size>
        <width>224</width>
        <height>224</height>
        <depth>3</depth>
    </size>
    <segmented>0</segmented>
    <object>
    <name>5</name>
    <pose>Unspecified</pose>
    <truncated>0</truncated>
    <difficult>0</difficult>
    <bndbox>
        <xmin>110.66666666666667</xmin>
        <ymin>82.9090909090909</ymin>
        <xmax>179.5151515151515</xmax>
        <ymax>153.6969696969697</ymax>
    </bndbox>
</object>
</annotation>
