<annotation verified="yes">
    <folder>Annotation</folder>
    <filename>313.jpg</filename>
    <path>train-2-PascalVOC-export/Annotations/313.jpg</path>
    <source>
        <database>Unknown</database>
    </source>
    <size>
        <width>224</width>
        <height>224</height>
        <depth>3</depth>
    </size>
    <segmented>0</segmented>
    <object>
    <name>5</name>
    <pose>Unspecified</pose>
    <truncated>0</truncated>
    <difficult>0</difficult>
    <bndbox>
        <xmin>120.60606060606061</xmin>
        <ymin>64.72727272727273</ymin>
        <xmax>188</xmax>
        <ymax>134.7878787878788</ymax>
    </bndbox>
</object>
</annotation>
