<annotation verified="yes">
    <folder>Annotation</folder>
    <filename>314.jpg</filename>
    <path>train-2-PascalVOC-export/Annotations/314.jpg</path>
    <source>
        <database>Unknown</database>
    </source>
    <size>
        <width>224</width>
        <height>224</height>
        <depth>3</depth>
    </size>
    <segmented>0</segmented>
    <object>
    <name>5</name>
    <pose>Unspecified</pose>
    <truncated>0</truncated>
    <difficult>0</difficult>
    <bndbox>
        <xmin>119.87878787878788</xmin>
        <ymin>69.81818181818181</ymin>
        <xmax>196</xmax>
        <ymax>131.87878787878788</ymax>
    </bndbox>
</object>
</annotation>
