<annotation verified="yes">
    <folder>Annotation</folder>
    <filename>315.jpg</filename>
    <path>train-2-PascalVOC-export/Annotations/315.jpg</path>
    <source>
        <database>Unknown</database>
    </source>
    <size>
        <width>224</width>
        <height>224</height>
        <depth>3</depth>
    </size>
    <segmented>0</segmented>
    <object>
    <name>5</name>
    <pose>Unspecified</pose>
    <truncated>0</truncated>
    <difficult>0</difficult>
    <bndbox>
        <xmin>76.24242424242425</xmin>
        <ymin>101.81818181818183</ymin>
        <xmax>161.5757575757576</xmax>
        <ymax>177.21212121212122</ymax>
    </bndbox>
</object>
</annotation>
