<annotation verified="yes">
    <folder>Annotation</folder>
    <filename>316.jpg</filename>
    <path>train-2-PascalVOC-export/Annotations/316.jpg</path>
    <source>
        <database>Unknown</database>
    </source>
    <size>
        <width>224</width>
        <height>224</height>
        <depth>3</depth>
    </size>
    <segmented>0</segmented>
    <object>
    <name>5</name>
    <pose>Unspecified</pose>
    <truncated>0</truncated>
    <difficult>0</difficult>
    <bndbox>
        <xmin>75.75757575757576</xmin>
        <ymin>94.7878787878788</ymin>
        <xmax>167.87878787878788</xmax>
        <ymax>174.7878787878788</ymax>
    </bndbox>
</object>
</annotation>
