<annotation verified="yes">
    <folder>Annotation</folder>
    <filename>317.jpg</filename>
    <path>train-2-PascalVOC-export/Annotations/317.jpg</path>
    <source>
        <database>Unknown</database>
    </source>
    <size>
        <width>224</width>
        <height>224</height>
        <depth>3</depth>
    </size>
    <segmented>0</segmented>
    <object>
    <name>5</name>
    <pose>Unspecified</pose>
    <truncated>0</truncated>
    <difficult>0</difficult>
    <bndbox>
        <xmin>39.151515151515156</xmin>
        <ymin>102.30303030303031</ymin>
        <xmax>148.969696969697</xmax>
        <ymax>210.1818181818182</ymax>
    </bndbox>
</object>
</annotation>
