<annotation verified="yes">
    <folder>Annotation</folder>
    <filename>318.jpg</filename>
    <path>train-2-PascalVOC-export/Annotations/318.jpg</path>
    <source>
        <database>Unknown</database>
    </source>
    <size>
        <width>224</width>
        <height>224</height>
        <depth>3</depth>
    </size>
    <segmented>0</segmented>
    <object>
    <name>5</name>
    <pose>Unspecified</pose>
    <truncated>0</truncated>
    <difficult>0</difficult>
    <bndbox>
        <xmin>36.484848484848484</xmin>
        <ymin>96.72727272727273</ymin>
        <xmax>147.5151515151515</xmax>
        <ymax>199.03030303030306</ymax>
    </bndbox>
</object>
</annotation>
