<annotation verified="yes">
    <folder>Annotation</folder>
    <filename>319.jpg</filename>
    <path>train-2-PascalVOC-export/Annotations/319.jpg</path>
    <source>
        <database>Unknown</database>
    </source>
    <size>
        <width>224</width>
        <height>224</height>
        <depth>3</depth>
    </size>
    <segmented>0</segmented>
    <object>
    <name>5</name>
    <pose>Unspecified</pose>
    <truncated>0</truncated>
    <difficult>0</difficult>
    <bndbox>
        <xmin>89.81818181818183</xmin>
        <ymin>79.27272727272728</ymin>
        <xmax>196.969696969697</xmax>
        <ymax>186.1818181818182</ymax>
    </bndbox>
</object>
</annotation>
