<annotation verified="yes">
    <folder>Annotation</folder>
    <filename>32.jpg</filename>
    <path>train-2-PascalVOC-export/Annotations/32.jpg</path>
    <source>
        <database>Unknown</database>
    </source>
    <size>
        <width>224</width>
        <height>224</height>
        <depth>3</depth>
    </size>
    <segmented>0</segmented>
    <object>
    <name>3</name>
    <pose>Unspecified</pose>
    <truncated>0</truncated>
    <difficult>0</difficult>
    <bndbox>
        <xmin>36.96969696969697</xmin>
        <ymin>119.75757575757576</ymin>
        <xmax>123.75757575757578</xmax>
        <ymax>208</ymax>
    </bndbox>
</object><object>
    <name>4</name>
    <pose>Unspecified</pose>
    <truncated>0</truncated>
    <difficult>0</difficult>
    <bndbox>
        <xmin>158.9090909090909</xmin>
        <ymin>74.66666666666667</ymin>
        <xmax>224</xmax>
        <ymax>147.15151515151516</ymax>
    </bndbox>
</object>
</annotation>
