<annotation verified="yes">
    <folder>Annotation</folder>
    <filename>320.jpg</filename>
    <path>train-2-PascalVOC-export/Annotations/320.jpg</path>
    <source>
        <database>Unknown</database>
    </source>
    <size>
        <width>224</width>
        <height>224</height>
        <depth>3</depth>
    </size>
    <segmented>0</segmented>
    <object>
    <name>5</name>
    <pose>Unspecified</pose>
    <truncated>0</truncated>
    <difficult>0</difficult>
    <bndbox>
        <xmin>97.81818181818183</xmin>
        <ymin>62.06060606060606</ymin>
        <xmax>207.15151515151518</xmax>
        <ymax>168.24242424242425</ymax>
    </bndbox>
</object>
</annotation>
