<annotation verified="yes">
    <folder>Annotation</folder>
    <filename>321.jpg</filename>
    <path>train-2-PascalVOC-export/Annotations/321.jpg</path>
    <source>
        <database>Unknown</database>
    </source>
    <size>
        <width>224</width>
        <height>224</height>
        <depth>3</depth>
    </size>
    <segmented>0</segmented>
    <object>
    <name>5</name>
    <pose>Unspecified</pose>
    <truncated>0</truncated>
    <difficult>0</difficult>
    <bndbox>
        <xmin>47.87878787878788</xmin>
        <ymin>121.6969696969697</ymin>
        <xmax>166.66666666666669</xmax>
        <ymax>224</ymax>
    </bndbox>
</object>
</annotation>
