<annotation verified="yes">
    <folder>Annotation</folder>
    <filename>322.jpg</filename>
    <path>train-2-PascalVOC-export/Annotations/322.jpg</path>
    <source>
        <database>Unknown</database>
    </source>
    <size>
        <width>224</width>
        <height>224</height>
        <depth>3</depth>
    </size>
    <segmented>0</segmented>
    <object>
    <name>5</name>
    <pose>Unspecified</pose>
    <truncated>0</truncated>
    <difficult>0</difficult>
    <bndbox>
        <xmin>39.151515151515156</xmin>
        <ymin>129.45454545454547</ymin>
        <xmax>163.75757575757575</xmax>
        <ymax>224</ymax>
    </bndbox>
</object>
</annotation>
