<annotation verified="yes">
    <folder>Annotation</folder>
    <filename>324.jpg</filename>
    <path>train-2-PascalVOC-export/Annotations/324.jpg</path>
    <source>
        <database>Unknown</database>
    </source>
    <size>
        <width>224</width>
        <height>224</height>
        <depth>3</depth>
    </size>
    <segmented>0</segmented>
    <object>
    <name>6</name>
    <pose>Unspecified</pose>
    <truncated>0</truncated>
    <difficult>0</difficult>
    <bndbox>
        <xmin>143.03030303030303</xmin>
        <ymin>103.75757575757578</ymin>
        <xmax>224</xmax>
        <ymax>224</ymax>
    </bndbox>
</object><object>
    <name>5</name>
    <pose>Unspecified</pose>
    <truncated>0</truncated>
    <difficult>0</difficult>
    <bndbox>
        <xmin>0</xmin>
        <ymin>110.06060606060606</ymin>
        <xmax>85.33333333333334</xmax>
        <ymax>213.33333333333334</ymax>
    </bndbox>
</object>
</annotation>
