<annotation verified="yes">
    <folder>Annotation</folder>
    <filename>325.jpg</filename>
    <path>train-2-PascalVOC-export/Annotations/325.jpg</path>
    <source>
        <database>Unknown</database>
    </source>
    <size>
        <width>224</width>
        <height>224</height>
        <depth>3</depth>
    </size>
    <segmented>0</segmented>
    <object>
    <name>6</name>
    <pose>Unspecified</pose>
    <truncated>0</truncated>
    <difficult>0</difficult>
    <bndbox>
        <xmin>140.24242424242425</xmin>
        <ymin>105.21212121212122</ymin>
        <xmax>224</xmax>
        <ymax>224</ymax>
    </bndbox>
</object><object>
    <name>5</name>
    <pose>Unspecified</pose>
    <truncated>0</truncated>
    <difficult>0</difficult>
    <bndbox>
        <xmin>0.8484848484848485</xmin>
        <ymin>104.24242424242425</ymin>
        <xmax>82.78787878787878</xmax>
        <ymax>212.60606060606062</ymax>
    </bndbox>
</object>
</annotation>
