<annotation verified="yes">
    <folder>Annotation</folder>
    <filename>326.jpg</filename>
    <path>train-2-PascalVOC-export/Annotations/326.jpg</path>
    <source>
        <database>Unknown</database>
    </source>
    <size>
        <width>224</width>
        <height>224</height>
        <depth>3</depth>
    </size>
    <segmented>0</segmented>
    <object>
    <name>6</name>
    <pose>Unspecified</pose>
    <truncated>0</truncated>
    <difficult>0</difficult>
    <bndbox>
        <xmin>135.87878787878788</xmin>
        <ymin>82.9090909090909</ymin>
        <xmax>206.1818181818182</xmax>
        <ymax>154.66666666666669</ymax>
    </bndbox>
</object><object>
    <name>5</name>
    <pose>Unspecified</pose>
    <truncated>0</truncated>
    <difficult>0</difficult>
    <bndbox>
        <xmin>19.03030303030303</xmin>
        <ymin>90.18181818181819</ymin>
        <xmax>90.30303030303033</xmax>
        <ymax>163.63636363636363</ymax>
    </bndbox>
</object>
</annotation>
