<annotation verified="yes">
    <folder>Annotation</folder>
    <filename>327.jpg</filename>
    <path>train-2-PascalVOC-export/Annotations/327.jpg</path>
    <source>
        <database>Unknown</database>
    </source>
    <size>
        <width>224</width>
        <height>224</height>
        <depth>3</depth>
    </size>
    <segmented>0</segmented>
    <object>
    <name>6</name>
    <pose>Unspecified</pose>
    <truncated>0</truncated>
    <difficult>0</difficult>
    <bndbox>
        <xmin>126.42424242424242</xmin>
        <ymin>102.7878787878788</ymin>
        <xmax>193.8181818181818</xmax>
        <ymax>169.45454545454547</ymax>
    </bndbox>
</object><object>
    <name>5</name>
    <pose>Unspecified</pose>
    <truncated>0</truncated>
    <difficult>0</difficult>
    <bndbox>
        <xmin>8.606060606060606</xmin>
        <ymin>109.0909090909091</ymin>
        <xmax>80.12121212121212</xmax>
        <ymax>170.66666666666669</ymax>
    </bndbox>
</object>
</annotation>
