<annotation verified="yes">
    <folder>Annotation</folder>
    <filename>328.jpg</filename>
    <path>train-2-PascalVOC-export/Annotations/328.jpg</path>
    <source>
        <database>Unknown</database>
    </source>
    <size>
        <width>224</width>
        <height>224</height>
        <depth>3</depth>
    </size>
    <segmented>0</segmented>
    <object>
    <name>6</name>
    <pose>Unspecified</pose>
    <truncated>0</truncated>
    <difficult>0</difficult>
    <bndbox>
        <xmin>125.6969696969697</xmin>
        <ymin>85.33333333333334</ymin>
        <xmax>192.84848484848487</xmax>
        <ymax>151.51515151515153</ymax>
    </bndbox>
</object><object>
    <name>5</name>
    <pose>Unspecified</pose>
    <truncated>0</truncated>
    <difficult>0</difficult>
    <bndbox>
        <xmin>10.303030303030303</xmin>
        <ymin>93.57575757575758</ymin>
        <xmax>80.84848484848484</xmax>
        <ymax>156.60606060606062</ymax>
    </bndbox>
</object>
</annotation>
