<annotation verified="yes">
    <folder>Annotation</folder>
    <filename>329.jpg</filename>
    <path>train-2-PascalVOC-export/Annotations/329.jpg</path>
    <source>
        <database>Unknown</database>
    </source>
    <size>
        <width>224</width>
        <height>224</height>
        <depth>3</depth>
    </size>
    <segmented>0</segmented>
    <object>
    <name>6</name>
    <pose>Unspecified</pose>
    <truncated>0</truncated>
    <difficult>0</difficult>
    <bndbox>
        <xmin>126.66666666666667</xmin>
        <ymin>41.45454545454545</ymin>
        <xmax>186.7878787878788</xmax>
        <ymax>90.18181818181819</ymax>
    </bndbox>
</object><object>
    <name>5</name>
    <pose>Unspecified</pose>
    <truncated>0</truncated>
    <difficult>0</difficult>
    <bndbox>
        <xmin>27.272727272727273</xmin>
        <ymin>44.84848484848485</ymin>
        <xmax>88.12121212121212</xmax>
        <ymax>90.9090909090909</ymax>
    </bndbox>
</object>
</annotation>
