<annotation verified="yes">
    <folder>Annotation</folder>
    <filename>33.jpg</filename>
    <path>train-2-PascalVOC-export/Annotations/33.jpg</path>
    <source>
        <database>Unknown</database>
    </source>
    <size>
        <width>224</width>
        <height>224</height>
        <depth>3</depth>
    </size>
    <segmented>0</segmented>
    <object>
    <name>4</name>
    <pose>Unspecified</pose>
    <truncated>0</truncated>
    <difficult>0</difficult>
    <bndbox>
        <xmin>157.6969696969697</xmin>
        <ymin>60.36363636363637</ymin>
        <xmax>224</xmax>
        <ymax>125.57575757575759</ymax>
    </bndbox>
</object><object>
    <name>3</name>
    <pose>Unspecified</pose>
    <truncated>0</truncated>
    <difficult>0</difficult>
    <bndbox>
        <xmin>42.06060606060606</xmin>
        <ymin>102.30303030303031</ymin>
        <xmax>131.5151515151515</xmax>
        <ymax>186.1818181818182</ymax>
    </bndbox>
</object>
</annotation>
