<annotation verified="yes">
    <folder>Annotation</folder>
    <filename>330.jpg</filename>
    <path>train-2-PascalVOC-export/Annotations/330.jpg</path>
    <source>
        <database>Unknown</database>
    </source>
    <size>
        <width>224</width>
        <height>224</height>
        <depth>3</depth>
    </size>
    <segmented>0</segmented>
    <object>
    <name>5</name>
    <pose>Unspecified</pose>
    <truncated>0</truncated>
    <difficult>0</difficult>
    <bndbox>
        <xmin>73.0909090909091</xmin>
        <ymin>39.03030303030303</ymin>
        <xmax>140.72727272727275</xmax>
        <ymax>94.30303030303031</ymax>
    </bndbox>
</object><object>
    <name>6</name>
    <pose>Unspecified</pose>
    <truncated>0</truncated>
    <difficult>0</difficult>
    <bndbox>
        <xmin>170.78787878787878</xmin>
        <ymin>42.66666666666667</ymin>
        <xmax>224</xmax>
        <ymax>94.54545454545456</ymax>
    </bndbox>
</object>
</annotation>
