<annotation verified="yes">
    <folder>Annotation</folder>
    <filename>331.jpg</filename>
    <path>train-2-PascalVOC-export/Annotations/331.jpg</path>
    <source>
        <database>Unknown</database>
    </source>
    <size>
        <width>224</width>
        <height>224</height>
        <depth>3</depth>
    </size>
    <segmented>0</segmented>
    <object>
    <name>6</name>
    <pose>Unspecified</pose>
    <truncated>0</truncated>
    <difficult>0</difficult>
    <bndbox>
        <xmin>166.1818181818182</xmin>
        <ymin>47.03030303030303</ymin>
        <xmax>224</xmax>
        <ymax>97.45454545454545</ymax>
    </bndbox>
</object><object>
    <name>5</name>
    <pose>Unspecified</pose>
    <truncated>0</truncated>
    <difficult>0</difficult>
    <bndbox>
        <xmin>67.75757575757576</xmin>
        <ymin>46.54545454545455</ymin>
        <xmax>128.60606060606062</xmax>
        <ymax>92.84848484848484</ymax>
    </bndbox>
</object>
</annotation>
