<annotation verified="yes">
    <folder>Annotation</folder>
    <filename>332.jpg</filename>
    <path>train-2-PascalVOC-export/Annotations/332.jpg</path>
    <source>
        <database>Unknown</database>
    </source>
    <size>
        <width>224</width>
        <height>224</height>
        <depth>3</depth>
    </size>
    <segmented>0</segmented>
    <object>
    <name>6</name>
    <pose>Unspecified</pose>
    <truncated>0</truncated>
    <difficult>0</difficult>
    <bndbox>
        <xmin>175.87878787878788</xmin>
        <ymin>38.06060606060606</ymin>
        <xmax>224</xmax>
        <ymax>83.87878787878788</ymax>
    </bndbox>
</object><object>
    <name>5</name>
    <pose>Unspecified</pose>
    <truncated>0</truncated>
    <difficult>0</difficult>
    <bndbox>
        <xmin>76.24242424242425</xmin>
        <ymin>38.303030303030305</ymin>
        <xmax>140</xmax>
        <ymax>84.12121212121212</ymax>
    </bndbox>
</object>
</annotation>
