<annotation verified="yes">
    <folder>Annotation</folder>
    <filename>333.jpg</filename>
    <path>train-2-PascalVOC-export/Annotations/333.jpg</path>
    <source>
        <database>Unknown</database>
    </source>
    <size>
        <width>224</width>
        <height>224</height>
        <depth>3</depth>
    </size>
    <segmented>0</segmented>
    <object>
    <name>5</name>
    <pose>Unspecified</pose>
    <truncated>0</truncated>
    <difficult>0</difficult>
    <bndbox>
        <xmin>52.24242424242424</xmin>
        <ymin>35.63636363636364</ymin>
        <xmax>116.4848484848485</xmax>
        <ymax>73.45454545454547</ymax>
    </bndbox>
</object><object>
    <name>6</name>
    <pose>Unspecified</pose>
    <truncated>0</truncated>
    <difficult>0</difficult>
    <bndbox>
        <xmin>146.54545454545456</xmin>
        <ymin>37.81818181818182</ymin>
        <xmax>199.63636363636365</xmax>
        <ymax>74.9090909090909</ymax>
    </bndbox>
</object>
</annotation>
