<annotation verified="yes">
    <folder>Annotation</folder>
    <filename>334.jpg</filename>
    <path>train-2-PascalVOC-export/Annotations/334.jpg</path>
    <source>
        <database>Unknown</database>
    </source>
    <size>
        <width>224</width>
        <height>224</height>
        <depth>3</depth>
    </size>
    <segmented>0</segmented>
    <object>
    <name>6</name>
    <pose>Unspecified</pose>
    <truncated>0</truncated>
    <difficult>0</difficult>
    <bndbox>
        <xmin>146.78787878787878</xmin>
        <ymin>40.72727272727273</ymin>
        <xmax>202.54545454545453</xmax>
        <ymax>80.72727272727272</ymax>
    </bndbox>
</object><object>
    <name>5</name>
    <pose>Unspecified</pose>
    <truncated>0</truncated>
    <difficult>0</difficult>
    <bndbox>
        <xmin>52</xmin>
        <ymin>40.484848484848484</ymin>
        <xmax>112.12121212121212</xmax>
        <ymax>76.36363636363637</ymax>
    </bndbox>
</object>
</annotation>
