<annotation verified="yes">
    <folder>Annotation</folder>
    <filename>335.jpg</filename>
    <path>train-2-PascalVOC-export/Annotations/335.jpg</path>
    <source>
        <database>Unknown</database>
    </source>
    <size>
        <width>224</width>
        <height>224</height>
        <depth>3</depth>
    </size>
    <segmented>0</segmented>
    <object>
    <name>6</name>
    <pose>Unspecified</pose>
    <truncated>0</truncated>
    <difficult>0</difficult>
    <bndbox>
        <xmin>141.93939393939394</xmin>
        <ymin>48.72727272727273</ymin>
        <xmax>192.84848484848484</xmax>
        <ymax>87.03030303030303</ymax>
    </bndbox>
</object><object>
    <name>5</name>
    <pose>Unspecified</pose>
    <truncated>0</truncated>
    <difficult>0</difficult>
    <bndbox>
        <xmin>53.21212121212121</xmin>
        <ymin>47.27272727272727</ymin>
        <xmax>110.9090909090909</xmax>
        <ymax>81.69696969696969</ymax>
    </bndbox>
</object>
</annotation>
