<annotation verified="yes">
    <folder>Annotation</folder>
    <filename>336.jpg</filename>
    <path>train-2-PascalVOC-export/Annotations/336.jpg</path>
    <source>
        <database>Unknown</database>
    </source>
    <size>
        <width>224</width>
        <height>224</height>
        <depth>3</depth>
    </size>
    <segmented>0</segmented>
    <object>
    <name>5</name>
    <pose>Unspecified</pose>
    <truncated>0</truncated>
    <difficult>0</difficult>
    <bndbox>
        <xmin>54.18181818181818</xmin>
        <ymin>59.151515151515156</ymin>
        <xmax>113.33333333333334</xmax>
        <ymax>93.33333333333334</ymax>
    </bndbox>
</object><object>
    <name>6</name>
    <pose>Unspecified</pose>
    <truncated>0</truncated>
    <difficult>0</difficult>
    <bndbox>
        <xmin>141.21212121212122</xmin>
        <ymin>58.909090909090914</ymin>
        <xmax>193.0909090909091</xmax>
        <ymax>96.24242424242425</ymax>
    </bndbox>
</object>
</annotation>
