<annotation verified="yes">
    <folder>Annotation</folder>
    <filename>337.jpg</filename>
    <path>train-2-PascalVOC-export/Annotations/337.jpg</path>
    <source>
        <database>Unknown</database>
    </source>
    <size>
        <width>224</width>
        <height>224</height>
        <depth>3</depth>
    </size>
    <segmented>0</segmented>
    <object>
    <name>6</name>
    <pose>Unspecified</pose>
    <truncated>0</truncated>
    <difficult>0</difficult>
    <bndbox>
        <xmin>140.96969696969697</xmin>
        <ymin>46.78787878787879</ymin>
        <xmax>191.87878787878788</xmax>
        <ymax>81.69696969696969</ymax>
    </bndbox>
</object><object>
    <name>5</name>
    <pose>Unspecified</pose>
    <truncated>0</truncated>
    <difficult>0</difficult>
    <bndbox>
        <xmin>52.24242424242424</xmin>
        <ymin>45.09090909090909</ymin>
        <xmax>106.78787878787878</xmax>
        <ymax>79.27272727272728</ymax>
    </bndbox>
</object>
</annotation>
