<annotation verified="yes">
    <folder>Annotation</folder>
    <filename>338.jpg</filename>
    <path>train-2-PascalVOC-export/Annotations/338.jpg</path>
    <source>
        <database>Unknown</database>
    </source>
    <size>
        <width>224</width>
        <height>224</height>
        <depth>3</depth>
    </size>
    <segmented>0</segmented>
    <object>
    <name>6</name>
    <pose>Unspecified</pose>
    <truncated>0</truncated>
    <difficult>0</difficult>
    <bndbox>
        <xmin>144.60606060606062</xmin>
        <ymin>46.303030303030305</ymin>
        <xmax>192.84848484848487</xmax>
        <ymax>76.12121212121212</ymax>
    </bndbox>
</object><object>
    <name>5</name>
    <pose>Unspecified</pose>
    <truncated>0</truncated>
    <difficult>0</difficult>
    <bndbox>
        <xmin>67.03030303030303</xmin>
        <ymin>43.3939393939394</ymin>
        <xmax>120.12121212121212</xmax>
        <ymax>75.15151515151516</ymax>
    </bndbox>
</object>
</annotation>
