<annotation verified="yes">
    <folder>Annotation</folder>
    <filename>339.jpg</filename>
    <path>train-2-PascalVOC-export/Annotations/339.jpg</path>
    <source>
        <database>Unknown</database>
    </source>
    <size>
        <width>224</width>
        <height>224</height>
        <depth>3</depth>
    </size>
    <segmented>0</segmented>
    <object>
    <name>6</name>
    <pose>Unspecified</pose>
    <truncated>0</truncated>
    <difficult>0</difficult>
    <bndbox>
        <xmin>146.54545454545456</xmin>
        <ymin>34.666666666666664</ymin>
        <xmax>198.90909090909093</xmax>
        <ymax>68.36363636363636</ymax>
    </bndbox>
</object><object>
    <name>5</name>
    <pose>Unspecified</pose>
    <truncated>0</truncated>
    <difficult>0</difficult>
    <bndbox>
        <xmin>62.66666666666667</xmin>
        <ymin>35.3939393939394</ymin>
        <xmax>119.3939393939394</xmax>
        <ymax>68.12121212121212</ymax>
    </bndbox>
</object>
</annotation>
