<annotation verified="yes">
    <folder>Annotation</folder>
    <filename>34.jpg</filename>
    <path>train-2-PascalVOC-export/Annotations/34.jpg</path>
    <source>
        <database>Unknown</database>
    </source>
    <size>
        <width>224</width>
        <height>224</height>
        <depth>3</depth>
    </size>
    <segmented>0</segmented>
    <object>
    <name>4</name>
    <pose>Unspecified</pose>
    <truncated>0</truncated>
    <difficult>0</difficult>
    <bndbox>
        <xmin>164.24242424242425</xmin>
        <ymin>54.06060606060606</ymin>
        <xmax>224</xmax>
        <ymax>124.60606060606061</ymax>
    </bndbox>
</object><object>
    <name>3</name>
    <pose>Unspecified</pose>
    <truncated>0</truncated>
    <difficult>0</difficult>
    <bndbox>
        <xmin>35.27272727272727</xmin>
        <ymin>98.42424242424242</ymin>
        <xmax>123.03030303030306</xmax>
        <ymax>183.75757575757578</ymax>
    </bndbox>
</object>
</annotation>
