<annotation verified="yes">
    <folder>Annotation</folder>
    <filename>340.jpg</filename>
    <path>train-2-PascalVOC-export/Annotations/340.jpg</path>
    <source>
        <database>Unknown</database>
    </source>
    <size>
        <width>224</width>
        <height>224</height>
        <depth>3</depth>
    </size>
    <segmented>0</segmented>
    <object>
    <name>6</name>
    <pose>Unspecified</pose>
    <truncated>0</truncated>
    <difficult>0</difficult>
    <bndbox>
        <xmin>128.36363636363637</xmin>
        <ymin>12.84848484848485</ymin>
        <xmax>182.1818181818182</xmax>
        <ymax>42.909090909090914</ymax>
    </bndbox>
</object><object>
    <name>5</name>
    <pose>Unspecified</pose>
    <truncated>0</truncated>
    <difficult>0</difficult>
    <bndbox>
        <xmin>56.84848484848485</xmin>
        <ymin>19.393939393939394</ymin>
        <xmax>106.30303030303031</xmax>
        <ymax>46.303030303030305</ymax>
    </bndbox>
</object>
</annotation>
