<annotation verified="yes">
    <folder>Annotation</folder>
    <filename>341.jpg</filename>
    <path>train-2-PascalVOC-export/Annotations/341.jpg</path>
    <source>
        <database>Unknown</database>
    </source>
    <size>
        <width>224</width>
        <height>224</height>
        <depth>3</depth>
    </size>
    <segmented>0</segmented>
    <object>
    <name>5</name>
    <pose>Unspecified</pose>
    <truncated>0</truncated>
    <difficult>0</difficult>
    <bndbox>
        <xmin>62.66666666666667</xmin>
        <ymin>15.757575757575758</ymin>
        <xmax>109.6969696969697</xmax>
        <ymax>48.484848484848484</ymax>
    </bndbox>
</object><object>
    <name>6</name>
    <pose>Unspecified</pose>
    <truncated>0</truncated>
    <difficult>0</difficult>
    <bndbox>
        <xmin>138.78787878787878</xmin>
        <ymin>14.303030303030303</ymin>
        <xmax>185.57575757575756</xmax>
        <ymax>43.63636363636364</ymax>
    </bndbox>
</object>
</annotation>
