<annotation verified="yes">
    <folder>Annotation</folder>
    <filename>342.jpg</filename>
    <path>train-2-PascalVOC-export/Annotations/342.jpg</path>
    <source>
        <database>Unknown</database>
    </source>
    <size>
        <width>224</width>
        <height>224</height>
        <depth>3</depth>
    </size>
    <segmented>0</segmented>
    <object>
    <name>3</name>
    <pose>Unspecified</pose>
    <truncated>0</truncated>
    <difficult>0</difficult>
    <bndbox>
        <xmin>200.12121212121212</xmin>
        <ymin>45.333333333333336</ymin>
        <xmax>224</xmax>
        <ymax>67.87878787878788</ymax>
    </bndbox>
</object><object>
    <name>6</name>
    <pose>Unspecified</pose>
    <truncated>0</truncated>
    <difficult>0</difficult>
    <bndbox>
        <xmin>118.66666666666667</xmin>
        <ymin>42.66666666666667</ymin>
        <xmax>159.87878787878788</xmax>
        <ymax>70.30303030303031</ymax>
    </bndbox>
</object><object>
    <name>5</name>
    <pose>Unspecified</pose>
    <truncated>0</truncated>
    <difficult>0</difficult>
    <bndbox>
        <xmin>53.09090909090909</xmin>
        <ymin>42.18181818181818</ymin>
        <xmax>92.24242424242425</xmax>
        <ymax>68.84848484848484</ymax>
    </bndbox>
</object>
</annotation>
