<annotation verified="yes">
    <folder>Annotation</folder>
    <filename>343.jpg</filename>
    <path>train-2-PascalVOC-export/Annotations/343.jpg</path>
    <source>
        <database>Unknown</database>
    </source>
    <size>
        <width>224</width>
        <height>224</height>
        <depth>3</depth>
    </size>
    <segmented>0</segmented>
    <object>
    <name>6</name>
    <pose>Unspecified</pose>
    <truncated>0</truncated>
    <difficult>0</difficult>
    <bndbox>
        <xmin>121.33333333333334</xmin>
        <ymin>42.909090909090914</ymin>
        <xmax>162.54545454545456</xmax>
        <ymax>68.36363636363637</ymax>
    </bndbox>
</object><object>
    <name>5</name>
    <pose>Unspecified</pose>
    <truncated>0</truncated>
    <difficult>0</difficult>
    <bndbox>
        <xmin>58.54545454545455</xmin>
        <ymin>41.93939393939394</ymin>
        <xmax>96.60606060606061</xmax>
        <ymax>68.60606060606061</ymax>
    </bndbox>
</object>
</annotation>
