<annotation verified="yes">
    <folder>Annotation</folder>
    <filename>344.jpg</filename>
    <path>train-2-PascalVOC-export/Annotations/344.jpg</path>
    <source>
        <database>Unknown</database>
    </source>
    <size>
        <width>224</width>
        <height>224</height>
        <depth>3</depth>
    </size>
    <segmented>0</segmented>
    <object>
    <name>6</name>
    <pose>Unspecified</pose>
    <truncated>0</truncated>
    <difficult>0</difficult>
    <bndbox>
        <xmin>146.06060606060606</xmin>
        <ymin>31.757575757575758</ymin>
        <xmax>182.66666666666669</xmax>
        <ymax>55.515151515151516</ymax>
    </bndbox>
</object><object>
    <name>5</name>
    <pose>Unspecified</pose>
    <truncated>0</truncated>
    <difficult>0</difficult>
    <bndbox>
        <xmin>80.60606060606061</xmin>
        <ymin>29.090909090909093</ymin>
        <xmax>118.9090909090909</xmax>
        <ymax>54.787878787878796</ymax>
    </bndbox>
</object>
</annotation>
