<annotation verified="yes">
    <folder>Annotation</folder>
    <filename>345.jpg</filename>
    <path>train-2-PascalVOC-export/Annotations/345.jpg</path>
    <source>
        <database>Unknown</database>
    </source>
    <size>
        <width>224</width>
        <height>224</height>
        <depth>3</depth>
    </size>
    <segmented>0</segmented>
    <object>
    <name>6</name>
    <pose>Unspecified</pose>
    <truncated>0</truncated>
    <difficult>0</difficult>
    <bndbox>
        <xmin>122.7878787878788</xmin>
        <ymin>59.3939393939394</ymin>
        <xmax>164.4848484848485</xmax>
        <ymax>87.51515151515152</ymax>
    </bndbox>
</object><object>
    <name>5</name>
    <pose>Unspecified</pose>
    <truncated>0</truncated>
    <difficult>0</difficult>
    <bndbox>
        <xmin>50.54545454545455</xmin>
        <ymin>59.3939393939394</ymin>
        <xmax>94.66666666666667</xmax>
        <ymax>86.54545454545455</ymax>
    </bndbox>
</object>
</annotation>
