<annotation verified="yes">
    <folder>Annotation</folder>
    <filename>346.jpg</filename>
    <path>train-2-PascalVOC-export/Annotations/346.jpg</path>
    <source>
        <database>Unknown</database>
    </source>
    <size>
        <width>224</width>
        <height>224</height>
        <depth>3</depth>
    </size>
    <segmented>0</segmented>
    <object>
    <name>6</name>
    <pose>Unspecified</pose>
    <truncated>0</truncated>
    <difficult>0</difficult>
    <bndbox>
        <xmin>140</xmin>
        <ymin>46.78787878787879</ymin>
        <xmax>183.15151515151516</xmax>
        <ymax>74.9090909090909</ymax>
    </bndbox>
</object><object>
    <name>5</name>
    <pose>Unspecified</pose>
    <truncated>0</truncated>
    <difficult>0</difficult>
    <bndbox>
        <xmin>66.54545454545455</xmin>
        <ymin>44.121212121212125</ymin>
        <xmax>112.84848484848484</xmax>
        <ymax>72</ymax>
    </bndbox>
</object>
</annotation>
