<annotation verified="yes">
    <folder>Annotation</folder>
    <filename>347.jpg</filename>
    <path>train-2-PascalVOC-export/Annotations/347.jpg</path>
    <source>
        <database>Unknown</database>
    </source>
    <size>
        <width>224</width>
        <height>224</height>
        <depth>3</depth>
    </size>
    <segmented>0</segmented>
    <object>
    <name>6</name>
    <pose>Unspecified</pose>
    <truncated>0</truncated>
    <difficult>0</difficult>
    <bndbox>
        <xmin>156.96969696969697</xmin>
        <ymin>26.90909090909091</ymin>
        <xmax>201.8181818181818</xmax>
        <ymax>55.75757575757576</ymax>
    </bndbox>
</object><object>
    <name>5</name>
    <pose>Unspecified</pose>
    <truncated>0</truncated>
    <difficult>0</difficult>
    <bndbox>
        <xmin>88.60606060606061</xmin>
        <ymin>23.515151515151516</ymin>
        <xmax>135.3939393939394</xmax>
        <ymax>51.63636363636364</ymax>
    </bndbox>
</object>
</annotation>
