<annotation verified="yes">
    <folder>Annotation</folder>
    <filename>348.jpg</filename>
    <path>train-2-PascalVOC-export/Annotations/348.jpg</path>
    <source>
        <database>Unknown</database>
    </source>
    <size>
        <width>224</width>
        <height>224</height>
        <depth>3</depth>
    </size>
    <segmented>0</segmented>
    <object>
    <name>5</name>
    <pose>Unspecified</pose>
    <truncated>0</truncated>
    <difficult>0</difficult>
    <bndbox>
        <xmin>123.75757575757576</xmin>
        <ymin>31.757575757575758</ymin>
        <xmax>166.66666666666669</xmax>
        <ymax>58.66666666666667</ymax>
    </bndbox>
</object><object>
    <name>6</name>
    <pose>Unspecified</pose>
    <truncated>0</truncated>
    <difficult>0</difficult>
    <bndbox>
        <xmin>192.60606060606062</xmin>
        <ymin>38.06060606060606</ymin>
        <xmax>224.00000000000003</xmax>
        <ymax>61.333333333333336</ymax>
    </bndbox>
</object>
</annotation>
