<annotation verified="yes">
    <folder>Annotation</folder>
    <filename>349.jpg</filename>
    <path>train-2-PascalVOC-export/Annotations/349.jpg</path>
    <source>
        <database>Unknown</database>
    </source>
    <size>
        <width>224</width>
        <height>224</height>
        <depth>3</depth>
    </size>
    <segmented>0</segmented>
    <object>
    <name>6</name>
    <pose>Unspecified</pose>
    <truncated>0</truncated>
    <difficult>0</difficult>
    <bndbox>
        <xmin>188.96969696969697</xmin>
        <ymin>50.909090909090914</ymin>
        <xmax>224</xmax>
        <ymax>78.54545454545455</ymax>
    </bndbox>
</object><object>
    <name>5</name>
    <pose>Unspecified</pose>
    <truncated>0</truncated>
    <difficult>0</difficult>
    <bndbox>
        <xmin>128.36363636363637</xmin>
        <ymin>47.27272727272727</ymin>
        <xmax>169.33333333333334</xmax>
        <ymax>71.27272727272728</ymax>
    </bndbox>
</object>
</annotation>
