<annotation verified="yes">
    <folder>Annotation</folder>
    <filename>35.jpg</filename>
    <path>train-2-PascalVOC-export/Annotations/35.jpg</path>
    <source>
        <database>Unknown</database>
    </source>
    <size>
        <width>224</width>
        <height>224</height>
        <depth>3</depth>
    </size>
    <segmented>0</segmented>
    <object>
    <name>4</name>
    <pose>Unspecified</pose>
    <truncated>0</truncated>
    <difficult>0</difficult>
    <bndbox>
        <xmin>159.3939393939394</xmin>
        <ymin>56.96969696969697</ymin>
        <xmax>224</xmax>
        <ymax>124.12121212121212</ymax>
    </bndbox>
</object><object>
    <name>3</name>
    <pose>Unspecified</pose>
    <truncated>0</truncated>
    <difficult>0</difficult>
    <bndbox>
        <xmin>29.45454545454546</xmin>
        <ymin>97.6969696969697</ymin>
        <xmax>122.06060606060606</xmax>
        <ymax>187.15151515151516</ymax>
    </bndbox>
</object>
</annotation>
