<annotation verified="yes">
    <folder>Annotation</folder>
    <filename>350.jpg</filename>
    <path>train-2-PascalVOC-export/Annotations/350.jpg</path>
    <source>
        <database>Unknown</database>
    </source>
    <size>
        <width>224</width>
        <height>224</height>
        <depth>3</depth>
    </size>
    <segmented>0</segmented>
    <object>
    <name>5</name>
    <pose>Unspecified</pose>
    <truncated>0</truncated>
    <difficult>0</difficult>
    <bndbox>
        <xmin>138.06060606060606</xmin>
        <ymin>44.84848484848485</ymin>
        <xmax>174.9090909090909</xmax>
        <ymax>65.93939393939394</ymax>
    </bndbox>
</object><object>
    <name>6</name>
    <pose>Unspecified</pose>
    <truncated>0</truncated>
    <difficult>0</difficult>
    <bndbox>
        <xmin>196.72727272727272</xmin>
        <ymin>48.96969696969697</ymin>
        <xmax>224</xmax>
        <ymax>68.36363636363636</ymax>
    </bndbox>
</object>
</annotation>
