<annotation verified="yes">
    <folder>Annotation</folder>
    <filename>351.jpg</filename>
    <path>train-2-PascalVOC-export/Annotations/351.jpg</path>
    <source>
        <database>Unknown</database>
    </source>
    <size>
        <width>224</width>
        <height>224</height>
        <depth>3</depth>
    </size>
    <segmented>0</segmented>
    <object>
    <name>6</name>
    <pose>Unspecified</pose>
    <truncated>0</truncated>
    <difficult>0</difficult>
    <bndbox>
        <xmin>191.3939393939394</xmin>
        <ymin>48</ymin>
        <xmax>224</xmax>
        <ymax>69.81818181818181</ymax>
    </bndbox>
</object><object>
    <name>5</name>
    <pose>Unspecified</pose>
    <truncated>0</truncated>
    <difficult>0</difficult>
    <bndbox>
        <xmin>132.96969696969697</xmin>
        <ymin>43.87878787878788</ymin>
        <xmax>171.27272727272728</xmax>
        <ymax>65.21212121212122</ymax>
    </bndbox>
</object>
</annotation>
