<annotation verified="yes">
    <folder>Annotation</folder>
    <filename>352.jpg</filename>
    <path>train-2-PascalVOC-export/Annotations/352.jpg</path>
    <source>
        <database>Unknown</database>
    </source>
    <size>
        <width>224</width>
        <height>224</height>
        <depth>3</depth>
    </size>
    <segmented>0</segmented>
    <object>
    <name>6</name>
    <pose>Unspecified</pose>
    <truncated>0</truncated>
    <difficult>0</difficult>
    <bndbox>
        <xmin>183.63636363636365</xmin>
        <ymin>40.484848484848484</ymin>
        <xmax>218.06060606060606</xmax>
        <ymax>62.06060606060606</ymax>
    </bndbox>
</object><object>
    <name>5</name>
    <pose>Unspecified</pose>
    <truncated>0</truncated>
    <difficult>0</difficult>
    <bndbox>
        <xmin>123.51515151515152</xmin>
        <ymin>38.54545454545455</ymin>
        <xmax>158.1818181818182</xmax>
        <ymax>57.93939393939394</ymax>
    </bndbox>
</object>
</annotation>
