<annotation verified="yes">
    <folder>Annotation</folder>
    <filename>353.jpg</filename>
    <path>train-2-PascalVOC-export/Annotations/353.jpg</path>
    <source>
        <database>Unknown</database>
    </source>
    <size>
        <width>224</width>
        <height>224</height>
        <depth>3</depth>
    </size>
    <segmented>0</segmented>
    <object>
    <name>6</name>
    <pose>Unspecified</pose>
    <truncated>0</truncated>
    <difficult>0</difficult>
    <bndbox>
        <xmin>186.54545454545456</xmin>
        <ymin>31.03030303030303</ymin>
        <xmax>223.3939393939394</xmax>
        <ymax>48.727272727272734</ymax>
    </bndbox>
</object><object>
    <name>5</name>
    <pose>Unspecified</pose>
    <truncated>0</truncated>
    <difficult>0</difficult>
    <bndbox>
        <xmin>135.63636363636363</xmin>
        <ymin>29.81818181818182</ymin>
        <xmax>170.54545454545453</xmax>
        <ymax>47.03030303030303</ymax>
    </bndbox>
</object>
</annotation>
