<annotation verified="yes">
    <folder>Annotation</folder>
    <filename>354.jpg</filename>
    <path>train-2-PascalVOC-export/Annotations/354.jpg</path>
    <source>
        <database>Unknown</database>
    </source>
    <size>
        <width>224</width>
        <height>224</height>
        <depth>3</depth>
    </size>
    <segmented>0</segmented>
    <object>
    <name>6</name>
    <pose>Unspecified</pose>
    <truncated>0</truncated>
    <difficult>0</difficult>
    <bndbox>
        <xmin>177.33333333333334</xmin>
        <ymin>26.666666666666668</ymin>
        <xmax>212.72727272727275</xmax>
        <ymax>47.515151515151516</ymax>
    </bndbox>
</object><object>
    <name>5</name>
    <pose>Unspecified</pose>
    <truncated>0</truncated>
    <difficult>0</difficult>
    <bndbox>
        <xmin>126.66666666666667</xmin>
        <ymin>26.90909090909091</ymin>
        <xmax>157.93939393939394</xmax>
        <ymax>46.06060606060606</ymax>
    </bndbox>
</object>
</annotation>
