<annotation verified="yes">
    <folder>Annotation</folder>
    <filename>355.jpg</filename>
    <path>train-2-PascalVOC-export/Annotations/355.jpg</path>
    <source>
        <database>Unknown</database>
    </source>
    <size>
        <width>224</width>
        <height>224</height>
        <depth>3</depth>
    </size>
    <segmented>0</segmented>
    <object>
    <name>6</name>
    <pose>Unspecified</pose>
    <truncated>0</truncated>
    <difficult>0</difficult>
    <bndbox>
        <xmin>168.36363636363637</xmin>
        <ymin>40</ymin>
        <xmax>202.54545454545456</xmax>
        <ymax>56.24242424242424</ymax>
    </bndbox>
</object><object>
    <name>5</name>
    <pose>Unspecified</pose>
    <truncated>0</truncated>
    <difficult>0</difficult>
    <bndbox>
        <xmin>121.0909090909091</xmin>
        <ymin>40.96969696969697</ymin>
        <xmax>155.75757575757575</xmax>
        <ymax>55.03030303030303</ymax>
    </bndbox>
</object>
</annotation>
