<annotation verified="yes">
    <folder>Annotation</folder>
    <filename>356.jpg</filename>
    <path>train-2-PascalVOC-export/Annotations/356.jpg</path>
    <source>
        <database>Unknown</database>
    </source>
    <size>
        <width>224</width>
        <height>224</height>
        <depth>3</depth>
    </size>
    <segmented>0</segmented>
    <object>
    <name>6</name>
    <pose>Unspecified</pose>
    <truncated>0</truncated>
    <difficult>0</difficult>
    <bndbox>
        <xmin>166.42424242424244</xmin>
        <ymin>41.21212121212121</ymin>
        <xmax>195.51515151515153</xmax>
        <ymax>57.45454545454545</ymax>
    </bndbox>
</object><object>
    <name>5</name>
    <pose>Unspecified</pose>
    <truncated>0</truncated>
    <difficult>0</difficult>
    <bndbox>
        <xmin>118.42424242424242</xmin>
        <ymin>40.484848484848484</ymin>
        <xmax>146.54545454545453</xmax>
        <ymax>55.27272727272727</ymax>
    </bndbox>
</object>
</annotation>
