<annotation verified="yes">
    <folder>Annotation</folder>
    <filename>357.jpg</filename>
    <path>train-2-PascalVOC-export/Annotations/357.jpg</path>
    <source>
        <database>Unknown</database>
    </source>
    <size>
        <width>224</width>
        <height>224</height>
        <depth>3</depth>
    </size>
    <segmented>0</segmented>
    <object>
    <name>7</name>
    <pose>Unspecified</pose>
    <truncated>0</truncated>
    <difficult>0</difficult>
    <bndbox>
        <xmin>173.6969696969697</xmin>
        <ymin>49.93939393939394</ymin>
        <xmax>213.2121212121212</xmax>
        <ymax>76.84848484848484</ymax>
    </bndbox>
</object><object>
    <name>8</name>
    <pose>Unspecified</pose>
    <truncated>0</truncated>
    <difficult>0</difficult>
    <bndbox>
        <xmin>105.0909090909091</xmin>
        <ymin>51.87878787878789</ymin>
        <xmax>146.1818181818182</xmax>
        <ymax>76.84848484848484</ymax>
    </bndbox>
</object>
</annotation>
