<annotation verified="yes">
    <folder>Annotation</folder>
    <filename>358.jpg</filename>
    <path>train-2-PascalVOC-export/Annotations/358.jpg</path>
    <source>
        <database>Unknown</database>
    </source>
    <size>
        <width>224</width>
        <height>224</height>
        <depth>3</depth>
    </size>
    <segmented>0</segmented>
    <object>
    <name>8</name>
    <pose>Unspecified</pose>
    <truncated>0</truncated>
    <difficult>0</difficult>
    <bndbox>
        <xmin>102.66666666666667</xmin>
        <ymin>36.60606060606061</ymin>
        <xmax>147.51515151515153</xmax>
        <ymax>67.15151515151516</ymax>
    </bndbox>
</object><object>
    <name>7</name>
    <pose>Unspecified</pose>
    <truncated>0</truncated>
    <difficult>0</difficult>
    <bndbox>
        <xmin>171.27272727272728</xmin>
        <ymin>38.303030303030305</ymin>
        <xmax>209.5757575757576</xmax>
        <ymax>65.6969696969697</ymax>
    </bndbox>
</object>
</annotation>
