<annotation verified="yes">
    <folder>Annotation</folder>
    <filename>359.jpg</filename>
    <path>train-2-PascalVOC-export/Annotations/359.jpg</path>
    <source>
        <database>Unknown</database>
    </source>
    <size>
        <width>224</width>
        <height>224</height>
        <depth>3</depth>
    </size>
    <segmented>0</segmented>
    <object>
    <name>8</name>
    <pose>Unspecified</pose>
    <truncated>0</truncated>
    <difficult>0</difficult>
    <bndbox>
        <xmin>95.15151515151516</xmin>
        <ymin>19.151515151515152</ymin>
        <xmax>138.06060606060606</xmax>
        <ymax>47.27272727272727</ymax>
    </bndbox>
</object><object>
    <name>7</name>
    <pose>Unspecified</pose>
    <truncated>0</truncated>
    <difficult>0</difficult>
    <bndbox>
        <xmin>161.0909090909091</xmin>
        <ymin>18.90909090909091</ymin>
        <xmax>205.0909090909091</xmax>
        <ymax>47.515151515151516</ymax>
    </bndbox>
</object>
</annotation>
