<annotation verified="yes">
    <folder>Annotation</folder>
    <filename>36.jpg</filename>
    <path>train-2-PascalVOC-export/Annotations/36.jpg</path>
    <source>
        <database>Unknown</database>
    </source>
    <size>
        <width>224</width>
        <height>224</height>
        <depth>3</depth>
    </size>
    <segmented>0</segmented>
    <object>
    <name>4</name>
    <pose>Unspecified</pose>
    <truncated>0</truncated>
    <difficult>0</difficult>
    <bndbox>
        <xmin>79.39393939393939</xmin>
        <ymin>64.24242424242425</ymin>
        <xmax>158.66666666666669</xmax>
        <ymax>132.60606060606062</ymax>
    </bndbox>
</object><object>
    <name>3</name>
    <pose>Unspecified</pose>
    <truncated>0</truncated>
    <difficult>0</difficult>
    <bndbox>
        <xmin>0</xmin>
        <ymin>120.48484848484848</ymin>
        <xmax>40.121212121212125</xmax>
        <ymax>215.27272727272728</ymax>
    </bndbox>
</object>
</annotation>
