<annotation verified="yes">
    <folder>Annotation</folder>
    <filename>360.jpg</filename>
    <path>train-2-PascalVOC-export/Annotations/360.jpg</path>
    <source>
        <database>Unknown</database>
    </source>
    <size>
        <width>224</width>
        <height>224</height>
        <depth>3</depth>
    </size>
    <segmented>0</segmented>
    <object>
    <name>8</name>
    <pose>Unspecified</pose>
    <truncated>0</truncated>
    <difficult>0</difficult>
    <bndbox>
        <xmin>95.15151515151516</xmin>
        <ymin>37.09090909090909</ymin>
        <xmax>134.1818181818182</xmax>
        <ymax>69.0909090909091</ymax>
    </bndbox>
</object><object>
    <name>7</name>
    <pose>Unspecified</pose>
    <truncated>0</truncated>
    <difficult>0</difficult>
    <bndbox>
        <xmin>164.4848484848485</xmin>
        <ymin>38.54545454545455</ymin>
        <xmax>208.84848484848487</xmax>
        <ymax>66.66666666666667</ymax>
    </bndbox>
</object>
</annotation>
