<annotation verified="yes">
    <folder>Annotation</folder>
    <filename>361.jpg</filename>
    <path>train-2-PascalVOC-export/Annotations/361.jpg</path>
    <source>
        <database>Unknown</database>
    </source>
    <size>
        <width>224</width>
        <height>224</height>
        <depth>3</depth>
    </size>
    <segmented>0</segmented>
    <object>
    <name>7</name>
    <pose>Unspecified</pose>
    <truncated>0</truncated>
    <difficult>0</difficult>
    <bndbox>
        <xmin>183.15151515151516</xmin>
        <ymin>28.848484848484848</ymin>
        <xmax>219.51515151515153</xmax>
        <ymax>55.75757575757576</ymax>
    </bndbox>
</object><object>
    <name>8</name>
    <pose>Unspecified</pose>
    <truncated>0</truncated>
    <difficult>0</difficult>
    <bndbox>
        <xmin>111.87878787878788</xmin>
        <ymin>29.575757575757578</ymin>
        <xmax>154.3030303030303</xmax>
        <ymax>53.333333333333336</ymax>
    </bndbox>
</object>
</annotation>
