<annotation verified="yes">
    <folder>Annotation</folder>
    <filename>362.jpg</filename>
    <path>train-2-PascalVOC-export/Annotations/362.jpg</path>
    <source>
        <database>Unknown</database>
    </source>
    <size>
        <width>224</width>
        <height>224</height>
        <depth>3</depth>
    </size>
    <segmented>0</segmented>
    <object>
    <name>8</name>
    <pose>Unspecified</pose>
    <truncated>0</truncated>
    <difficult>0</difficult>
    <bndbox>
        <xmin>100.96969696969697</xmin>
        <ymin>30.060606060606062</ymin>
        <xmax>151.15151515151516</xmax>
        <ymax>61.81818181818182</ymax>
    </bndbox>
</object><object>
    <name>7</name>
    <pose>Unspecified</pose>
    <truncated>0</truncated>
    <difficult>0</difficult>
    <bndbox>
        <xmin>179.51515151515153</xmin>
        <ymin>27.151515151515152</ymin>
        <xmax>224</xmax>
        <ymax>62.06060606060606</ymax>
    </bndbox>
</object>
</annotation>
