<annotation verified="yes">
    <folder>Annotation</folder>
    <filename>363.jpg</filename>
    <path>train-2-PascalVOC-export/Annotations/363.jpg</path>
    <source>
        <database>Unknown</database>
    </source>
    <size>
        <width>224</width>
        <height>224</height>
        <depth>3</depth>
    </size>
    <segmented>0</segmented>
    <object>
    <name>7</name>
    <pose>Unspecified</pose>
    <truncated>0</truncated>
    <difficult>0</difficult>
    <bndbox>
        <xmin>177.5757575757576</xmin>
        <ymin>28.363636363636363</ymin>
        <xmax>218.3030303030303</xmax>
        <ymax>62.78787878787878</ymax>
    </bndbox>
</object><object>
    <name>8</name>
    <pose>Unspecified</pose>
    <truncated>0</truncated>
    <difficult>0</difficult>
    <bndbox>
        <xmin>97.0909090909091</xmin>
        <ymin>30.545454545454547</ymin>
        <xmax>142.1818181818182</xmax>
        <ymax>60.60606060606061</ymax>
    </bndbox>
</object>
</annotation>
