<annotation verified="yes">
    <folder>Annotation</folder>
    <filename>364.jpg</filename>
    <path>train-2-PascalVOC-export/Annotations/364.jpg</path>
    <source>
        <database>Unknown</database>
    </source>
    <size>
        <width>224</width>
        <height>224</height>
        <depth>3</depth>
    </size>
    <segmented>0</segmented>
    <object>
    <name>7</name>
    <pose>Unspecified</pose>
    <truncated>0</truncated>
    <difficult>0</difficult>
    <bndbox>
        <xmin>178.54545454545456</xmin>
        <ymin>33.45454545454545</ymin>
        <xmax>220.969696969697</xmax>
        <ymax>75.63636363636363</ymax>
    </bndbox>
</object><object>
    <name>8</name>
    <pose>Unspecified</pose>
    <truncated>0</truncated>
    <difficult>0</difficult>
    <bndbox>
        <xmin>101.93939393939394</xmin>
        <ymin>39.515151515151516</ymin>
        <xmax>153.33333333333334</xmax>
        <ymax>69.57575757575758</ymax>
    </bndbox>
</object>
</annotation>
