<annotation verified="yes">
    <folder>Annotation</folder>
    <filename>365.jpg</filename>
    <path>train-2-PascalVOC-export/Annotations/365.jpg</path>
    <source>
        <database>Unknown</database>
    </source>
    <size>
        <width>224</width>
        <height>224</height>
        <depth>3</depth>
    </size>
    <segmented>0</segmented>
    <object>
    <name>7</name>
    <pose>Unspecified</pose>
    <truncated>0</truncated>
    <difficult>0</difficult>
    <bndbox>
        <xmin>165.93939393939394</xmin>
        <ymin>33.696969696969695</ymin>
        <xmax>215.87878787878788</xmax>
        <ymax>82.66666666666666</ymax>
    </bndbox>
</object><object>
    <name>8</name>
    <pose>Unspecified</pose>
    <truncated>0</truncated>
    <difficult>0</difficult>
    <bndbox>
        <xmin>75.03030303030303</xmin>
        <ymin>37.333333333333336</ymin>
        <xmax>131.27272727272728</xmax>
        <ymax>76.12121212121212</ymax>
    </bndbox>
</object>
</annotation>
