<annotation verified="yes">
    <folder>Annotation</folder>
    <filename>366.jpg</filename>
    <path>train-2-PascalVOC-export/Annotations/366.jpg</path>
    <source>
        <database>Unknown</database>
    </source>
    <size>
        <width>224</width>
        <height>224</height>
        <depth>3</depth>
    </size>
    <segmented>0</segmented>
    <object>
    <name>7</name>
    <pose>Unspecified</pose>
    <truncated>0</truncated>
    <difficult>0</difficult>
    <bndbox>
        <xmin>158.66666666666666</xmin>
        <ymin>32.24242424242424</ymin>
        <xmax>209.09090909090907</xmax>
        <ymax>79.75757575757575</ymax>
    </bndbox>
</object><object>
    <name>8</name>
    <pose>Unspecified</pose>
    <truncated>0</truncated>
    <difficult>0</difficult>
    <bndbox>
        <xmin>66.30303030303031</xmin>
        <ymin>38.54545454545455</ymin>
        <xmax>124.24242424242425</xmax>
        <ymax>76.60606060606061</ymax>
    </bndbox>
</object>
</annotation>
