<annotation verified="yes">
    <folder>Annotation</folder>
    <filename>367.jpg</filename>
    <path>train-2-PascalVOC-export/Annotations/367.jpg</path>
    <source>
        <database>Unknown</database>
    </source>
    <size>
        <width>224</width>
        <height>224</height>
        <depth>3</depth>
    </size>
    <segmented>0</segmented>
    <object>
    <name>8</name>
    <pose>Unspecified</pose>
    <truncated>0</truncated>
    <difficult>0</difficult>
    <bndbox>
        <xmin>64.36363636363636</xmin>
        <ymin>49.696969696969695</ymin>
        <xmax>115.27272727272728</xmax>
        <ymax>93.81818181818181</ymax>
    </bndbox>
</object><object>
    <name>7</name>
    <pose>Unspecified</pose>
    <truncated>0</truncated>
    <difficult>0</difficult>
    <bndbox>
        <xmin>156.4848484848485</xmin>
        <ymin>47.515151515151516</ymin>
        <xmax>215.3939393939394</xmax>
        <ymax>92.84848484848484</ymax>
    </bndbox>
</object>
</annotation>
