<annotation verified="yes">
    <folder>Annotation</folder>
    <filename>368.jpg</filename>
    <path>train-2-PascalVOC-export/Annotations/368.jpg</path>
    <source>
        <database>Unknown</database>
    </source>
    <size>
        <width>224</width>
        <height>224</height>
        <depth>3</depth>
    </size>
    <segmented>0</segmented>
    <object>
    <name>7</name>
    <pose>Unspecified</pose>
    <truncated>0</truncated>
    <difficult>0</difficult>
    <bndbox>
        <xmin>149.93939393939394</xmin>
        <ymin>41.93939393939394</ymin>
        <xmax>218.3030303030303</xmax>
        <ymax>85.57575757575758</ymax>
    </bndbox>
</object><object>
    <name>8</name>
    <pose>Unspecified</pose>
    <truncated>0</truncated>
    <difficult>0</difficult>
    <bndbox>
        <xmin>61.45454545454545</xmin>
        <ymin>46.06060606060606</ymin>
        <xmax>117.69696969696969</xmax>
        <ymax>85.57575757575758</ymax>
    </bndbox>
</object>
</annotation>
