<annotation verified="yes">
    <folder>Annotation</folder>
    <filename>369.jpg</filename>
    <path>train-2-PascalVOC-export/Annotations/369.jpg</path>
    <source>
        <database>Unknown</database>
    </source>
    <size>
        <width>224</width>
        <height>224</height>
        <depth>3</depth>
    </size>
    <segmented>0</segmented>
    <object>
    <name>8</name>
    <pose>Unspecified</pose>
    <truncated>0</truncated>
    <difficult>0</difficult>
    <bndbox>
        <xmin>57.81818181818182</xmin>
        <ymin>43.151515151515156</ymin>
        <xmax>116</xmax>
        <ymax>83.3939393939394</ymax>
    </bndbox>
</object><object>
    <name>7</name>
    <pose>Unspecified</pose>
    <truncated>0</truncated>
    <difficult>0</difficult>
    <bndbox>
        <xmin>150.1818181818182</xmin>
        <ymin>38.78787878787879</ymin>
        <xmax>207.15151515151516</xmax>
        <ymax>81.93939393939394</ymax>
    </bndbox>
</object>
</annotation>
