<annotation verified="yes">
    <folder>Annotation</folder>
    <filename>37.jpg</filename>
    <path>train-2-PascalVOC-export/Annotations/37.jpg</path>
    <source>
        <database>Unknown</database>
    </source>
    <size>
        <width>224</width>
        <height>224</height>
        <depth>3</depth>
    </size>
    <segmented>0</segmented>
    <object>
    <name>4</name>
    <pose>Unspecified</pose>
    <truncated>0</truncated>
    <difficult>0</difficult>
    <bndbox>
        <xmin>87.15151515151516</xmin>
        <ymin>104.96969696969697</ymin>
        <xmax>174.1818181818182</xmax>
        <ymax>168.4848484848485</ymax>
    </bndbox>
</object><object>
    <name>3</name>
    <pose>Unspecified</pose>
    <truncated>0</truncated>
    <difficult>0</difficult>
    <bndbox>
        <xmin>1.8181818181818183</xmin>
        <ymin>151.51515151515153</ymin>
        <xmax>59.515151515151516</xmax>
        <ymax>224</ymax>
    </bndbox>
</object>
</annotation>
