<annotation verified="yes">
    <folder>Annotation</folder>
    <filename>370.jpg</filename>
    <path>train-2-PascalVOC-export/Annotations/370.jpg</path>
    <source>
        <database>Unknown</database>
    </source>
    <size>
        <width>224</width>
        <height>224</height>
        <depth>3</depth>
    </size>
    <segmented>0</segmented>
    <object>
    <name>7</name>
    <pose>Unspecified</pose>
    <truncated>0</truncated>
    <difficult>0</difficult>
    <bndbox>
        <xmin>145.33333333333334</xmin>
        <ymin>69.57575757575758</ymin>
        <xmax>213.45454545454547</xmax>
        <ymax>131.87878787878788</ymax>
    </bndbox>
</object><object>
    <name>8</name>
    <pose>Unspecified</pose>
    <truncated>0</truncated>
    <difficult>0</difficult>
    <bndbox>
        <xmin>41.333333333333336</xmin>
        <ymin>78.54545454545455</ymin>
        <xmax>111.63636363636365</xmax>
        <ymax>134.54545454545456</ymax>
    </bndbox>
</object>
</annotation>
