<annotation verified="yes">
    <folder>Annotation</folder>
    <filename>371.jpg</filename>
    <path>train-2-PascalVOC-export/Annotations/371.jpg</path>
    <source>
        <database>Unknown</database>
    </source>
    <size>
        <width>224</width>
        <height>224</height>
        <depth>3</depth>
    </size>
    <segmented>0</segmented>
    <object>
    <name>7</name>
    <pose>Unspecified</pose>
    <truncated>0</truncated>
    <difficult>0</difficult>
    <bndbox>
        <xmin>141.6969696969697</xmin>
        <ymin>70.30303030303031</ymin>
        <xmax>208.12121212121212</xmax>
        <ymax>135.75757575757575</ymax>
    </bndbox>
</object><object>
    <name>8</name>
    <pose>Unspecified</pose>
    <truncated>0</truncated>
    <difficult>0</difficult>
    <bndbox>
        <xmin>37.45454545454546</xmin>
        <ymin>78.06060606060606</ymin>
        <xmax>102.9090909090909</xmax>
        <ymax>138.42424242424244</ymax>
    </bndbox>
</object>
</annotation>
