<annotation verified="yes">
    <folder>Annotation</folder>
    <filename>372.jpg</filename>
    <path>train-2-PascalVOC-export/Annotations/372.jpg</path>
    <source>
        <database>Unknown</database>
    </source>
    <size>
        <width>224</width>
        <height>224</height>
        <depth>3</depth>
    </size>
    <segmented>0</segmented>
    <object>
    <name>7</name>
    <pose>Unspecified</pose>
    <truncated>0</truncated>
    <difficult>0</difficult>
    <bndbox>
        <xmin>148.72727272727272</xmin>
        <ymin>78.54545454545455</ymin>
        <xmax>214.42424242424244</xmax>
        <ymax>143.27272727272728</ymax>
    </bndbox>
</object><object>
    <name>8</name>
    <pose>Unspecified</pose>
    <truncated>0</truncated>
    <difficult>0</difficult>
    <bndbox>
        <xmin>43.75757575757576</xmin>
        <ymin>75.63636363636364</ymin>
        <xmax>115.27272727272728</xmax>
        <ymax>141.0909090909091</ymax>
    </bndbox>
</object>
</annotation>
