<annotation verified="yes">
    <folder>Annotation</folder>
    <filename>373.jpg</filename>
    <path>train-2-PascalVOC-export/Annotations/373.jpg</path>
    <source>
        <database>Unknown</database>
    </source>
    <size>
        <width>224</width>
        <height>224</height>
        <depth>3</depth>
    </size>
    <segmented>0</segmented>
    <object>
    <name>8</name>
    <pose>Unspecified</pose>
    <truncated>0</truncated>
    <difficult>0</difficult>
    <bndbox>
        <xmin>26.545454545454547</xmin>
        <ymin>28.606060606060606</ymin>
        <xmax>95.39393939393939</xmax>
        <ymax>82.66666666666667</ymax>
    </bndbox>
</object><object>
    <name>7</name>
    <pose>Unspecified</pose>
    <truncated>0</truncated>
    <difficult>0</difficult>
    <bndbox>
        <xmin>135.3939393939394</xmin>
        <ymin>21.575757575757578</ymin>
        <xmax>194.54545454545456</xmax>
        <ymax>80.24242424242425</ymax>
    </bndbox>
</object>
</annotation>
