<annotation verified="yes">
    <folder>Annotation</folder>
    <filename>374.jpg</filename>
    <path>train-2-PascalVOC-export/Annotations/374.jpg</path>
    <source>
        <database>Unknown</database>
    </source>
    <size>
        <width>224</width>
        <height>224</height>
        <depth>3</depth>
    </size>
    <segmented>0</segmented>
    <object>
    <name>7</name>
    <pose>Unspecified</pose>
    <truncated>0</truncated>
    <difficult>0</difficult>
    <bndbox>
        <xmin>162.78787878787878</xmin>
        <ymin>11.151515151515152</ymin>
        <xmax>224</xmax>
        <ymax>82.90909090909092</ymax>
    </bndbox>
</object><object>
    <name>8</name>
    <pose>Unspecified</pose>
    <truncated>0</truncated>
    <difficult>0</difficult>
    <bndbox>
        <xmin>51.75757575757576</xmin>
        <ymin>13.090909090909092</ymin>
        <xmax>118.42424242424244</xmax>
        <ymax>69.0909090909091</ymax>
    </bndbox>
</object>
</annotation>
