<annotation verified="yes">
    <folder>Annotation</folder>
    <filename>375.jpg</filename>
    <path>train-2-PascalVOC-export/Annotations/375.jpg</path>
    <source>
        <database>Unknown</database>
    </source>
    <size>
        <width>224</width>
        <height>224</height>
        <depth>3</depth>
    </size>
    <segmented>0</segmented>
    <object>
    <name>8</name>
    <pose>Unspecified</pose>
    <truncated>0</truncated>
    <difficult>0</difficult>
    <bndbox>
        <xmin>55.3939393939394</xmin>
        <ymin>67.15151515151516</ymin>
        <xmax>120.84848484848484</xmax>
        <ymax>122.42424242424244</ymax>
    </bndbox>
</object><object>
    <name>7</name>
    <pose>Unspecified</pose>
    <truncated>0</truncated>
    <difficult>0</difficult>
    <bndbox>
        <xmin>163.03030303030303</xmin>
        <ymin>65.93939393939394</ymin>
        <xmax>222.9090909090909</xmax>
        <ymax>129.6969696969697</ymax>
    </bndbox>
</object>
</annotation>
