<annotation verified="yes">
    <folder>Annotation</folder>
    <filename>376.jpg</filename>
    <path>train-2-PascalVOC-export/Annotations/376.jpg</path>
    <source>
        <database>Unknown</database>
    </source>
    <size>
        <width>224</width>
        <height>224</height>
        <depth>3</depth>
    </size>
    <segmented>0</segmented>
    <object>
    <name>7</name>
    <pose>Unspecified</pose>
    <truncated>0</truncated>
    <difficult>0</difficult>
    <bndbox>
        <xmin>160.36363636363637</xmin>
        <ymin>54.54545454545455</ymin>
        <xmax>220.24242424242425</xmax>
        <ymax>114.9090909090909</ymax>
    </bndbox>
</object><object>
    <name>8</name>
    <pose>Unspecified</pose>
    <truncated>0</truncated>
    <difficult>0</difficult>
    <bndbox>
        <xmin>160.36363636363637</xmin>
        <ymin>54.54545454545455</ymin>
        <xmax>220.24242424242425</xmax>
        <ymax>114.9090909090909</ymax>
    </bndbox>
</object><object>
    <name>8</name>
    <pose>Unspecified</pose>
    <truncated>0</truncated>
    <difficult>0</difficult>
    <bndbox>
        <xmin>54.909090909090914</xmin>
        <ymin>52.60606060606061</ymin>
        <xmax>120.36363636363637</xmax>
        <ymax>105.6969696969697</ymax>
    </bndbox>
</object>
</annotation>
