<annotation verified="yes">
    <folder>Annotation</folder>
    <filename>377.jpg</filename>
    <path>train-2-PascalVOC-export/Annotations/377.jpg</path>
    <source>
        <database>Unknown</database>
    </source>
    <size>
        <width>224</width>
        <height>224</height>
        <depth>3</depth>
    </size>
    <segmented>0</segmented>
    <object>
    <name>7</name>
    <pose>Unspecified</pose>
    <truncated>0</truncated>
    <difficult>0</difficult>
    <bndbox>
        <xmin>146.54545454545456</xmin>
        <ymin>78.7878787878788</ymin>
        <xmax>219.03030303030306</xmax>
        <ymax>157.8181818181818</ymax>
    </bndbox>
</object><object>
    <name>8</name>
    <pose>Unspecified</pose>
    <truncated>0</truncated>
    <difficult>0</difficult>
    <bndbox>
        <xmin>28.727272727272727</xmin>
        <ymin>80.00000000000001</ymin>
        <xmax>103.27272727272728</xmax>
        <ymax>152.72727272727275</ymax>
    </bndbox>
</object>
</annotation>
