<annotation verified="yes">
    <folder>Annotation</folder>
    <filename>378.jpg</filename>
    <path>train-2-PascalVOC-export/Annotations/378.jpg</path>
    <source>
        <database>Unknown</database>
    </source>
    <size>
        <width>224</width>
        <height>224</height>
        <depth>3</depth>
    </size>
    <segmented>0</segmented>
    <object>
    <name>7</name>
    <pose>Unspecified</pose>
    <truncated>0</truncated>
    <difficult>0</difficult>
    <bndbox>
        <xmin>159.3939393939394</xmin>
        <ymin>86.7878787878788</ymin>
        <xmax>222.3030303030303</xmax>
        <ymax>161.45454545454547</ymax>
    </bndbox>
</object><object>
    <name>8</name>
    <pose>Unspecified</pose>
    <truncated>0</truncated>
    <difficult>0</difficult>
    <bndbox>
        <xmin>37.93939393939394</xmin>
        <ymin>82.42424242424242</ymin>
        <xmax>112.84848484848484</xmax>
        <ymax>147.63636363636363</ymax>
    </bndbox>
</object>
</annotation>
