<annotation verified="yes">
    <folder>Annotation</folder>
    <filename>379.jpg</filename>
    <path>train-2-PascalVOC-export/Annotations/379.jpg</path>
    <source>
        <database>Unknown</database>
    </source>
    <size>
        <width>224</width>
        <height>224</height>
        <depth>3</depth>
    </size>
    <segmented>0</segmented>
    <object>
    <name>7</name>
    <pose>Unspecified</pose>
    <truncated>0</truncated>
    <difficult>0</difficult>
    <bndbox>
        <xmin>145.5757575757576</xmin>
        <ymin>88</ymin>
        <xmax>217.33333333333337</xmax>
        <ymax>174.3030303030303</ymax>
    </bndbox>
</object><object>
    <name>8</name>
    <pose>Unspecified</pose>
    <truncated>0</truncated>
    <difficult>0</difficult>
    <bndbox>
        <xmin>28.484848484848484</xmin>
        <ymin>93.0909090909091</ymin>
        <xmax>102.66666666666667</xmax>
        <ymax>158.3030303030303</ymax>
    </bndbox>
</object>
</annotation>
