<annotation verified="yes">
    <folder>Annotation</folder>
    <filename>38.jpg</filename>
    <path>train-2-PascalVOC-export/Annotations/38.jpg</path>
    <source>
        <database>Unknown</database>
    </source>
    <size>
        <width>224</width>
        <height>224</height>
        <depth>3</depth>
    </size>
    <segmented>0</segmented>
    <object>
    <name>4</name>
    <pose>Unspecified</pose>
    <truncated>0</truncated>
    <difficult>0</difficult>
    <bndbox>
        <xmin>109.45454545454545</xmin>
        <ymin>106.9090909090909</ymin>
        <xmax>182.1818181818182</xmax>
        <ymax>175.5151515151515</ymax>
    </bndbox>
</object><object>
    <name>3</name>
    <pose>Unspecified</pose>
    <truncated>0</truncated>
    <difficult>0</difficult>
    <bndbox>
        <xmin>2.787878787878788</xmin>
        <ymin>155.87878787878788</ymin>
        <xmax>62.18181818181819</xmax>
        <ymax>224</ymax>
    </bndbox>
</object>
</annotation>
