<annotation verified="yes">
    <folder>Annotation</folder>
    <filename>380.jpg</filename>
    <path>train-2-PascalVOC-export/Annotations/380.jpg</path>
    <source>
        <database>Unknown</database>
    </source>
    <size>
        <width>224</width>
        <height>224</height>
        <depth>3</depth>
    </size>
    <segmented>0</segmented>
    <object>
    <name>7</name>
    <pose>Unspecified</pose>
    <truncated>0</truncated>
    <difficult>0</difficult>
    <bndbox>
        <xmin>160.60606060606062</xmin>
        <ymin>94.7878787878788</ymin>
        <xmax>224.00000000000003</xmax>
        <ymax>173.5757575757576</ymax>
    </bndbox>
</object><object>
    <name>8</name>
    <pose>Unspecified</pose>
    <truncated>0</truncated>
    <difficult>0</difficult>
    <bndbox>
        <xmin>42.303030303030305</xmin>
        <ymin>89.21212121212122</ymin>
        <xmax>117.45454545454547</xmax>
        <ymax>158.06060606060606</ymax>
    </bndbox>
</object>
</annotation>
