<annotation verified="yes">
    <folder>Annotation</folder>
    <filename>381.jpg</filename>
    <path>train-2-PascalVOC-export/Annotations/381.jpg</path>
    <source>
        <database>Unknown</database>
    </source>
    <size>
        <width>224</width>
        <height>224</height>
        <depth>3</depth>
    </size>
    <segmented>0</segmented>
    <object>
    <name>7</name>
    <pose>Unspecified</pose>
    <truncated>0</truncated>
    <difficult>0</difficult>
    <bndbox>
        <xmin>141.93939393939394</xmin>
        <ymin>98.66666666666667</ymin>
        <xmax>218.54545454545456</xmax>
        <ymax>190.06060606060606</ymax>
    </bndbox>
</object><object>
    <name>8</name>
    <pose>Unspecified</pose>
    <truncated>0</truncated>
    <difficult>0</difficult>
    <bndbox>
        <xmin>10.787878787878789</xmin>
        <ymin>100.84848484848484</ymin>
        <xmax>89.0909090909091</xmax>
        <ymax>182.3030303030303</ymax>
    </bndbox>
</object>
</annotation>
