<annotation verified="yes">
    <folder>Annotation</folder>
    <filename>382.jpg</filename>
    <path>train-2-PascalVOC-export/Annotations/382.jpg</path>
    <source>
        <database>Unknown</database>
    </source>
    <size>
        <width>224</width>
        <height>224</height>
        <depth>3</depth>
    </size>
    <segmented>0</segmented>
    <object>
    <name>7</name>
    <pose>Unspecified</pose>
    <truncated>0</truncated>
    <difficult>0</difficult>
    <bndbox>
        <xmin>145.33333333333334</xmin>
        <ymin>95.75757575757576</ymin>
        <xmax>220.24242424242425</xmax>
        <ymax>187.15151515151516</ymax>
    </bndbox>
</object><object>
    <name>8</name>
    <pose>Unspecified</pose>
    <truncated>0</truncated>
    <difficult>0</difficult>
    <bndbox>
        <xmin>14.666666666666668</xmin>
        <ymin>100.36363636363636</ymin>
        <xmax>93.21212121212122</xmax>
        <ymax>180.60606060606062</ymax>
    </bndbox>
</object>
</annotation>
