<annotation verified="yes">
    <folder>Annotation</folder>
    <filename>383.jpg</filename>
    <path>train-2-PascalVOC-export/Annotations/383.jpg</path>
    <source>
        <database>Unknown</database>
    </source>
    <size>
        <width>224</width>
        <height>224</height>
        <depth>3</depth>
    </size>
    <segmented>0</segmented>
    <object>
    <name>7</name>
    <pose>Unspecified</pose>
    <truncated>0</truncated>
    <difficult>0</difficult>
    <bndbox>
        <xmin>142.1818181818182</xmin>
        <ymin>90.66666666666667</ymin>
        <xmax>220</xmax>
        <ymax>180.12121212121212</ymax>
    </bndbox>
</object><object>
    <name>8</name>
    <pose>Unspecified</pose>
    <truncated>0</truncated>
    <difficult>0</difficult>
    <bndbox>
        <xmin>4.242424242424242</xmin>
        <ymin>87.03030303030303</ymin>
        <xmax>91.51515151515153</xmax>
        <ymax>170.42424242424244</ymax>
    </bndbox>
</object>
</annotation>
