<annotation verified="yes">
    <folder>Annotation</folder>
    <filename>384.jpg</filename>
    <path>train-2-PascalVOC-export/Annotations/384.jpg</path>
    <source>
        <database>Unknown</database>
    </source>
    <size>
        <width>224</width>
        <height>224</height>
        <depth>3</depth>
    </size>
    <segmented>0</segmented>
    <object>
    <name>7</name>
    <pose>Unspecified</pose>
    <truncated>0</truncated>
    <difficult>0</difficult>
    <bndbox>
        <xmin>171.03030303030303</xmin>
        <ymin>80.48484848484848</ymin>
        <xmax>224</xmax>
        <ymax>174.7878787878788</ymax>
    </bndbox>
</object><object>
    <name>8</name>
    <pose>Unspecified</pose>
    <truncated>0</truncated>
    <difficult>0</difficult>
    <bndbox>
        <xmin>35.03030303030303</xmin>
        <ymin>81.93939393939394</ymin>
        <xmax>110.42424242424242</xmax>
        <ymax>152.24242424242425</ymax>
    </bndbox>
</object>
</annotation>
