<annotation verified="yes">
    <folder>Annotation</folder>
    <filename>385.jpg</filename>
    <path>train-2-PascalVOC-export/Annotations/385.jpg</path>
    <source>
        <database>Unknown</database>
    </source>
    <size>
        <width>224</width>
        <height>224</height>
        <depth>3</depth>
    </size>
    <segmented>0</segmented>
    <object>
    <name>7</name>
    <pose>Unspecified</pose>
    <truncated>0</truncated>
    <difficult>0</difficult>
    <bndbox>
        <xmin>158.66666666666666</xmin>
        <ymin>111.51515151515152</ymin>
        <xmax>224</xmax>
        <ymax>224</ymax>
    </bndbox>
</object><object>
    <name>8</name>
    <pose>Unspecified</pose>
    <truncated>0</truncated>
    <difficult>0</difficult>
    <bndbox>
        <xmin>0</xmin>
        <ymin>100.84848484848484</ymin>
        <xmax>92.36363636363636</xmax>
        <ymax>213.0909090909091</ymax>
    </bndbox>
</object>
</annotation>
