<annotation verified="yes">
    <folder>Annotation</folder>
    <filename>386.jpg</filename>
    <path>train-2-PascalVOC-export/Annotations/386.jpg</path>
    <source>
        <database>Unknown</database>
    </source>
    <size>
        <width>224</width>
        <height>224</height>
        <depth>3</depth>
    </size>
    <segmented>0</segmented>
    <object>
    <name>7</name>
    <pose>Unspecified</pose>
    <truncated>0</truncated>
    <difficult>0</difficult>
    <bndbox>
        <xmin>149.45454545454547</xmin>
        <ymin>118.06060606060606</ymin>
        <xmax>224</xmax>
        <ymax>224</ymax>
    </bndbox>
</object><object>
    <name>8</name>
    <pose>Unspecified</pose>
    <truncated>0</truncated>
    <difficult>0</difficult>
    <bndbox>
        <xmin>0.36363636363636365</xmin>
        <ymin>103.27272727272728</ymin>
        <xmax>86.18181818181819</xmax>
        <ymax>217.45454545454547</ymax>
    </bndbox>
</object>
</annotation>
