<annotation verified="yes">
    <folder>Annotation</folder>
    <filename>387.jpg</filename>
    <path>train-2-PascalVOC-export/Annotations/387.jpg</path>
    <source>
        <database>Unknown</database>
    </source>
    <size>
        <width>224</width>
        <height>224</height>
        <depth>3</depth>
    </size>
    <segmented>0</segmented>
    <object>
    <name>7</name>
    <pose>Unspecified</pose>
    <truncated>0</truncated>
    <difficult>0</difficult>
    <bndbox>
        <xmin>148.24242424242425</xmin>
        <ymin>99.39393939393939</ymin>
        <xmax>224</xmax>
        <ymax>224</ymax>
    </bndbox>
</object><object>
    <name>8</name>
    <pose>Unspecified</pose>
    <truncated>0</truncated>
    <difficult>0</difficult>
    <bndbox>
        <xmin>0.8484848484848485</xmin>
        <ymin>89.21212121212122</ymin>
        <xmax>78.18181818181817</xmax>
        <ymax>197.57575757575756</ymax>
    </bndbox>
</object>
</annotation>
