<annotation verified="yes">
    <folder>Annotation</folder>
    <filename>388.jpg</filename>
    <path>train-2-PascalVOC-export/Annotations/388.jpg</path>
    <source>
        <database>Unknown</database>
    </source>
    <size>
        <width>224</width>
        <height>224</height>
        <depth>3</depth>
    </size>
    <segmented>0</segmented>
    <object>
    <name>7</name>
    <pose>Unspecified</pose>
    <truncated>0</truncated>
    <difficult>0</difficult>
    <bndbox>
        <xmin>161.8181818181818</xmin>
        <ymin>142.78787878787878</ymin>
        <xmax>224</xmax>
        <ymax>224</ymax>
    </bndbox>
</object><object>
    <name>8</name>
    <pose>Unspecified</pose>
    <truncated>0</truncated>
    <difficult>0</difficult>
    <bndbox>
        <xmin>2.0606060606060606</xmin>
        <ymin>129.93939393939394</ymin>
        <xmax>92.72727272727273</xmax>
        <ymax>224</ymax>
    </bndbox>
</object>
</annotation>
