<annotation verified="yes">
    <folder>Annotation</folder>
    <filename>389.jpg</filename>
    <path>train-2-PascalVOC-export/Annotations/389.jpg</path>
    <source>
        <database>Unknown</database>
    </source>
    <size>
        <width>224</width>
        <height>224</height>
        <depth>3</depth>
    </size>
    <segmented>0</segmented>
    <object>
    <name>7</name>
    <pose>Unspecified</pose>
    <truncated>0</truncated>
    <difficult>0</difficult>
    <bndbox>
        <xmin>160.12121212121212</xmin>
        <ymin>124.84848484848486</ymin>
        <xmax>224</xmax>
        <ymax>223.75757575757575</ymax>
    </bndbox>
</object><object>
    <name>8</name>
    <pose>Unspecified</pose>
    <truncated>0</truncated>
    <difficult>0</difficult>
    <bndbox>
        <xmin>2.787878787878788</xmin>
        <ymin>120.96969696969697</ymin>
        <xmax>98.3030303030303</xmax>
        <ymax>224</ymax>
    </bndbox>
</object>
</annotation>
