<annotation verified="yes">
    <folder>Annotation</folder>
    <filename>39.jpg</filename>
    <path>train-2-PascalVOC-export/Annotations/39.jpg</path>
    <source>
        <database>Unknown</database>
    </source>
    <size>
        <width>224</width>
        <height>224</height>
        <depth>3</depth>
    </size>
    <segmented>0</segmented>
    <object>
    <name>4</name>
    <pose>Unspecified</pose>
    <truncated>0</truncated>
    <difficult>0</difficult>
    <bndbox>
        <xmin>142.42424242424244</xmin>
        <ymin>86.06060606060606</ymin>
        <xmax>221.93939393939394</xmax>
        <ymax>159.75757575757575</ymax>
    </bndbox>
</object><object>
    <name>3</name>
    <pose>Unspecified</pose>
    <truncated>0</truncated>
    <difficult>0</difficult>
    <bndbox>
        <xmin>22.90909090909091</xmin>
        <ymin>151.27272727272728</ymin>
        <xmax>111.39393939393939</xmax>
        <ymax>224</ymax>
    </bndbox>
</object>
</annotation>
