<annotation verified="yes">
    <folder>Annotation</folder>
    <filename>390.jpg</filename>
    <path>train-2-PascalVOC-export/Annotations/390.jpg</path>
    <source>
        <database>Unknown</database>
    </source>
    <size>
        <width>224</width>
        <height>224</height>
        <depth>3</depth>
    </size>
    <segmented>0</segmented>
    <object>
    <name>7</name>
    <pose>Unspecified</pose>
    <truncated>0</truncated>
    <difficult>0</difficult>
    <bndbox>
        <xmin>149.21212121212122</xmin>
        <ymin>34.90909090909091</ymin>
        <xmax>185.8181818181818</xmax>
        <ymax>56.484848484848484</ymax>
    </bndbox>
</object><object>
    <name>8</name>
    <pose>Unspecified</pose>
    <truncated>0</truncated>
    <difficult>0</difficult>
    <bndbox>
        <xmin>90.06060606060606</xmin>
        <ymin>39.03030303030303</ymin>
        <xmax>125.81818181818181</xmax>
        <ymax>61.57575757575758</ymax>
    </bndbox>
</object>
</annotation>
