<annotation verified="yes">
    <folder>Annotation</folder>
    <filename>391.jpg</filename>
    <path>train-2-PascalVOC-export/Annotations/391.jpg</path>
    <source>
        <database>Unknown</database>
    </source>
    <size>
        <width>224</width>
        <height>224</height>
        <depth>3</depth>
    </size>
    <segmented>0</segmented>
    <object>
    <name>7</name>
    <pose>Unspecified</pose>
    <truncated>0</truncated>
    <difficult>0</difficult>
    <bndbox>
        <xmin>142.66666666666666</xmin>
        <ymin>48</ymin>
        <xmax>183.15151515151513</xmax>
        <ymax>70.78787878787878</ymax>
    </bndbox>
</object><object>
    <name>8</name>
    <pose>Unspecified</pose>
    <truncated>0</truncated>
    <difficult>0</difficult>
    <bndbox>
        <xmin>87.15151515151516</xmin>
        <ymin>52.60606060606061</ymin>
        <xmax>123.75757575757576</xmax>
        <ymax>73.45454545454545</ymax>
    </bndbox>
</object>
</annotation>
