<annotation verified="yes">
    <folder>Annotation</folder>
    <filename>392.jpg</filename>
    <path>train-2-PascalVOC-export/Annotations/392.jpg</path>
    <source>
        <database>Unknown</database>
    </source>
    <size>
        <width>224</width>
        <height>224</height>
        <depth>3</depth>
    </size>
    <segmented>0</segmented>
    <object>
    <name>7</name>
    <pose>Unspecified</pose>
    <truncated>0</truncated>
    <difficult>0</difficult>
    <bndbox>
        <xmin>142.1818181818182</xmin>
        <ymin>59.63636363636364</ymin>
        <xmax>176.36363636363637</xmax>
        <ymax>80.48484848484848</ymax>
    </bndbox>
</object><object>
    <name>8</name>
    <pose>Unspecified</pose>
    <truncated>0</truncated>
    <difficult>0</difficult>
    <bndbox>
        <xmin>83.03030303030303</xmin>
        <ymin>64.24242424242425</ymin>
        <xmax>118.66666666666667</xmax>
        <ymax>81.6969696969697</ymax>
    </bndbox>
</object>
</annotation>
