<annotation verified="yes">
    <folder>Annotation</folder>
    <filename>393.jpg</filename>
    <path>train-2-PascalVOC-export/Annotations/393.jpg</path>
    <source>
        <database>Unknown</database>
    </source>
    <size>
        <width>224</width>
        <height>224</height>
        <depth>3</depth>
    </size>
    <segmented>0</segmented>
    <object>
    <name>7</name>
    <pose>Unspecified</pose>
    <truncated>0</truncated>
    <difficult>0</difficult>
    <bndbox>
        <xmin>168.36363636363637</xmin>
        <ymin>24</ymin>
        <xmax>205.69696969696972</xmax>
        <ymax>50.18181818181819</ymax>
    </bndbox>
</object><object>
    <name>8</name>
    <pose>Unspecified</pose>
    <truncated>0</truncated>
    <difficult>0</difficult>
    <bndbox>
        <xmin>105.33333333333334</xmin>
        <ymin>25.212121212121215</ymin>
        <xmax>141.45454545454547</xmax>
        <ymax>50.18181818181819</ymax>
    </bndbox>
</object>
</annotation>
