<annotation verified="yes">
    <folder>Annotation</folder>
    <filename>394.jpg</filename>
    <path>train-2-PascalVOC-export/Annotations/394.jpg</path>
    <source>
        <database>Unknown</database>
    </source>
    <size>
        <width>224</width>
        <height>224</height>
        <depth>3</depth>
    </size>
    <segmented>0</segmented>
    <object>
    <name>7</name>
    <pose>Unspecified</pose>
    <truncated>0</truncated>
    <difficult>0</difficult>
    <bndbox>
        <xmin>165.21212121212122</xmin>
        <ymin>17.6969696969697</ymin>
        <xmax>206.42424242424244</xmax>
        <ymax>43.151515151515156</ymax>
    </bndbox>
</object><object>
    <name>8</name>
    <pose>Unspecified</pose>
    <truncated>0</truncated>
    <difficult>0</difficult>
    <bndbox>
        <xmin>100.72727272727273</xmin>
        <ymin>21.575757575757578</ymin>
        <xmax>140.72727272727275</xmax>
        <ymax>44.36363636363637</ymax>
    </bndbox>
</object>
</annotation>
