<annotation verified="yes">
    <folder>Annotation</folder>
    <filename>395.jpg</filename>
    <path>train-2-PascalVOC-export/Annotations/395.jpg</path>
    <source>
        <database>Unknown</database>
    </source>
    <size>
        <width>224</width>
        <height>224</height>
        <depth>3</depth>
    </size>
    <segmented>0</segmented>
    <object>
    <name>7</name>
    <pose>Unspecified</pose>
    <truncated>0</truncated>
    <difficult>0</difficult>
    <bndbox>
        <xmin>150.66666666666666</xmin>
        <ymin>48.72727272727273</ymin>
        <xmax>199.39393939393938</xmax>
        <ymax>81.45454545454545</ymax>
    </bndbox>
</object><object>
    <name>8</name>
    <pose>Unspecified</pose>
    <truncated>0</truncated>
    <difficult>0</difficult>
    <bndbox>
        <xmin>72.60606060606061</xmin>
        <ymin>53.333333333333336</ymin>
        <xmax>121.81818181818181</xmax>
        <ymax>81.45454545454545</ymax>
    </bndbox>
</object>
</annotation>
