<annotation verified="yes">
    <folder>Annotation</folder>
    <filename>396.jpg</filename>
    <path>train-2-PascalVOC-export/Annotations/396.jpg</path>
    <source>
        <database>Unknown</database>
    </source>
    <size>
        <width>224</width>
        <height>224</height>
        <depth>3</depth>
    </size>
    <segmented>0</segmented>
    <object>
    <name>7</name>
    <pose>Unspecified</pose>
    <truncated>0</truncated>
    <difficult>0</difficult>
    <bndbox>
        <xmin>155.51515151515153</xmin>
        <ymin>45.09090909090909</ymin>
        <xmax>202.54545454545456</xmax>
        <ymax>79.03030303030303</ymax>
    </bndbox>
</object><object>
    <name>8</name>
    <pose>Unspecified</pose>
    <truncated>0</truncated>
    <difficult>0</difficult>
    <bndbox>
        <xmin>80.12121212121212</xmin>
        <ymin>45.57575757575758</ymin>
        <xmax>126.66666666666667</xmax>
        <ymax>78.06060606060606</ymax>
    </bndbox>
</object>
</annotation>
