<annotation verified="yes">
    <folder>Annotation</folder>
    <filename>397.jpg</filename>
    <path>train-2-PascalVOC-export/Annotations/397.jpg</path>
    <source>
        <database>Unknown</database>
    </source>
    <size>
        <width>224</width>
        <height>224</height>
        <depth>3</depth>
    </size>
    <segmented>0</segmented>
    <object>
    <name>7</name>
    <pose>Unspecified</pose>
    <truncated>0</truncated>
    <difficult>0</difficult>
    <bndbox>
        <xmin>138.54545454545456</xmin>
        <ymin>44.60606060606061</ymin>
        <xmax>188.72727272727275</xmax>
        <ymax>88.24242424242425</ymax>
    </bndbox>
</object><object>
    <name>8</name>
    <pose>Unspecified</pose>
    <truncated>0</truncated>
    <difficult>0</difficult>
    <bndbox>
        <xmin>49.81818181818182</xmin>
        <ymin>45.81818181818182</ymin>
        <xmax>108.24242424242425</xmax>
        <ymax>84.12121212121212</ymax>
    </bndbox>
</object>
</annotation>
