<annotation verified="yes">
    <folder>Annotation</folder>
    <filename>398.jpg</filename>
    <path>train-2-PascalVOC-export/Annotations/398.jpg</path>
    <source>
        <database>Unknown</database>
    </source>
    <size>
        <width>224</width>
        <height>224</height>
        <depth>3</depth>
    </size>
    <segmented>0</segmented>
    <object>
    <name>7</name>
    <pose>Unspecified</pose>
    <truncated>0</truncated>
    <difficult>0</difficult>
    <bndbox>
        <xmin>146.3030303030303</xmin>
        <ymin>49.45454545454545</ymin>
        <xmax>197.45454545454547</xmax>
        <ymax>95.75757575757575</ymax>
    </bndbox>
</object><object>
    <name>8</name>
    <pose>Unspecified</pose>
    <truncated>0</truncated>
    <difficult>0</difficult>
    <bndbox>
        <xmin>59.75757575757576</xmin>
        <ymin>52.60606060606061</ymin>
        <xmax>117.69696969696969</xmax>
        <ymax>91.3939393939394</ymax>
    </bndbox>
</object>
</annotation>
