<annotation verified="yes">
    <folder>Annotation</folder>
    <filename>399.jpg</filename>
    <path>train-2-PascalVOC-export/Annotations/399.jpg</path>
    <source>
        <database>Unknown</database>
    </source>
    <size>
        <width>224</width>
        <height>224</height>
        <depth>3</depth>
    </size>
    <segmented>0</segmented>
    <object>
    <name>7</name>
    <pose>Unspecified</pose>
    <truncated>0</truncated>
    <difficult>0</difficult>
    <bndbox>
        <xmin>162.3030303030303</xmin>
        <ymin>52.36363636363637</ymin>
        <xmax>208.84848484848487</xmax>
        <ymax>95.03030303030303</ymax>
    </bndbox>
</object><object>
    <name>8</name>
    <pose>Unspecified</pose>
    <truncated>0</truncated>
    <difficult>0</difficult>
    <bndbox>
        <xmin>162.3030303030303</xmin>
        <ymin>52.36363636363637</ymin>
        <xmax>208.84848484848487</xmax>
        <ymax>95.03030303030303</ymax>
    </bndbox>
</object><object>
    <name>8</name>
    <pose>Unspecified</pose>
    <truncated>0</truncated>
    <difficult>0</difficult>
    <bndbox>
        <xmin>77.21212121212122</xmin>
        <ymin>55.515151515151516</ymin>
        <xmax>128.12121212121212</xmax>
        <ymax>91.87878787878788</ymax>
    </bndbox>
</object>
</annotation>
