<annotation verified="yes">
    <folder>Annotation</folder>
    <filename>4.jpg</filename>
    <path>train-2-PascalVOC-export/Annotations/4.jpg</path>
    <source>
        <database>Unknown</database>
    </source>
    <size>
        <width>224</width>
        <height>224</height>
        <depth>3</depth>
    </size>
    <segmented>0</segmented>
    <object>
    <name>2</name>
    <pose>Unspecified</pose>
    <truncated>0</truncated>
    <difficult>0</difficult>
    <bndbox>
        <xmin>194.54545454545456</xmin>
        <ymin>47.27272727272727</ymin>
        <xmax>224.00000000000003</xmax>
        <ymax>99.15151515151516</ymax>
    </bndbox>
</object><object>
    <name>1</name>
    <pose>Unspecified</pose>
    <truncated>0</truncated>
    <difficult>0</difficult>
    <bndbox>
        <xmin>107.03030303030303</xmin>
        <ymin>37.57575757575758</ymin>
        <xmax>169.33333333333334</xmax>
        <ymax>92.36363636363637</ymax>
    </bndbox>
</object>
</annotation>
