<annotation verified="yes">
    <folder>Annotation</folder>
    <filename>40.jpg</filename>
    <path>train-2-PascalVOC-export/Annotations/40.jpg</path>
    <source>
        <database>Unknown</database>
    </source>
    <size>
        <width>224</width>
        <height>224</height>
        <depth>3</depth>
    </size>
    <segmented>0</segmented>
    <object>
    <name>4</name>
    <pose>Unspecified</pose>
    <truncated>0</truncated>
    <difficult>0</difficult>
    <bndbox>
        <xmin>131.51515151515153</xmin>
        <ymin>72.96969696969697</ymin>
        <xmax>210.54545454545456</xmax>
        <ymax>148.60606060606062</ymax>
    </bndbox>
</object><object>
    <name>3</name>
    <pose>Unspecified</pose>
    <truncated>0</truncated>
    <difficult>0</difficult>
    <bndbox>
        <xmin>8.84848484848485</xmin>
        <ymin>141.33333333333334</ymin>
        <xmax>97.0909090909091</xmax>
        <ymax>223.03030303030306</ymax>
    </bndbox>
</object>
</annotation>
