<annotation verified="yes">
    <folder>Annotation</folder>
    <filename>400.jpg</filename>
    <path>train-2-PascalVOC-export/Annotations/400.jpg</path>
    <source>
        <database>Unknown</database>
    </source>
    <size>
        <width>224</width>
        <height>224</height>
        <depth>3</depth>
    </size>
    <segmented>0</segmented>
    <object>
    <name>7</name>
    <pose>Unspecified</pose>
    <truncated>0</truncated>
    <difficult>0</difficult>
    <bndbox>
        <xmin>189.45454545454547</xmin>
        <ymin>40.24242424242424</ymin>
        <xmax>224</xmax>
        <ymax>87.51515151515152</ymax>
    </bndbox>
</object><object>
    <name>8</name>
    <pose>Unspecified</pose>
    <truncated>0</truncated>
    <difficult>0</difficult>
    <bndbox>
        <xmin>98.06060606060606</xmin>
        <ymin>45.57575757575758</ymin>
        <xmax>154.54545454545456</xmax>
        <ymax>87.03030303030303</ymax>
    </bndbox>
</object>
</annotation>
