<annotation verified="yes">
    <folder>Annotation</folder>
    <filename>401.jpg</filename>
    <path>train-2-PascalVOC-export/Annotations/401.jpg</path>
    <source>
        <database>Unknown</database>
    </source>
    <size>
        <width>224</width>
        <height>224</height>
        <depth>3</depth>
    </size>
    <segmented>0</segmented>
    <object>
    <name>7</name>
    <pose>Unspecified</pose>
    <truncated>0</truncated>
    <difficult>0</difficult>
    <bndbox>
        <xmin>147.27272727272728</xmin>
        <ymin>43.87878787878788</ymin>
        <xmax>201.33333333333334</xmax>
        <ymax>97.45454545454547</ymax>
    </bndbox>
</object><object>
    <name>8</name>
    <pose>Unspecified</pose>
    <truncated>0</truncated>
    <difficult>0</difficult>
    <bndbox>
        <xmin>54.42424242424243</xmin>
        <ymin>48.96969696969697</ymin>
        <xmax>116.24242424242425</xmax>
        <ymax>90.66666666666666</ymax>
    </bndbox>
</object>
</annotation>
