<annotation verified="yes">
    <folder>Annotation</folder>
    <filename>402.jpg</filename>
    <path>train-2-PascalVOC-export/Annotations/402.jpg</path>
    <source>
        <database>Unknown</database>
    </source>
    <size>
        <width>224</width>
        <height>224</height>
        <depth>3</depth>
    </size>
    <segmented>0</segmented>
    <object>
    <name>7</name>
    <pose>Unspecified</pose>
    <truncated>0</truncated>
    <difficult>0</difficult>
    <bndbox>
        <xmin>151.63636363636365</xmin>
        <ymin>42.909090909090914</ymin>
        <xmax>201.33333333333334</xmax>
        <ymax>93.33333333333334</ymax>
    </bndbox>
</object><object>
    <name>8</name>
    <pose>Unspecified</pose>
    <truncated>0</truncated>
    <difficult>0</difficult>
    <bndbox>
        <xmin>57.333333333333336</xmin>
        <ymin>49.45454545454545</ymin>
        <xmax>116.4848484848485</xmax>
        <ymax>88.96969696969697</ymax>
    </bndbox>
</object>
</annotation>
