<annotation verified="yes">
    <folder>Annotation</folder>
    <filename>403.jpg</filename>
    <path>train-2-PascalVOC-export/Annotations/403.jpg</path>
    <source>
        <database>Unknown</database>
    </source>
    <size>
        <width>224</width>
        <height>224</height>
        <depth>3</depth>
    </size>
    <segmented>0</segmented>
    <object>
    <name>7</name>
    <pose>Unspecified</pose>
    <truncated>0</truncated>
    <difficult>0</difficult>
    <bndbox>
        <xmin>140.4848484848485</xmin>
        <ymin>48.484848484848484</ymin>
        <xmax>196.4848484848485</xmax>
        <ymax>110.30303030303031</ymax>
    </bndbox>
</object><object>
    <name>8</name>
    <pose>Unspecified</pose>
    <truncated>0</truncated>
    <difficult>0</difficult>
    <bndbox>
        <xmin>38.909090909090914</xmin>
        <ymin>56.72727272727273</ymin>
        <xmax>101.45454545454547</xmax>
        <ymax>106.18181818181819</ymax>
    </bndbox>
</object>
</annotation>
