<annotation verified="yes">
    <folder>Annotation</folder>
    <filename>404.jpg</filename>
    <path>train-2-PascalVOC-export/Annotations/404.jpg</path>
    <source>
        <database>Unknown</database>
    </source>
    <size>
        <width>224</width>
        <height>224</height>
        <depth>3</depth>
    </size>
    <segmented>0</segmented>
    <object>
    <name>7</name>
    <pose>Unspecified</pose>
    <truncated>0</truncated>
    <difficult>0</difficult>
    <bndbox>
        <xmin>133.45454545454547</xmin>
        <ymin>53.09090909090909</ymin>
        <xmax>196.4848484848485</xmax>
        <ymax>111.27272727272728</ymax>
    </bndbox>
</object><object>
    <name>8</name>
    <pose>Unspecified</pose>
    <truncated>0</truncated>
    <difficult>0</difficult>
    <bndbox>
        <xmin>31.636363636363637</xmin>
        <ymin>60.84848484848485</ymin>
        <xmax>97.0909090909091</xmax>
        <ymax>113.21212121212122</ymax>
    </bndbox>
</object>
</annotation>
