<annotation verified="yes">
    <folder>Annotation</folder>
    <filename>405.jpg</filename>
    <path>train-2-PascalVOC-export/Annotations/405.jpg</path>
    <source>
        <database>Unknown</database>
    </source>
    <size>
        <width>224</width>
        <height>224</height>
        <depth>3</depth>
    </size>
    <segmented>0</segmented>
    <object>
    <name>7</name>
    <pose>Unspecified</pose>
    <truncated>0</truncated>
    <difficult>0</difficult>
    <bndbox>
        <xmin>130.54545454545456</xmin>
        <ymin>30.545454545454547</ymin>
        <xmax>191.8787878787879</xmax>
        <ymax>89.93939393939394</ymax>
    </bndbox>
</object><object>
    <name>8</name>
    <pose>Unspecified</pose>
    <truncated>0</truncated>
    <difficult>0</difficult>
    <bndbox>
        <xmin>25.333333333333336</xmin>
        <ymin>38.78787878787879</ymin>
        <xmax>94.66666666666666</xmax>
        <ymax>88.96969696969697</ymax>
    </bndbox>
</object>
</annotation>
