<annotation verified="yes">
    <folder>Annotation</folder>
    <filename>406.jpg</filename>
    <path>train-2-PascalVOC-export/Annotations/406.jpg</path>
    <source>
        <database>Unknown</database>
    </source>
    <size>
        <width>224</width>
        <height>224</height>
        <depth>3</depth>
    </size>
    <segmented>0</segmented>
    <object>
    <name>7</name>
    <pose>Unspecified</pose>
    <truncated>0</truncated>
    <difficult>0</difficult>
    <bndbox>
        <xmin>140.24242424242425</xmin>
        <ymin>52.36363636363637</ymin>
        <xmax>202.06060606060606</xmax>
        <ymax>112.24242424242425</ymax>
    </bndbox>
</object><object>
    <name>8</name>
    <pose>Unspecified</pose>
    <truncated>0</truncated>
    <difficult>0</difficult>
    <bndbox>
        <xmin>33.81818181818182</xmin>
        <ymin>58.66666666666667</ymin>
        <xmax>100.4848484848485</xmax>
        <ymax>108.12121212121212</ymax>
    </bndbox>
</object>
</annotation>
