<annotation verified="yes">
    <folder>Annotation</folder>
    <filename>407.jpg</filename>
    <path>train-2-PascalVOC-export/Annotations/407.jpg</path>
    <source>
        <database>Unknown</database>
    </source>
    <size>
        <width>224</width>
        <height>224</height>
        <depth>3</depth>
    </size>
    <segmented>0</segmented>
    <object>
    <name>7</name>
    <pose>Unspecified</pose>
    <truncated>0</truncated>
    <difficult>0</difficult>
    <bndbox>
        <xmin>130.3030303030303</xmin>
        <ymin>28.848484848484848</ymin>
        <xmax>192.84848484848487</xmax>
        <ymax>87.27272727272728</ymax>
    </bndbox>
</object><object>
    <name>8</name>
    <pose>Unspecified</pose>
    <truncated>0</truncated>
    <difficult>0</difficult>
    <bndbox>
        <xmin>20.242424242424242</xmin>
        <ymin>33.21212121212121</ymin>
        <xmax>90.06060606060606</xmax>
        <ymax>84.36363636363637</ymax>
    </bndbox>
</object>
</annotation>
