<annotation verified="yes">
    <folder>Annotation</folder>
    <filename>408.jpg</filename>
    <path>train-2-PascalVOC-export/Annotations/408.jpg</path>
    <source>
        <database>Unknown</database>
    </source>
    <size>
        <width>224</width>
        <height>224</height>
        <depth>3</depth>
    </size>
    <segmented>0</segmented>
    <object>
    <name>7</name>
    <pose>Unspecified</pose>
    <truncated>0</truncated>
    <difficult>0</difficult>
    <bndbox>
        <xmin>137.5757575757576</xmin>
        <ymin>13.090909090909092</ymin>
        <xmax>206.66666666666669</xmax>
        <ymax>74.9090909090909</ymax>
    </bndbox>
</object><object>
    <name>8</name>
    <pose>Unspecified</pose>
    <truncated>0</truncated>
    <difficult>0</difficult>
    <bndbox>
        <xmin>36.24242424242424</xmin>
        <ymin>13.575757575757576</ymin>
        <xmax>96.36363636363637</xmax>
        <ymax>69.0909090909091</ymax>
    </bndbox>
</object>
</annotation>
