<annotation verified="yes">
    <folder>Annotation</folder>
    <filename>409.jpg</filename>
    <path>train-2-PascalVOC-export/Annotations/409.jpg</path>
    <source>
        <database>Unknown</database>
    </source>
    <size>
        <width>224</width>
        <height>224</height>
        <depth>3</depth>
    </size>
    <segmented>0</segmented>
    <object>
    <name>7</name>
    <pose>Unspecified</pose>
    <truncated>0</truncated>
    <difficult>0</difficult>
    <bndbox>
        <xmin>138.78787878787878</xmin>
        <ymin>14.545454545454547</ymin>
        <xmax>205.93939393939394</xmax>
        <ymax>76.36363636363637</ymax>
    </bndbox>
</object><object>
    <name>8</name>
    <pose>Unspecified</pose>
    <truncated>0</truncated>
    <difficult>0</difficult>
    <bndbox>
        <xmin>38.18181818181818</xmin>
        <ymin>18.90909090909091</ymin>
        <xmax>101.45454545454545</xmax>
        <ymax>72.24242424242425</ymax>
    </bndbox>
</object>
</annotation>
