<annotation verified="yes">
    <folder>Annotation</folder>
    <filename>41.jpg</filename>
    <path>train-2-PascalVOC-export/Annotations/41.jpg</path>
    <source>
        <database>Unknown</database>
    </source>
    <size>
        <width>224</width>
        <height>224</height>
        <depth>3</depth>
    </size>
    <segmented>0</segmented>
    <object>
    <name>4</name>
    <pose>Unspecified</pose>
    <truncated>0</truncated>
    <difficult>0</difficult>
    <bndbox>
        <xmin>127.87878787878788</xmin>
        <ymin>64.96969696969697</ymin>
        <xmax>214.1818181818182</xmax>
        <ymax>137.93939393939394</ymax>
    </bndbox>
</object><object>
    <name>3</name>
    <pose>Unspecified</pose>
    <truncated>0</truncated>
    <difficult>0</difficult>
    <bndbox>
        <xmin>11.030303030303031</xmin>
        <ymin>132.60606060606062</ymin>
        <xmax>109.21212121212122</xmax>
        <ymax>216.72727272727275</ymax>
    </bndbox>
</object>
</annotation>
