<annotation verified="yes">
    <folder>Annotation</folder>
    <filename>410.jpg</filename>
    <path>train-2-PascalVOC-export/Annotations/410.jpg</path>
    <source>
        <database>Unknown</database>
    </source>
    <size>
        <width>224</width>
        <height>224</height>
        <depth>3</depth>
    </size>
    <segmented>0</segmented>
    <object>
    <name>7</name>
    <pose>Unspecified</pose>
    <truncated>0</truncated>
    <difficult>0</difficult>
    <bndbox>
        <xmin>154.06060606060606</xmin>
        <ymin>1.4545454545454546</ymin>
        <xmax>216.60606060606062</xmax>
        <ymax>64</ymax>
    </bndbox>
</object><object>
    <name>8</name>
    <pose>Unspecified</pose>
    <truncated>0</truncated>
    <difficult>0</difficult>
    <bndbox>
        <xmin>48.84848484848485</xmin>
        <ymin>2.181818181818182</ymin>
        <xmax>118.06060606060606</xmax>
        <ymax>63.27272727272727</ymax>
    </bndbox>
</object>
</annotation>
