<annotation verified="yes">
    <folder>Annotation</folder>
    <filename>411.jpg</filename>
    <path>train-2-PascalVOC-export/Annotations/411.jpg</path>
    <source>
        <database>Unknown</database>
    </source>
    <size>
        <width>224</width>
        <height>224</height>
        <depth>3</depth>
    </size>
    <segmented>0</segmented>
    <object>
    <name>7</name>
    <pose>Unspecified</pose>
    <truncated>0</truncated>
    <difficult>0</difficult>
    <bndbox>
        <xmin>130.54545454545456</xmin>
        <ymin>25.454545454545457</ymin>
        <xmax>196.72727272727275</xmax>
        <ymax>95.75757575757576</ymax>
    </bndbox>
</object><object>
    <name>8</name>
    <pose>Unspecified</pose>
    <truncated>0</truncated>
    <difficult>0</difficult>
    <bndbox>
        <xmin>23.636363636363637</xmin>
        <ymin>29.81818181818182</ymin>
        <xmax>88.84848484848486</xmax>
        <ymax>91.15151515151516</ymax>
    </bndbox>
</object>
</annotation>
