<annotation verified="yes">
    <folder>Annotation</folder>
    <filename>412.jpg</filename>
    <path>train-2-PascalVOC-export/Annotations/412.jpg</path>
    <source>
        <database>Unknown</database>
    </source>
    <size>
        <width>224</width>
        <height>224</height>
        <depth>3</depth>
    </size>
    <segmented>0</segmented>
    <object>
    <name>7</name>
    <pose>Unspecified</pose>
    <truncated>0</truncated>
    <difficult>0</difficult>
    <bndbox>
        <xmin>129.0909090909091</xmin>
        <ymin>21.81818181818182</ymin>
        <xmax>194.3030303030303</xmax>
        <ymax>86.06060606060606</ymax>
    </bndbox>
</object><object>
    <name>8</name>
    <pose>Unspecified</pose>
    <truncated>0</truncated>
    <difficult>0</difficult>
    <bndbox>
        <xmin>20.484848484848484</xmin>
        <ymin>28.363636363636363</ymin>
        <xmax>86.42424242424242</xmax>
        <ymax>85.0909090909091</ymax>
    </bndbox>
</object>
</annotation>
