<annotation verified="yes">
    <folder>Annotation</folder>
    <filename>413.jpg</filename>
    <path>train-2-PascalVOC-export/Annotations/413.jpg</path>
    <source>
        <database>Unknown</database>
    </source>
    <size>
        <width>224</width>
        <height>224</height>
        <depth>3</depth>
    </size>
    <segmented>0</segmented>
    <object>
    <name>7</name>
    <pose>Unspecified</pose>
    <truncated>0</truncated>
    <difficult>0</difficult>
    <bndbox>
        <xmin>132.24242424242425</xmin>
        <ymin>24.242424242424242</ymin>
        <xmax>196.969696969697</xmax>
        <ymax>99.3939393939394</ymax>
    </bndbox>
</object><object>
    <name>8</name>
    <pose>Unspecified</pose>
    <truncated>0</truncated>
    <difficult>0</difficult>
    <bndbox>
        <xmin>10.78787878787879</xmin>
        <ymin>28.12121212121212</ymin>
        <xmax>79.87878787878789</xmax>
        <ymax>95.27272727272728</ymax>
    </bndbox>
</object>
</annotation>
