<annotation verified="yes">
    <folder>Annotation</folder>
    <filename>414.jpg</filename>
    <path>train-2-PascalVOC-export/Annotations/414.jpg</path>
    <source>
        <database>Unknown</database>
    </source>
    <size>
        <width>224</width>
        <height>224</height>
        <depth>3</depth>
    </size>
    <segmented>0</segmented>
    <object>
    <name>7</name>
    <pose>Unspecified</pose>
    <truncated>0</truncated>
    <difficult>0</difficult>
    <bndbox>
        <xmin>116.96969696969697</xmin>
        <ymin>25.93939393939394</ymin>
        <xmax>190.1818181818182</xmax>
        <ymax>101.0909090909091</ymax>
    </bndbox>
</object><object>
    <name>8</name>
    <pose>Unspecified</pose>
    <truncated>0</truncated>
    <difficult>0</difficult>
    <bndbox>
        <xmin>3.515151515151515</xmin>
        <ymin>30.303030303030305</ymin>
        <xmax>73.0909090909091</xmax>
        <ymax>99.3939393939394</ymax>
    </bndbox>
</object>
</annotation>
