<annotation verified="yes">
    <folder>Annotation</folder>
    <filename>415.jpg</filename>
    <path>train-2-PascalVOC-export/Annotations/415.jpg</path>
    <source>
        <database>Unknown</database>
    </source>
    <size>
        <width>224</width>
        <height>224</height>
        <depth>3</depth>
    </size>
    <segmented>0</segmented>
    <object>
    <name>7</name>
    <pose>Unspecified</pose>
    <truncated>0</truncated>
    <difficult>0</difficult>
    <bndbox>
        <xmin>121.57575757575758</xmin>
        <ymin>20.12121212121212</ymin>
        <xmax>198.9090909090909</xmax>
        <ymax>110.7878787878788</ymax>
    </bndbox>
</object><object>
    <name>8</name>
    <pose>Unspecified</pose>
    <truncated>0</truncated>
    <difficult>0</difficult>
    <bndbox>
        <xmin>1.8181818181818183</xmin>
        <ymin>24.484848484848484</ymin>
        <xmax>75.03030303030303</xmax>
        <ymax>102.30303030303031</ymax>
    </bndbox>
</object>
</annotation>
