<annotation verified="yes">
    <folder>Annotation</folder>
    <filename>416.jpg</filename>
    <path>train-2-PascalVOC-export/Annotations/416.jpg</path>
    <source>
        <database>Unknown</database>
    </source>
    <size>
        <width>224</width>
        <height>224</height>
        <depth>3</depth>
    </size>
    <segmented>0</segmented>
    <object>
    <name>7</name>
    <pose>Unspecified</pose>
    <truncated>0</truncated>
    <difficult>0</difficult>
    <bndbox>
        <xmin>123.03030303030303</xmin>
        <ymin>55.27272727272727</ymin>
        <xmax>191.63636363636363</xmax>
        <ymax>144.4848484848485</ymax>
    </bndbox>
</object><object>
    <name>8</name>
    <pose>Unspecified</pose>
    <truncated>0</truncated>
    <difficult>0</difficult>
    <bndbox>
        <xmin>0.8484848484848485</xmin>
        <ymin>56.24242424242424</ymin>
        <xmax>78.66666666666667</xmax>
        <ymax>135.27272727272728</ymax>
    </bndbox>
</object>
</annotation>
