<annotation verified="yes">
    <folder>Annotation</folder>
    <filename>417.jpg</filename>
    <path>train-2-PascalVOC-export/Annotations/417.jpg</path>
    <source>
        <database>Unknown</database>
    </source>
    <size>
        <width>224</width>
        <height>224</height>
        <depth>3</depth>
    </size>
    <segmented>0</segmented>
    <object>
    <name>7</name>
    <pose>Unspecified</pose>
    <truncated>0</truncated>
    <difficult>0</difficult>
    <bndbox>
        <xmin>151.87878787878788</xmin>
        <ymin>82.9090909090909</ymin>
        <xmax>215.87878787878788</xmax>
        <ymax>166.3030303030303</ymax>
    </bndbox>
</object><object>
    <name>8</name>
    <pose>Unspecified</pose>
    <truncated>0</truncated>
    <difficult>0</difficult>
    <bndbox>
        <xmin>19.272727272727273</xmin>
        <ymin>84.84848484848484</ymin>
        <xmax>100.96969696969697</xmax>
        <ymax>159.75757575757575</ymax>
    </bndbox>
</object>
</annotation>
