<annotation verified="yes">
    <folder>Annotation</folder>
    <filename>418.jpg</filename>
    <path>train-2-PascalVOC-export/Annotations/418.jpg</path>
    <source>
        <database>Unknown</database>
    </source>
    <size>
        <width>224</width>
        <height>224</height>
        <depth>3</depth>
    </size>
    <segmented>0</segmented>
    <object>
    <name>7</name>
    <pose>Unspecified</pose>
    <truncated>0</truncated>
    <difficult>0</difficult>
    <bndbox>
        <xmin>118.18181818181819</xmin>
        <ymin>104.24242424242425</ymin>
        <xmax>200.12121212121212</xmax>
        <ymax>206.06060606060606</ymax>
    </bndbox>
</object><object>
    <name>8</name>
    <pose>Unspecified</pose>
    <truncated>0</truncated>
    <difficult>0</difficult>
    <bndbox>
        <xmin>1.5757575757575757</xmin>
        <ymin>108.36363636363636</ymin>
        <xmax>72.60606060606061</xmax>
        <ymax>197.0909090909091</ymax>
    </bndbox>
</object>
</annotation>
