<annotation verified="yes">
    <folder>Annotation</folder>
    <filename>419.jpg</filename>
    <path>train-2-PascalVOC-export/Annotations/419.jpg</path>
    <source>
        <database>Unknown</database>
    </source>
    <size>
        <width>224</width>
        <height>224</height>
        <depth>3</depth>
    </size>
    <segmented>0</segmented>
    <object>
    <name>7</name>
    <pose>Unspecified</pose>
    <truncated>0</truncated>
    <difficult>0</difficult>
    <bndbox>
        <xmin>128.36363636363637</xmin>
        <ymin>119.75757575757576</ymin>
        <xmax>212</xmax>
        <ymax>217.93939393939394</ymax>
    </bndbox>
</object><object>
    <name>8</name>
    <pose>Unspecified</pose>
    <truncated>0</truncated>
    <difficult>0</difficult>
    <bndbox>
        <xmin>0.6060606060606061</xmin>
        <ymin>120.24242424242425</ymin>
        <xmax>75.75757575757576</xmax>
        <ymax>213.0909090909091</ymax>
    </bndbox>
</object>
</annotation>
