<annotation verified="yes">
    <folder>Annotation</folder>
    <filename>42.jpg</filename>
    <path>train-2-PascalVOC-export/Annotations/42.jpg</path>
    <source>
        <database>Unknown</database>
    </source>
    <size>
        <width>224</width>
        <height>224</height>
        <depth>3</depth>
    </size>
    <segmented>0</segmented>
    <object>
    <name>4</name>
    <pose>Unspecified</pose>
    <truncated>0</truncated>
    <difficult>0</difficult>
    <bndbox>
        <xmin>129.8181818181818</xmin>
        <ymin>83.15151515151516</ymin>
        <xmax>210.54545454545456</xmax>
        <ymax>154.1818181818182</ymax>
    </bndbox>
</object><object>
    <name>3</name>
    <pose>Unspecified</pose>
    <truncated>0</truncated>
    <difficult>0</difficult>
    <bndbox>
        <xmin>11.272727272727273</xmin>
        <ymin>144.4848484848485</ymin>
        <xmax>104.36363636363637</xmax>
        <ymax>224</ymax>
    </bndbox>
</object>
</annotation>
