<annotation verified="yes">
    <folder>Annotation</folder>
    <filename>420.jpg</filename>
    <path>train-2-PascalVOC-export/Annotations/420.jpg</path>
    <source>
        <database>Unknown</database>
    </source>
    <size>
        <width>224</width>
        <height>224</height>
        <depth>3</depth>
    </size>
    <segmented>0</segmented>
    <object>
    <name>7</name>
    <pose>Unspecified</pose>
    <truncated>0</truncated>
    <difficult>0</difficult>
    <bndbox>
        <xmin>127.15151515151516</xmin>
        <ymin>97.45454545454545</ymin>
        <xmax>209.0909090909091</xmax>
        <ymax>208.4848484848485</ymax>
    </bndbox>
</object><object>
    <name>8</name>
    <pose>Unspecified</pose>
    <truncated>0</truncated>
    <difficult>0</difficult>
    <bndbox>
        <xmin>0.6060606060606061</xmin>
        <ymin>106.9090909090909</ymin>
        <xmax>72.12121212121212</xmax>
        <ymax>202.42424242424244</ymax>
    </bndbox>
</object>
</annotation>
