<annotation verified="yes">
    <folder>Annotation</folder>
    <filename>421.jpg</filename>
    <path>train-2-PascalVOC-export/Annotations/421.jpg</path>
    <source>
        <database>Unknown</database>
    </source>
    <size>
        <width>224</width>
        <height>224</height>
        <depth>3</depth>
    </size>
    <segmented>0</segmented>
    <object>
    <name>7</name>
    <pose>Unspecified</pose>
    <truncated>0</truncated>
    <difficult>0</difficult>
    <bndbox>
        <xmin>131.03030303030303</xmin>
        <ymin>125.81818181818183</ymin>
        <xmax>204.96969696969697</xmax>
        <ymax>224</ymax>
    </bndbox>
</object><object>
    <name>8</name>
    <pose>Unspecified</pose>
    <truncated>0</truncated>
    <difficult>0</difficult>
    <bndbox>
        <xmin>1.8181818181818183</xmin>
        <ymin>128.24242424242425</ymin>
        <xmax>84</xmax>
        <ymax>220.84848484848487</ymax>
    </bndbox>
</object>
</annotation>
