<annotation verified="yes">
    <folder>Annotation</folder>
    <filename>422.jpg</filename>
    <path>train-2-PascalVOC-export/Annotations/422.jpg</path>
    <source>
        <database>Unknown</database>
    </source>
    <size>
        <width>224</width>
        <height>224</height>
        <depth>3</depth>
    </size>
    <segmented>0</segmented>
    <object>
    <name>7</name>
    <pose>Unspecified</pose>
    <truncated>0</truncated>
    <difficult>0</difficult>
    <bndbox>
        <xmin>124.48484848484848</xmin>
        <ymin>86.30303030303033</ymin>
        <xmax>203.39393939393938</xmax>
        <ymax>186.66666666666669</ymax>
    </bndbox>
</object><object>
    <name>8</name>
    <pose>Unspecified</pose>
    <truncated>0</truncated>
    <difficult>0</difficult>
    <bndbox>
        <xmin>1.0909090909090908</xmin>
        <ymin>92.12121212121212</ymin>
        <xmax>71.63636363636364</xmax>
        <ymax>185.21212121212122</ymax>
    </bndbox>
</object>
</annotation>
