<annotation verified="yes">
    <folder>Annotation</folder>
    <filename>423.jpg</filename>
    <path>train-2-PascalVOC-export/Annotations/423.jpg</path>
    <source>
        <database>Unknown</database>
    </source>
    <size>
        <width>224</width>
        <height>224</height>
        <depth>3</depth>
    </size>
    <segmented>0</segmented>
    <object>
    <name>7</name>
    <pose>Unspecified</pose>
    <truncated>0</truncated>
    <difficult>0</difficult>
    <bndbox>
        <xmin>138.06060606060606</xmin>
        <ymin>127.03030303030303</ymin>
        <xmax>218.54545454545456</xmax>
        <ymax>224</ymax>
    </bndbox>
</object><object>
    <name>8</name>
    <pose>Unspecified</pose>
    <truncated>0</truncated>
    <difficult>0</difficult>
    <bndbox>
        <xmin>4.484848484848485</xmin>
        <ymin>130.9090909090909</ymin>
        <xmax>85.21212121212122</xmax>
        <ymax>220.60606060606062</ymax>
    </bndbox>
</object>
</annotation>
