<annotation verified="yes">
    <folder>Annotation</folder>
    <filename>424.jpg</filename>
    <path>train-2-PascalVOC-export/Annotations/424.jpg</path>
    <source>
        <database>Unknown</database>
    </source>
    <size>
        <width>224</width>
        <height>224</height>
        <depth>3</depth>
    </size>
    <segmented>0</segmented>
    <object>
    <name>7</name>
    <pose>Unspecified</pose>
    <truncated>0</truncated>
    <difficult>0</difficult>
    <bndbox>
        <xmin>137.0909090909091</xmin>
        <ymin>134.54545454545456</ymin>
        <xmax>215.63636363636363</xmax>
        <ymax>224</ymax>
    </bndbox>
</object><object>
    <name>8</name>
    <pose>Unspecified</pose>
    <truncated>0</truncated>
    <difficult>0</difficult>
    <bndbox>
        <xmin>3.0303030303030303</xmin>
        <ymin>138.66666666666666</ymin>
        <xmax>85.45454545454545</xmax>
        <ymax>223.030303030303</ymax>
    </bndbox>
</object>
</annotation>
