<annotation verified="yes">
    <folder>Annotation</folder>
    <filename>425.jpg</filename>
    <path>train-2-PascalVOC-export/Annotations/425.jpg</path>
    <source>
        <database>Unknown</database>
    </source>
    <size>
        <width>224</width>
        <height>224</height>
        <depth>3</depth>
    </size>
    <segmented>0</segmented>
    <object>
    <name>7</name>
    <pose>Unspecified</pose>
    <truncated>0</truncated>
    <difficult>0</difficult>
    <bndbox>
        <xmin>141.21212121212122</xmin>
        <ymin>92.60606060606061</ymin>
        <xmax>224</xmax>
        <ymax>187.15151515151516</ymax>
    </bndbox>
</object><object>
    <name>8</name>
    <pose>Unspecified</pose>
    <truncated>0</truncated>
    <difficult>0</difficult>
    <bndbox>
        <xmin>5.696969696969697</xmin>
        <ymin>92.60606060606061</ymin>
        <xmax>86.66666666666667</xmax>
        <ymax>176</ymax>
    </bndbox>
</object>
</annotation>
