<annotation verified="yes">
    <folder>Annotation</folder>
    <filename>426.jpg</filename>
    <path>train-2-PascalVOC-export/Annotations/426.jpg</path>
    <source>
        <database>Unknown</database>
    </source>
    <size>
        <width>224</width>
        <height>224</height>
        <depth>3</depth>
    </size>
    <segmented>0</segmented>
    <object>
    <name>7</name>
    <pose>Unspecified</pose>
    <truncated>0</truncated>
    <difficult>0</difficult>
    <bndbox>
        <xmin>135.15151515151516</xmin>
        <ymin>72.72727272727273</ymin>
        <xmax>188</xmax>
        <ymax>110.30303030303031</ymax>
    </bndbox>
</object><object>
    <name>8</name>
    <pose>Unspecified</pose>
    <truncated>0</truncated>
    <difficult>0</difficult>
    <bndbox>
        <xmin>58.303030303030305</xmin>
        <ymin>78.54545454545456</ymin>
        <xmax>106.54545454545455</xmax>
        <ymax>118.06060606060608</ymax>
    </bndbox>
</object>
</annotation>
