<annotation verified="yes">
    <folder>Annotation</folder>
    <filename>427.jpg</filename>
    <path>train-2-PascalVOC-export/Annotations/427.jpg</path>
    <source>
        <database>Unknown</database>
    </source>
    <size>
        <width>224</width>
        <height>224</height>
        <depth>3</depth>
    </size>
    <segmented>0</segmented>
    <object>
    <name>7</name>
    <pose>Unspecified</pose>
    <truncated>0</truncated>
    <difficult>0</difficult>
    <bndbox>
        <xmin>113.33333333333334</xmin>
        <ymin>80.96969696969697</ymin>
        <xmax>169.8181818181818</xmax>
        <ymax>129.6969696969697</ymax>
    </bndbox>
</object><object>
    <name>8</name>
    <pose>Unspecified</pose>
    <truncated>0</truncated>
    <difficult>0</difficult>
    <bndbox>
        <xmin>26.303030303030305</xmin>
        <ymin>91.15151515151516</ymin>
        <xmax>81.0909090909091</xmax>
        <ymax>135.03030303030303</ymax>
    </bndbox>
</object>
</annotation>
