<annotation verified="yes">
    <folder>Annotation</folder>
    <filename>428.jpg</filename>
    <path>train-2-PascalVOC-export/Annotations/428.jpg</path>
    <source>
        <database>Unknown</database>
    </source>
    <size>
        <width>224</width>
        <height>224</height>
        <depth>3</depth>
    </size>
    <segmented>0</segmented>
    <object>
    <name>7</name>
    <pose>Unspecified</pose>
    <truncated>0</truncated>
    <difficult>0</difficult>
    <bndbox>
        <xmin>104.36363636363636</xmin>
        <ymin>93.81818181818183</ymin>
        <xmax>160.84848484848484</xmax>
        <ymax>145.93939393939394</ymax>
    </bndbox>
</object><object>
    <name>8</name>
    <pose>Unspecified</pose>
    <truncated>0</truncated>
    <difficult>0</difficult>
    <bndbox>
        <xmin>2.5454545454545454</xmin>
        <ymin>103.75757575757576</ymin>
        <xmax>68</xmax>
        <ymax>158.3030303030303</ymax>
    </bndbox>
</object>
</annotation>
