<annotation verified="yes">
    <folder>Annotation</folder>
    <filename>429.jpg</filename>
    <path>train-2-PascalVOC-export/Annotations/429.jpg</path>
    <source>
        <database>Unknown</database>
    </source>
    <size>
        <width>224</width>
        <height>224</height>
        <depth>3</depth>
    </size>
    <segmented>0</segmented>
    <object>
    <name>7</name>
    <pose>Unspecified</pose>
    <truncated>0</truncated>
    <difficult>0</difficult>
    <bndbox>
        <xmin>114.06060606060606</xmin>
        <ymin>107.15151515151516</ymin>
        <xmax>184.84848484848487</xmax>
        <ymax>175.75757575757575</ymax>
    </bndbox>
</object><object>
    <name>8</name>
    <pose>Unspecified</pose>
    <truncated>0</truncated>
    <difficult>0</difficult>
    <bndbox>
        <xmin>1.0909090909090908</xmin>
        <ymin>104.48484848484848</ymin>
        <xmax>75.03030303030303</xmax>
        <ymax>178.1818181818182</ymax>
    </bndbox>
</object>
</annotation>
