<annotation verified="yes">
    <folder>Annotation</folder>
    <filename>43.jpg</filename>
    <path>train-2-PascalVOC-export/Annotations/43.jpg</path>
    <source>
        <database>Unknown</database>
    </source>
    <size>
        <width>224</width>
        <height>224</height>
        <depth>3</depth>
    </size>
    <segmented>0</segmented>
    <object>
    <name>4</name>
    <pose>Unspecified</pose>
    <truncated>0</truncated>
    <difficult>0</difficult>
    <bndbox>
        <xmin>125.21212121212122</xmin>
        <ymin>81.21212121212122</ymin>
        <xmax>207.3939393939394</xmax>
        <ymax>155.87878787878788</ymax>
    </bndbox>
</object><object>
    <name>3</name>
    <pose>Unspecified</pose>
    <truncated>0</truncated>
    <difficult>0</difficult>
    <bndbox>
        <xmin>3.0303030303030303</xmin>
        <ymin>142.3030303030303</ymin>
        <xmax>112.36363636363637</xmax>
        <ymax>224</ymax>
    </bndbox>
</object>
</annotation>
