<annotation verified="yes">
    <folder>Annotation</folder>
    <filename>430.jpg</filename>
    <path>train-2-PascalVOC-export/Annotations/430.jpg</path>
    <source>
        <database>Unknown</database>
    </source>
    <size>
        <width>224</width>
        <height>224</height>
        <depth>3</depth>
    </size>
    <segmented>0</segmented>
    <object>
    <name>7</name>
    <pose>Unspecified</pose>
    <truncated>0</truncated>
    <difficult>0</difficult>
    <bndbox>
        <xmin>68.72727272727273</xmin>
        <ymin>109.81818181818183</ymin>
        <xmax>157.6969696969697</xmax>
        <ymax>203.3939393939394</ymax>
    </bndbox>
</object>
</annotation>
