<annotation verified="yes">
    <folder>Annotation</folder>
    <filename>431.jpg</filename>
    <path>train-2-PascalVOC-export/Annotations/431.jpg</path>
    <source>
        <database>Unknown</database>
    </source>
    <size>
        <width>224</width>
        <height>224</height>
        <depth>3</depth>
    </size>
    <segmented>0</segmented>
    <object>
    <name>7</name>
    <pose>Unspecified</pose>
    <truncated>0</truncated>
    <difficult>0</difficult>
    <bndbox>
        <xmin>85.6969696969697</xmin>
        <ymin>143.27272727272728</ymin>
        <xmax>178.3030303030303</xmax>
        <ymax>224</ymax>
    </bndbox>
</object>
</annotation>
