<annotation verified="yes">
    <folder>Annotation</folder>
    <filename>432.jpg</filename>
    <path>train-2-PascalVOC-export/Annotations/432.jpg</path>
    <source>
        <database>Unknown</database>
    </source>
    <size>
        <width>224</width>
        <height>224</height>
        <depth>3</depth>
    </size>
    <segmented>0</segmented>
    <object>
    <name>6</name>
    <pose>Unspecified</pose>
    <truncated>0</truncated>
    <difficult>0</difficult>
    <bndbox>
        <xmin>71.63636363636364</xmin>
        <ymin>89.45454545454545</ymin>
        <xmax>124.84848484848484</xmax>
        <ymax>126.30303030303031</ymax>
    </bndbox>
</object><object>
    <name>5</name>
    <pose>Unspecified</pose>
    <truncated>0</truncated>
    <difficult>0</difficult>
    <bndbox>
        <xmin>0.6060606060606061</xmin>
        <ymin>103.27272727272728</ymin>
        <xmax>44.969696969696976</xmax>
        <ymax>143.03030303030303</ymax>
    </bndbox>
</object>
</annotation>
