<annotation verified="yes">
    <folder>Annotation</folder>
    <filename>433.jpg</filename>
    <path>train-2-PascalVOC-export/Annotations/433.jpg</path>
    <source>
        <database>Unknown</database>
    </source>
    <size>
        <width>224</width>
        <height>224</height>
        <depth>3</depth>
    </size>
    <segmented>0</segmented>
    <object>
    <name>6</name>
    <pose>Unspecified</pose>
    <truncated>0</truncated>
    <difficult>0</difficult>
    <bndbox>
        <xmin>83.51515151515152</xmin>
        <ymin>53.81818181818182</ymin>
        <xmax>137.6969696969697</xmax>
        <ymax>99.3939393939394</ymax>
    </bndbox>
</object><object>
    <name>5</name>
    <pose>Unspecified</pose>
    <truncated>0</truncated>
    <difficult>0</difficult>
    <bndbox>
        <xmin>9.333333333333334</xmin>
        <ymin>67.63636363636364</ymin>
        <xmax>62.42424242424243</xmax>
        <ymax>108.12121212121212</ymax>
    </bndbox>
</object>
</annotation>
