<annotation verified="yes">
    <folder>Annotation</folder>
    <filename>434.jpg</filename>
    <path>train-2-PascalVOC-export/Annotations/434.jpg</path>
    <source>
        <database>Unknown</database>
    </source>
    <size>
        <width>224</width>
        <height>224</height>
        <depth>3</depth>
    </size>
    <segmented>0</segmented>
    <object>
    <name>6</name>
    <pose>Unspecified</pose>
    <truncated>0</truncated>
    <difficult>0</difficult>
    <bndbox>
        <xmin>91.51515151515152</xmin>
        <ymin>79.51515151515152</ymin>
        <xmax>152.84848484848484</xmax>
        <ymax>123.63636363636364</ymax>
    </bndbox>
</object><object>
    <name>5</name>
    <pose>Unspecified</pose>
    <truncated>0</truncated>
    <difficult>0</difficult>
    <bndbox>
        <xmin>19.03030303030303</xmin>
        <ymin>102.06060606060606</ymin>
        <xmax>71.15151515151516</xmax>
        <ymax>142.3030303030303</ymax>
    </bndbox>
</object>
</annotation>
