<annotation verified="yes">
    <folder>Annotation</folder>
    <filename>435.jpg</filename>
    <path>train-2-PascalVOC-export/Annotations/435.jpg</path>
    <source>
        <database>Unknown</database>
    </source>
    <size>
        <width>224</width>
        <height>224</height>
        <depth>3</depth>
    </size>
    <segmented>0</segmented>
    <object>
    <name>6</name>
    <pose>Unspecified</pose>
    <truncated>0</truncated>
    <difficult>0</difficult>
    <bndbox>
        <xmin>113.33333333333334</xmin>
        <ymin>79.75757575757576</ymin>
        <xmax>175.3939393939394</xmax>
        <ymax>121.93939393939394</ymax>
    </bndbox>
</object><object>
    <name>5</name>
    <pose>Unspecified</pose>
    <truncated>0</truncated>
    <difficult>0</difficult>
    <bndbox>
        <xmin>24.606060606060606</xmin>
        <ymin>101.0909090909091</ymin>
        <xmax>97.33333333333334</xmax>
        <ymax>152.24242424242425</ymax>
    </bndbox>
</object>
</annotation>
