<annotation verified="yes">
    <folder>Annotation</folder>
    <filename>436.jpg</filename>
    <path>train-2-PascalVOC-export/Annotations/436.jpg</path>
    <source>
        <database>Unknown</database>
    </source>
    <size>
        <width>224</width>
        <height>224</height>
        <depth>3</depth>
    </size>
    <segmented>0</segmented>
    <object>
    <name>6</name>
    <pose>Unspecified</pose>
    <truncated>0</truncated>
    <difficult>0</difficult>
    <bndbox>
        <xmin>157.93939393939394</xmin>
        <ymin>78.7878787878788</ymin>
        <xmax>224</xmax>
        <ymax>141.5757575757576</ymax>
    </bndbox>
</object><object>
    <name>5</name>
    <pose>Unspecified</pose>
    <truncated>0</truncated>
    <difficult>0</difficult>
    <bndbox>
        <xmin>63.63636363636364</xmin>
        <ymin>102.7878787878788</ymin>
        <xmax>137.8181818181818</xmax>
        <ymax>166.3030303030303</ymax>
    </bndbox>
</object>
</annotation>
