<annotation verified="yes">
    <folder>Annotation</folder>
    <filename>437.jpg</filename>
    <path>train-2-PascalVOC-export/Annotations/437.jpg</path>
    <source>
        <database>Unknown</database>
    </source>
    <size>
        <width>224</width>
        <height>224</height>
        <depth>3</depth>
    </size>
    <segmented>0</segmented>
    <object>
    <name>6</name>
    <pose>Unspecified</pose>
    <truncated>0</truncated>
    <difficult>0</difficult>
    <bndbox>
        <xmin>142.66666666666666</xmin>
        <ymin>76.12121212121212</ymin>
        <xmax>215.39393939393938</xmax>
        <ymax>128.72727272727275</ymax>
    </bndbox>
</object><object>
    <name>5</name>
    <pose>Unspecified</pose>
    <truncated>0</truncated>
    <difficult>0</difficult>
    <bndbox>
        <xmin>49.81818181818182</xmin>
        <ymin>99.15151515151516</ymin>
        <xmax>121.0909090909091</xmax>
        <ymax>162.9090909090909</ymax>
    </bndbox>
</object>
</annotation>
