<annotation verified="yes">
    <folder>Annotation</folder>
    <filename>438.jpg</filename>
    <path>train-2-PascalVOC-export/Annotations/438.jpg</path>
    <source>
        <database>Unknown</database>
    </source>
    <size>
        <width>224</width>
        <height>224</height>
        <depth>3</depth>
    </size>
    <segmented>0</segmented>
    <object>
    <name>6</name>
    <pose>Unspecified</pose>
    <truncated>0</truncated>
    <difficult>0</difficult>
    <bndbox>
        <xmin>176.36363636363637</xmin>
        <ymin>96.96969696969697</ymin>
        <xmax>224</xmax>
        <ymax>160</ymax>
    </bndbox>
</object><object>
    <name>5</name>
    <pose>Unspecified</pose>
    <truncated>0</truncated>
    <difficult>0</difficult>
    <bndbox>
        <xmin>76.48484848484848</xmin>
        <ymin>122.9090909090909</ymin>
        <xmax>153.8181818181818</xmax>
        <ymax>197.8181818181818</ymax>
    </bndbox>
</object>
</annotation>
