<annotation verified="yes">
    <folder>Annotation</folder>
    <filename>439.jpg</filename>
    <path>train-2-PascalVOC-export/Annotations/439.jpg</path>
    <source>
        <database>Unknown</database>
    </source>
    <size>
        <width>224</width>
        <height>224</height>
        <depth>3</depth>
    </size>
    <segmented>0</segmented>
    <object>
    <name>6</name>
    <pose>Unspecified</pose>
    <truncated>0</truncated>
    <difficult>0</difficult>
    <bndbox>
        <xmin>158.9090909090909</xmin>
        <ymin>82.66666666666667</ymin>
        <xmax>224</xmax>
        <ymax>146.90909090909093</ymax>
    </bndbox>
</object><object>
    <name>5</name>
    <pose>Unspecified</pose>
    <truncated>0</truncated>
    <difficult>0</difficult>
    <bndbox>
        <xmin>60.72727272727273</xmin>
        <ymin>107.87878787878788</ymin>
        <xmax>139.51515151515153</xmax>
        <ymax>183.5151515151515</ymax>
    </bndbox>
</object>
</annotation>
