<annotation verified="yes">
    <folder>Annotation</folder>
    <filename>44.jpg</filename>
    <path>train-2-PascalVOC-export/Annotations/44.jpg</path>
    <source>
        <database>Unknown</database>
    </source>
    <size>
        <width>224</width>
        <height>224</height>
        <depth>3</depth>
    </size>
    <segmented>0</segmented>
    <object>
    <name>4</name>
    <pose>Unspecified</pose>
    <truncated>0</truncated>
    <difficult>0</difficult>
    <bndbox>
        <xmin>179.27272727272728</xmin>
        <ymin>65.21212121212122</ymin>
        <xmax>224</xmax>
        <ymax>135.03030303030303</ymax>
    </bndbox>
</object><object>
    <name>3</name>
    <pose>Unspecified</pose>
    <truncated>0</truncated>
    <difficult>0</difficult>
    <bndbox>
        <xmin>44.96969696969697</xmin>
        <ymin>118.06060606060606</ymin>
        <xmax>135.15151515151516</xmax>
        <ymax>208</ymax>
    </bndbox>
</object>
</annotation>
