<annotation verified="yes">
    <folder>Annotation</folder>
    <filename>440.jpg</filename>
    <path>train-2-PascalVOC-export/Annotations/440.jpg</path>
    <source>
        <database>Unknown</database>
    </source>
    <size>
        <width>224</width>
        <height>224</height>
        <depth>3</depth>
    </size>
    <segmented>0</segmented>
    <object>
    <name>5</name>
    <pose>Unspecified</pose>
    <truncated>0</truncated>
    <difficult>0</difficult>
    <bndbox>
        <xmin>90.54545454545455</xmin>
        <ymin>102.30303030303031</ymin>
        <xmax>178.3030303030303</xmax>
        <ymax>191.51515151515153</ymax>
    </bndbox>
</object>
</annotation>
