<annotation verified="yes">
    <folder>Annotation</folder>
    <filename>441.jpg</filename>
    <path>train-2-PascalVOC-export/Annotations/441.jpg</path>
    <source>
        <database>Unknown</database>
    </source>
    <size>
        <width>224</width>
        <height>224</height>
        <depth>3</depth>
    </size>
    <segmented>0</segmented>
    <object>
    <name>5</name>
    <pose>Unspecified</pose>
    <truncated>0</truncated>
    <difficult>0</difficult>
    <bndbox>
        <xmin>93.21212121212122</xmin>
        <ymin>100.60606060606061</ymin>
        <xmax>178.7878787878788</xmax>
        <ymax>185.45454545454544</ymax>
    </bndbox>
</object>
</annotation>
