<annotation verified="yes">
    <folder>Annotation</folder>
    <filename>443.jpg</filename>
    <path>train-2-PascalVOC-export/Annotations/443.jpg</path>
    <source>
        <database>Unknown</database>
    </source>
    <size>
        <width>224</width>
        <height>224</height>
        <depth>3</depth>
    </size>
    <segmented>0</segmented>
    <object>
    <name>5</name>
    <pose>Unspecified</pose>
    <truncated>0</truncated>
    <difficult>0</difficult>
    <bndbox>
        <xmin>86.42424242424242</xmin>
        <ymin>146.1818181818182</ymin>
        <xmax>178.78787878787878</xmax>
        <ymax>224</ymax>
    </bndbox>
</object>
</annotation>
