<annotation verified="yes">
    <folder>Annotation</folder>
    <filename>444.jpg</filename>
    <path>train-2-PascalVOC-export/Annotations/444.jpg</path>
    <source>
        <database>Unknown</database>
    </source>
    <size>
        <width>224</width>
        <height>224</height>
        <depth>3</depth>
    </size>
    <segmented>0</segmented>
    <object>
    <name>6</name>
    <pose>Unspecified</pose>
    <truncated>0</truncated>
    <difficult>0</difficult>
    <bndbox>
        <xmin>155.51515151515153</xmin>
        <ymin>1.2121212121212122</ymin>
        <xmax>213.45454545454547</xmax>
        <ymax>31.757575757575758</ymax>
    </bndbox>
</object><object>
    <name>5</name>
    <pose>Unspecified</pose>
    <truncated>0</truncated>
    <difficult>0</difficult>
    <bndbox>
        <xmin>82.06060606060606</xmin>
        <ymin>8.242424242424242</ymin>
        <xmax>132.96969696969697</xmax>
        <ymax>46.06060606060606</ymax>
    </bndbox>
</object>
</annotation>
