<annotation verified="yes">
    <folder>Annotation</folder>
    <filename>445.jpg</filename>
    <path>train-2-PascalVOC-export/Annotations/445.jpg</path>
    <source>
        <database>Unknown</database>
    </source>
    <size>
        <width>224</width>
        <height>224</height>
        <depth>3</depth>
    </size>
    <segmented>0</segmented>
    <object>
    <name>6</name>
    <pose>Unspecified</pose>
    <truncated>0</truncated>
    <difficult>0</difficult>
    <bndbox>
        <xmin>169.5757575757576</xmin>
        <ymin>30.545454545454547</ymin>
        <xmax>223.8787878787879</xmax>
        <ymax>77.33333333333334</ymax>
    </bndbox>
</object><object>
    <name>5</name>
    <pose>Unspecified</pose>
    <truncated>0</truncated>
    <difficult>0</difficult>
    <bndbox>
        <xmin>81.0909090909091</xmin>
        <ymin>46.54545454545455</ymin>
        <xmax>140.4848484848485</xmax>
        <ymax>98.18181818181819</ymax>
    </bndbox>
</object>
</annotation>
