<annotation verified="yes">
    <folder>Annotation</folder>
    <filename>446.jpg</filename>
    <path>train-2-PascalVOC-export/Annotations/446.jpg</path>
    <source>
        <database>Unknown</database>
    </source>
    <size>
        <width>224</width>
        <height>224</height>
        <depth>3</depth>
    </size>
    <segmented>0</segmented>
    <object>
    <name>6</name>
    <pose>Unspecified</pose>
    <truncated>0</truncated>
    <difficult>0</difficult>
    <bndbox>
        <xmin>176.84848484848484</xmin>
        <ymin>26.90909090909091</ymin>
        <xmax>224</xmax>
        <ymax>76.84848484848484</ymax>
    </bndbox>
</object><object>
    <name>5</name>
    <pose>Unspecified</pose>
    <truncated>0</truncated>
    <difficult>0</difficult>
    <bndbox>
        <xmin>90.78787878787881</xmin>
        <ymin>43.87878787878789</ymin>
        <xmax>152.84848484848487</xmax>
        <ymax>91.15151515151516</ymax>
    </bndbox>
</object>
</annotation>
