<annotation verified="yes">
    <folder>Annotation</folder>
    <filename>447.jpg</filename>
    <path>train-2-PascalVOC-export/Annotations/447.jpg</path>
    <source>
        <database>Unknown</database>
    </source>
    <size>
        <width>224</width>
        <height>224</height>
        <depth>3</depth>
    </size>
    <segmented>0</segmented>
    <object>
    <name>6</name>
    <pose>Unspecified</pose>
    <truncated>0</truncated>
    <difficult>0</difficult>
    <bndbox>
        <xmin>177.33333333333334</xmin>
        <ymin>26.181818181818183</ymin>
        <xmax>224</xmax>
        <ymax>67.87878787878788</ymax>
    </bndbox>
</object><object>
    <name>5</name>
    <pose>Unspecified</pose>
    <truncated>0</truncated>
    <difficult>0</difficult>
    <bndbox>
        <xmin>91.75757575757576</xmin>
        <ymin>41.93939393939394</ymin>
        <xmax>150.66666666666669</xmax>
        <ymax>87.27272727272728</ymax>
    </bndbox>
</object>
</annotation>
