<annotation verified="yes">
    <folder>Annotation</folder>
    <filename>448.jpg</filename>
    <path>train-2-PascalVOC-export/Annotations/448.jpg</path>
    <source>
        <database>Unknown</database>
    </source>
    <size>
        <width>224</width>
        <height>224</height>
        <depth>3</depth>
    </size>
    <segmented>0</segmented>
    <object>
    <name>6</name>
    <pose>Unspecified</pose>
    <truncated>0</truncated>
    <difficult>0</difficult>
    <bndbox>
        <xmin>195.27272727272728</xmin>
        <ymin>35.3939393939394</ymin>
        <xmax>224</xmax>
        <ymax>82.42424242424244</ymax>
    </bndbox>
</object><object>
    <name>5</name>
    <pose>Unspecified</pose>
    <truncated>0</truncated>
    <difficult>0</difficult>
    <bndbox>
        <xmin>104.84848484848486</xmin>
        <ymin>54.78787878787879</ymin>
        <xmax>167.63636363636365</xmax>
        <ymax>112.24242424242425</ymax>
    </bndbox>
</object>
</annotation>
