<annotation verified="yes">
    <folder>Annotation</folder>
    <filename>449.jpg</filename>
    <path>train-2-PascalVOC-export/Annotations/449.jpg</path>
    <source>
        <database>Unknown</database>
    </source>
    <size>
        <width>224</width>
        <height>224</height>
        <depth>3</depth>
    </size>
    <segmented>0</segmented>
    <object>
    <name>5</name>
    <pose>Unspecified</pose>
    <truncated>0</truncated>
    <difficult>0</difficult>
    <bndbox>
        <xmin>139.51515151515153</xmin>
        <ymin>65.6969696969697</ymin>
        <xmax>215.15151515151518</xmax>
        <ymax>136.24242424242425</ymax>
    </bndbox>
</object>
</annotation>
