<annotation verified="yes">
    <folder>Annotation</folder>
    <filename>45.jpg</filename>
    <path>train-2-PascalVOC-export/Annotations/45.jpg</path>
    <source>
        <database>Unknown</database>
    </source>
    <size>
        <width>224</width>
        <height>224</height>
        <depth>3</depth>
    </size>
    <segmented>0</segmented>
    <object>
    <name>4</name>
    <pose>Unspecified</pose>
    <truncated>0</truncated>
    <difficult>0</difficult>
    <bndbox>
        <xmin>184.60606060606062</xmin>
        <ymin>74.18181818181819</ymin>
        <xmax>224.00000000000003</xmax>
        <ymax>149.0909090909091</ymax>
    </bndbox>
</object><object>
    <name>3</name>
    <pose>Unspecified</pose>
    <truncated>0</truncated>
    <difficult>0</difficult>
    <bndbox>
        <xmin>58.54545454545455</xmin>
        <ymin>131.3939393939394</ymin>
        <xmax>148.4848484848485</xmax>
        <ymax>218.90909090909093</ymax>
    </bndbox>
</object>
</annotation>
