<annotation verified="yes">
    <folder>Annotation</folder>
    <filename>450.jpg</filename>
    <path>train-2-PascalVOC-export/Annotations/450.jpg</path>
    <source>
        <database>Unknown</database>
    </source>
    <size>
        <width>224</width>
        <height>224</height>
        <depth>3</depth>
    </size>
    <segmented>0</segmented>
    <object>
    <name>5</name>
    <pose>Unspecified</pose>
    <truncated>0</truncated>
    <difficult>0</difficult>
    <bndbox>
        <xmin>151.63636363636365</xmin>
        <ymin>97.45454545454545</ymin>
        <xmax>224</xmax>
        <ymax>189.33333333333331</ymax>
    </bndbox>
</object>
</annotation>
