<annotation verified="yes">
    <folder>Annotation</folder>
    <filename>452.jpg</filename>
    <path>train-2-PascalVOC-export/Annotations/452.jpg</path>
    <source>
        <database>Unknown</database>
    </source>
    <size>
        <width>224</width>
        <height>224</height>
        <depth>3</depth>
    </size>
    <segmented>0</segmented>
    <object>
    <name>5</name>
    <pose>Unspecified</pose>
    <truncated>0</truncated>
    <difficult>0</difficult>
    <bndbox>
        <xmin>157.93939393939394</xmin>
        <ymin>106.18181818181819</ymin>
        <xmax>224</xmax>
        <ymax>215.51515151515153</ymax>
    </bndbox>
</object>
</annotation>
