<annotation verified="yes">
    <folder>Annotation</folder>
    <filename>453.jpg</filename>
    <path>train-2-PascalVOC-export/Annotations/453.jpg</path>
    <source>
        <database>Unknown</database>
    </source>
    <size>
        <width>224</width>
        <height>224</height>
        <depth>3</depth>
    </size>
    <segmented>0</segmented>
    <object>
    <name>5</name>
    <pose>Unspecified</pose>
    <truncated>0</truncated>
    <difficult>0</difficult>
    <bndbox>
        <xmin>178.3030303030303</xmin>
        <ymin>25.454545454545457</ymin>
        <xmax>224</xmax>
        <ymax>60.36363636363636</ymax>
    </bndbox>
</object><object>
    <name>7</name>
    <pose>Unspecified</pose>
    <truncated>0</truncated>
    <difficult>0</difficult>
    <bndbox>
        <xmin>71.15151515151517</xmin>
        <ymin>43.15151515151516</ymin>
        <xmax>112.12121212121214</xmax>
        <ymax>77.0909090909091</ymax>
    </bndbox>
</object><object>
    <name>8</name>
    <pose>Unspecified</pose>
    <truncated>0</truncated>
    <difficult>0</difficult>
    <bndbox>
        <xmin>1.0909090909090908</xmin>
        <ymin>53.333333333333336</ymin>
        <xmax>37.45454545454546</xmax>
        <ymax>86.78787878787878</ymax>
    </bndbox>
</object>
</annotation>
