<annotation verified="yes">
    <folder>Annotation</folder>
    <filename>454.jpg</filename>
    <path>train-2-PascalVOC-export/Annotations/454.jpg</path>
    <source>
        <database>Unknown</database>
    </source>
    <size>
        <width>224</width>
        <height>224</height>
        <depth>3</depth>
    </size>
    <segmented>0</segmented>
    <object>
    <name>5</name>
    <pose>Unspecified</pose>
    <truncated>0</truncated>
    <difficult>0</difficult>
    <bndbox>
        <xmin>185.33333333333334</xmin>
        <ymin>33.93939393939394</ymin>
        <xmax>224</xmax>
        <ymax>63.515151515151516</ymax>
    </bndbox>
</object><object>
    <name>7</name>
    <pose>Unspecified</pose>
    <truncated>0</truncated>
    <difficult>0</difficult>
    <bndbox>
        <xmin>79.63636363636364</xmin>
        <ymin>46.303030303030305</ymin>
        <xmax>122.06060606060606</xmax>
        <ymax>81.21212121212122</ymax>
    </bndbox>
</object><object>
    <name>8</name>
    <pose>Unspecified</pose>
    <truncated>0</truncated>
    <difficult>0</difficult>
    <bndbox>
        <xmin>0.8484848484848485</xmin>
        <ymin>55.03030303030303</ymin>
        <xmax>43.03030303030303</xmax>
        <ymax>88.24242424242425</ymax>
    </bndbox>
</object>
</annotation>
