<annotation verified="yes">
    <folder>Annotation</folder>
    <filename>455.jpg</filename>
    <path>train-2-PascalVOC-export/Annotations/455.jpg</path>
    <source>
        <database>Unknown</database>
    </source>
    <size>
        <width>224</width>
        <height>224</height>
        <depth>3</depth>
    </size>
    <segmented>0</segmented>
    <object>
    <name>7</name>
    <pose>Unspecified</pose>
    <truncated>0</truncated>
    <difficult>0</difficult>
    <bndbox>
        <xmin>90.54545454545455</xmin>
        <ymin>81.45454545454545</ymin>
        <xmax>137.57575757575756</xmax>
        <ymax>121.21212121212122</ymax>
    </bndbox>
</object><object>
    <name>8</name>
    <pose>Unspecified</pose>
    <truncated>0</truncated>
    <difficult>0</difficult>
    <bndbox>
        <xmin>0.36363636363636365</xmin>
        <ymin>83.87878787878788</ymin>
        <xmax>50.54545454545455</xmax>
        <ymax>123.63636363636363</ymax>
    </bndbox>
</object>
</annotation>
