<annotation verified="yes">
    <folder>Annotation</folder>
    <filename>456.jpg</filename>
    <path>train-2-PascalVOC-export/Annotations/456.jpg</path>
    <source>
        <database>Unknown</database>
    </source>
    <size>
        <width>224</width>
        <height>224</height>
        <depth>3</depth>
    </size>
    <segmented>0</segmented>
    <object>
    <name>7</name>
    <pose>Unspecified</pose>
    <truncated>0</truncated>
    <difficult>0</difficult>
    <bndbox>
        <xmin>78.9090909090909</xmin>
        <ymin>88.72727272727273</ymin>
        <xmax>131.27272727272728</xmax>
        <ymax>140.60606060606062</ymax>
    </bndbox>
</object><object>
    <name>8</name>
    <pose>Unspecified</pose>
    <truncated>0</truncated>
    <difficult>0</difficult>
    <bndbox>
        <xmin>0.36363636363636365</xmin>
        <ymin>94.7878787878788</ymin>
        <xmax>32.84848484848485</xmax>
        <ymax>144.24242424242425</ymax>
    </bndbox>
</object>
</annotation>
