<annotation verified="yes">
    <folder>Annotation</folder>
    <filename>457.jpg</filename>
    <path>train-2-PascalVOC-export/Annotations/457.jpg</path>
    <source>
        <database>Unknown</database>
    </source>
    <size>
        <width>224</width>
        <height>224</height>
        <depth>3</depth>
    </size>
    <segmented>0</segmented>
    <object>
    <name>7</name>
    <pose>Unspecified</pose>
    <truncated>0</truncated>
    <difficult>0</difficult>
    <bndbox>
        <xmin>60.24242424242424</xmin>
        <ymin>95.03030303030303</ymin>
        <xmax>125.93939393939394</xmax>
        <ymax>158.06060606060606</ymax>
    </bndbox>
</object>
</annotation>
