<annotation verified="yes">
    <folder>Annotation</folder>
    <filename>458.jpg</filename>
    <path>train-2-PascalVOC-export/Annotations/458.jpg</path>
    <source>
        <database>Unknown</database>
    </source>
    <size>
        <width>224</width>
        <height>224</height>
        <depth>3</depth>
    </size>
    <segmented>0</segmented>
    <object>
    <name>7</name>
    <pose>Unspecified</pose>
    <truncated>0</truncated>
    <difficult>0</difficult>
    <bndbox>
        <xmin>58.06060606060606</xmin>
        <ymin>129.45454545454547</ymin>
        <xmax>129.33333333333337</xmax>
        <ymax>203.3939393939394</ymax>
    </bndbox>
</object>
</annotation>
