<annotation verified="yes">
    <folder>Annotation</folder>
    <filename>459.jpg</filename>
    <path>train-2-PascalVOC-export/Annotations/459.jpg</path>
    <source>
        <database>Unknown</database>
    </source>
    <size>
        <width>224</width>
        <height>224</height>
        <depth>3</depth>
    </size>
    <segmented>0</segmented>
    <object>
    <name>7</name>
    <pose>Unspecified</pose>
    <truncated>0</truncated>
    <difficult>0</difficult>
    <bndbox>
        <xmin>59.515151515151516</xmin>
        <ymin>112.72727272727273</ymin>
        <xmax>131.27272727272728</xmax>
        <ymax>190.3030303030303</ymax>
    </bndbox>
</object>
</annotation>
