<annotation verified="yes">
    <folder>Annotation</folder>
    <filename>46.jpg</filename>
    <path>train-2-PascalVOC-export/Annotations/46.jpg</path>
    <source>
        <database>Unknown</database>
    </source>
    <size>
        <width>224</width>
        <height>224</height>
        <depth>3</depth>
    </size>
    <segmented>0</segmented>
    <object>
    <name>4</name>
    <pose>Unspecified</pose>
    <truncated>0</truncated>
    <difficult>0</difficult>
    <bndbox>
        <xmin>177.0909090909091</xmin>
        <ymin>58.909090909090914</ymin>
        <xmax>224</xmax>
        <ymax>131.63636363636365</ymax>
    </bndbox>
</object><object>
    <name>3</name>
    <pose>Unspecified</pose>
    <truncated>0</truncated>
    <difficult>0</difficult>
    <bndbox>
        <xmin>52</xmin>
        <ymin>111.75757575757576</ymin>
        <xmax>145.0909090909091</xmax>
        <ymax>196.84848484848487</ymax>
    </bndbox>
</object>
</annotation>
