<annotation verified="yes">
    <folder>Annotation</folder>
    <filename>460.jpg</filename>
    <path>train-2-PascalVOC-export/Annotations/460.jpg</path>
    <source>
        <database>Unknown</database>
    </source>
    <size>
        <width>224</width>
        <height>224</height>
        <depth>3</depth>
    </size>
    <segmented>0</segmented>
    <object>
    <name>7</name>
    <pose>Unspecified</pose>
    <truncated>0</truncated>
    <difficult>0</difficult>
    <bndbox>
        <xmin>51.03030303030303</xmin>
        <ymin>143.27272727272728</ymin>
        <xmax>122.06060606060606</xmax>
        <ymax>224</ymax>
    </bndbox>
</object>
</annotation>
