<annotation verified="yes">
    <folder>Annotation</folder>
    <filename>461.jpg</filename>
    <path>train-2-PascalVOC-export/Annotations/461.jpg</path>
    <source>
        <database>Unknown</database>
    </source>
    <size>
        <width>224</width>
        <height>224</height>
        <depth>3</depth>
    </size>
    <segmented>0</segmented>
    <object>
    <name>7</name>
    <pose>Unspecified</pose>
    <truncated>0</truncated>
    <difficult>0</difficult>
    <bndbox>
        <xmin>50.06060606060606</xmin>
        <ymin>148.12121212121212</ymin>
        <xmax>124.72727272727273</xmax>
        <ymax>224</ymax>
    </bndbox>
</object>
</annotation>
