<annotation verified="yes">
    <folder>Annotation</folder>
    <filename>462.jpg</filename>
    <path>train-2-PascalVOC-export/Annotations/462.jpg</path>
    <source>
        <database>Unknown</database>
    </source>
    <size>
        <width>224</width>
        <height>224</height>
        <depth>3</depth>
    </size>
    <segmented>0</segmented>
    <object>
    <name>7</name>
    <pose>Unspecified</pose>
    <truncated>0</truncated>
    <difficult>0</difficult>
    <bndbox>
        <xmin>38.909090909090914</xmin>
        <ymin>136.96969696969697</ymin>
        <xmax>119.3939393939394</xmax>
        <ymax>224</ymax>
    </bndbox>
</object>
</annotation>
