<annotation verified="yes">
    <folder>Annotation</folder>
    <filename>463.jpg</filename>
    <path>train-2-PascalVOC-export/Annotations/463.jpg</path>
    <source>
        <database>Unknown</database>
    </source>
    <size>
        <width>224</width>
        <height>224</height>
        <depth>3</depth>
    </size>
    <segmented>0</segmented>
    <object>
    <name>7</name>
    <pose>Unspecified</pose>
    <truncated>0</truncated>
    <difficult>0</difficult>
    <bndbox>
        <xmin>52.72727272727273</xmin>
        <ymin>150.3030303030303</ymin>
        <xmax>134.9090909090909</xmax>
        <ymax>224</ymax>
    </bndbox>
</object>
</annotation>
