<annotation verified="yes">
    <folder>Annotation</folder>
    <filename>465.jpg</filename>
    <path>train-2-PascalVOC-export/Annotations/465.jpg</path>
    <source>
        <database>Unknown</database>
    </source>
    <size>
        <width>224</width>
        <height>224</height>
        <depth>3</depth>
    </size>
    <segmented>0</segmented>
    <object>
    <name>4</name>
    <pose>Unspecified</pose>
    <truncated>0</truncated>
    <difficult>0</difficult>
    <bndbox>
        <xmin>49.09090909090909</xmin>
        <ymin>7.515151515151516</ymin>
        <xmax>163.27272727272728</xmax>
        <ymax>169.6969696969697</ymax>
    </bndbox>
</object>
</annotation>
