<annotation verified="yes">
    <folder>Annotation</folder>
    <filename>466.jpg</filename>
    <path>train-2-PascalVOC-export/Annotations/466.jpg</path>
    <source>
        <database>Unknown</database>
    </source>
    <size>
        <width>224</width>
        <height>224</height>
        <depth>3</depth>
    </size>
    <segmented>0</segmented>
    <object>
    <name>4</name>
    <pose>Unspecified</pose>
    <truncated>0</truncated>
    <difficult>0</difficult>
    <bndbox>
        <xmin>61.696969696969695</xmin>
        <ymin>16.242424242424242</ymin>
        <xmax>175.3939393939394</xmax>
        <ymax>178.42424242424244</ymax>
    </bndbox>
</object>
</annotation>
