<annotation verified="yes">
    <folder>Annotation</folder>
    <filename>467.jpg</filename>
    <path>train-2-PascalVOC-export/Annotations/467.jpg</path>
    <source>
        <database>Unknown</database>
    </source>
    <size>
        <width>224</width>
        <height>224</height>
        <depth>3</depth>
    </size>
    <segmented>0</segmented>
    <object>
    <name>4</name>
    <pose>Unspecified</pose>
    <truncated>0</truncated>
    <difficult>0</difficult>
    <bndbox>
        <xmin>58.54545454545455</xmin>
        <ymin>2.4242424242424243</ymin>
        <xmax>171.75757575757575</xmax>
        <ymax>161.69696969696972</ymax>
    </bndbox>
</object>
</annotation>
