<annotation verified="yes">
    <folder>Annotation</folder>
    <filename>468.jpg</filename>
    <path>train-2-PascalVOC-export/Annotations/468.jpg</path>
    <source>
        <database>Unknown</database>
    </source>
    <size>
        <width>224</width>
        <height>224</height>
        <depth>3</depth>
    </size>
    <segmented>0</segmented>
    <object>
    <name>4</name>
    <pose>Unspecified</pose>
    <truncated>0</truncated>
    <difficult>0</difficult>
    <bndbox>
        <xmin>65.0909090909091</xmin>
        <ymin>0.24242424242424243</ymin>
        <xmax>180.24242424242425</xmax>
        <ymax>143.75757575757578</ymax>
    </bndbox>
</object>
</annotation>
