<annotation verified="yes">
    <folder>Annotation</folder>
    <filename>469.jpg</filename>
    <path>train-2-PascalVOC-export/Annotations/469.jpg</path>
    <source>
        <database>Unknown</database>
    </source>
    <size>
        <width>224</width>
        <height>224</height>
        <depth>3</depth>
    </size>
    <segmented>0</segmented>
    <object>
    <name>4</name>
    <pose>Unspecified</pose>
    <truncated>0</truncated>
    <difficult>0</difficult>
    <bndbox>
        <xmin>71.87878787878788</xmin>
        <ymin>0.7272727272727273</ymin>
        <xmax>190.42424242424244</xmax>
        <ymax>155.63636363636363</ymax>
    </bndbox>
</object>
</annotation>
