<annotation verified="yes">
    <folder>Annotation</folder>
    <filename>47.jpg</filename>
    <path>train-2-PascalVOC-export/Annotations/47.jpg</path>
    <source>
        <database>Unknown</database>
    </source>
    <size>
        <width>224</width>
        <height>224</height>
        <depth>3</depth>
    </size>
    <segmented>0</segmented>
    <object>
    <name>4</name>
    <pose>Unspecified</pose>
    <truncated>0</truncated>
    <difficult>0</difficult>
    <bndbox>
        <xmin>183.63636363636365</xmin>
        <ymin>69.57575757575758</ymin>
        <xmax>224.00000000000003</xmax>
        <ymax>140.36363636363637</ymax>
    </bndbox>
</object><object>
    <name>3</name>
    <pose>Unspecified</pose>
    <truncated>0</truncated>
    <difficult>0</difficult>
    <bndbox>
        <xmin>59.03030303030303</xmin>
        <ymin>122.9090909090909</ymin>
        <xmax>149.21212121212122</xmax>
        <ymax>204.84848484848484</ymax>
    </bndbox>
</object>
</annotation>
