<annotation verified="yes">
    <folder>Annotation</folder>
    <filename>470.jpg</filename>
    <path>train-2-PascalVOC-export/Annotations/470.jpg</path>
    <source>
        <database>Unknown</database>
    </source>
    <size>
        <width>224</width>
        <height>224</height>
        <depth>3</depth>
    </size>
    <segmented>0</segmented>
    <object>
    <name>4</name>
    <pose>Unspecified</pose>
    <truncated>0</truncated>
    <difficult>0</difficult>
    <bndbox>
        <xmin>78.18181818181819</xmin>
        <ymin>32.96969696969697</ymin>
        <xmax>187.75757575757575</xmax>
        <ymax>162.66666666666666</ymax>
    </bndbox>
</object>
</annotation>
