<annotation verified="yes">
    <folder>Annotation</folder>
    <filename>471.jpg</filename>
    <path>train-2-PascalVOC-export/Annotations/471.jpg</path>
    <source>
        <database>Unknown</database>
    </source>
    <size>
        <width>224</width>
        <height>224</height>
        <depth>3</depth>
    </size>
    <segmented>0</segmented>
    <object>
    <name>4</name>
    <pose>Unspecified</pose>
    <truncated>0</truncated>
    <difficult>0</difficult>
    <bndbox>
        <xmin>75.27272727272728</xmin>
        <ymin>36.60606060606061</ymin>
        <xmax>175.87878787878788</xmax>
        <ymax>168.24242424242425</ymax>
    </bndbox>
</object>
</annotation>
