<annotation verified="yes">
    <folder>Annotation</folder>
    <filename>472.jpg</filename>
    <path>train-2-PascalVOC-export/Annotations/472.jpg</path>
    <source>
        <database>Unknown</database>
    </source>
    <size>
        <width>224</width>
        <height>224</height>
        <depth>3</depth>
    </size>
    <segmented>0</segmented>
    <object>
    <name>4</name>
    <pose>Unspecified</pose>
    <truncated>0</truncated>
    <difficult>0</difficult>
    <bndbox>
        <xmin>46.909090909090914</xmin>
        <ymin>0.24242424242424243</ymin>
        <xmax>187.27272727272728</xmax>
        <ymax>186.90909090909093</ymax>
    </bndbox>
</object>
</annotation>
