<annotation verified="yes">
    <folder>Annotation</folder>
    <filename>473.jpg</filename>
    <path>train-2-PascalVOC-export/Annotations/473.jpg</path>
    <source>
        <database>Unknown</database>
    </source>
    <size>
        <width>224</width>
        <height>224</height>
        <depth>3</depth>
    </size>
    <segmented>0</segmented>
    <object>
    <name>4</name>
    <pose>Unspecified</pose>
    <truncated>0</truncated>
    <difficult>0</difficult>
    <bndbox>
        <xmin>60.72727272727273</xmin>
        <ymin>0.48484848484848486</ymin>
        <xmax>192.84848484848484</xmax>
        <ymax>193.21212121212122</ymax>
    </bndbox>
</object>
</annotation>
