<annotation verified="yes">
    <folder>Annotation</folder>
    <filename>474.jpg</filename>
    <path>train-2-PascalVOC-export/Annotations/474.jpg</path>
    <source>
        <database>Unknown</database>
    </source>
    <size>
        <width>224</width>
        <height>224</height>
        <depth>3</depth>
    </size>
    <segmented>0</segmented>
    <object>
    <name>4</name>
    <pose>Unspecified</pose>
    <truncated>0</truncated>
    <difficult>0</difficult>
    <bndbox>
        <xmin>52.484848484848484</xmin>
        <ymin>32.484848484848484</ymin>
        <xmax>188.969696969697</xmax>
        <ymax>224</ymax>
    </bndbox>
</object>
</annotation>
