<annotation verified="yes">
    <folder>Annotation</folder>
    <filename>475.jpg</filename>
    <path>train-2-PascalVOC-export/Annotations/475.jpg</path>
    <source>
        <database>Unknown</database>
    </source>
    <size>
        <width>224</width>
        <height>224</height>
        <depth>3</depth>
    </size>
    <segmented>0</segmented>
    <object>
    <name>4</name>
    <pose>Unspecified</pose>
    <truncated>0</truncated>
    <difficult>0</difficult>
    <bndbox>
        <xmin>80.48484848484848</xmin>
        <ymin>0.7272727272727273</ymin>
        <xmax>224</xmax>
        <ymax>199.5151515151515</ymax>
    </bndbox>
</object>
</annotation>
