<annotation verified="yes">
    <folder>Annotation</folder>
    <filename>477.jpg</filename>
    <path>train-2-PascalVOC-export/Annotations/477.jpg</path>
    <source>
        <database>Unknown</database>
    </source>
    <size>
        <width>224</width>
        <height>224</height>
        <depth>3</depth>
    </size>
    <segmented>0</segmented>
    <object>
    <name>4</name>
    <pose>Unspecified</pose>
    <truncated>0</truncated>
    <difficult>0</difficult>
    <bndbox>
        <xmin>119.15151515151516</xmin>
        <ymin>1.2121212121212122</ymin>
        <xmax>224</xmax>
        <ymax>163.3939393939394</ymax>
    </bndbox>
</object>
</annotation>
