<annotation verified="yes">
    <folder>Annotation</folder>
    <filename>478.jpg</filename>
    <path>train-2-PascalVOC-export/Annotations/478.jpg</path>
    <source>
        <database>Unknown</database>
    </source>
    <size>
        <width>224</width>
        <height>224</height>
        <depth>3</depth>
    </size>
    <segmented>0</segmented>
    <object>
    <name>4</name>
    <pose>Unspecified</pose>
    <truncated>0</truncated>
    <difficult>0</difficult>
    <bndbox>
        <xmin>116</xmin>
        <ymin>1.9393939393939394</ymin>
        <xmax>224</xmax>
        <ymax>174.3030303030303</ymax>
    </bndbox>
</object>
</annotation>
