<annotation verified="yes">
    <folder>Annotation</folder>
    <filename>479.jpg</filename>
    <path>train-2-PascalVOC-export/Annotations/479.jpg</path>
    <source>
        <database>Unknown</database>
    </source>
    <size>
        <width>224</width>
        <height>224</height>
        <depth>3</depth>
    </size>
    <segmented>0</segmented>
    <object>
    <name>4</name>
    <pose>Unspecified</pose>
    <truncated>0</truncated>
    <difficult>0</difficult>
    <bndbox>
        <xmin>40.36363636363637</xmin>
        <ymin>3.6363636363636367</ymin>
        <xmax>211.03030303030306</xmax>
        <ymax>224</ymax>
    </bndbox>
</object>
</annotation>
