<annotation verified="yes">
    <folder>Annotation</folder>
    <filename>48.jpg</filename>
    <path>train-2-PascalVOC-export/Annotations/48.jpg</path>
    <source>
        <database>Unknown</database>
    </source>
    <size>
        <width>224</width>
        <height>224</height>
        <depth>3</depth>
    </size>
    <segmented>0</segmented>
    <object>
    <name>4</name>
    <pose>Unspecified</pose>
    <truncated>0</truncated>
    <difficult>0</difficult>
    <bndbox>
        <xmin>177.0909090909091</xmin>
        <ymin>56</ymin>
        <xmax>224</xmax>
        <ymax>137.93939393939394</ymax>
    </bndbox>
</object><object>
    <name>3</name>
    <pose>Unspecified</pose>
    <truncated>0</truncated>
    <difficult>0</difficult>
    <bndbox>
        <xmin>41.57575757575758</xmin>
        <ymin>109.33333333333336</ymin>
        <xmax>155.03030303030303</xmax>
        <ymax>199.75757575757575</ymax>
    </bndbox>
</object>
</annotation>
