<annotation verified="yes">
    <folder>Annotation</folder>
    <filename>480.jpg</filename>
    <path>train-2-PascalVOC-export/Annotations/480.jpg</path>
    <source>
        <database>Unknown</database>
    </source>
    <size>
        <width>224</width>
        <height>224</height>
        <depth>3</depth>
    </size>
    <segmented>0</segmented>
    <object>
    <name>4</name>
    <pose>Unspecified</pose>
    <truncated>0</truncated>
    <difficult>0</difficult>
    <bndbox>
        <xmin>63.3939393939394</xmin>
        <ymin>13.575757575757576</ymin>
        <xmax>204.4848484848485</xmax>
        <ymax>202.9090909090909</ymax>
    </bndbox>
</object>
</annotation>
