<annotation verified="yes">
    <folder>Annotation</folder>
    <filename>481.jpg</filename>
    <path>train-2-PascalVOC-export/Annotations/481.jpg</path>
    <source>
        <database>Unknown</database>
    </source>
    <size>
        <width>224</width>
        <height>224</height>
        <depth>3</depth>
    </size>
    <segmented>0</segmented>
    <object>
    <name>4</name>
    <pose>Unspecified</pose>
    <truncated>0</truncated>
    <difficult>0</difficult>
    <bndbox>
        <xmin>66.30303030303031</xmin>
        <ymin>17.21212121212121</ymin>
        <xmax>209.33333333333334</xmax>
        <ymax>193.93939393939394</ymax>
    </bndbox>
</object>
</annotation>
