<annotation verified="yes">
    <folder>Annotation</folder>
    <filename>482.jpg</filename>
    <path>train-2-PascalVOC-export/Annotations/482.jpg</path>
    <source>
        <database>Unknown</database>
    </source>
    <size>
        <width>224</width>
        <height>224</height>
        <depth>3</depth>
    </size>
    <segmented>0</segmented>
    <object>
    <name>4</name>
    <pose>Unspecified</pose>
    <truncated>0</truncated>
    <difficult>0</difficult>
    <bndbox>
        <xmin>80.24242424242425</xmin>
        <ymin>0</ymin>
        <xmax>213.45454545454547</xmax>
        <ymax>190.06060606060606</ymax>
    </bndbox>
</object>
</annotation>
