<annotation verified="yes">
    <folder>Annotation</folder>
    <filename>483.jpg</filename>
    <path>train-2-PascalVOC-export/Annotations/483.jpg</path>
    <source>
        <database>Unknown</database>
    </source>
    <size>
        <width>224</width>
        <height>224</height>
        <depth>3</depth>
    </size>
    <segmented>0</segmented>
    <object>
    <name>4</name>
    <pose>Unspecified</pose>
    <truncated>0</truncated>
    <difficult>0</difficult>
    <bndbox>
        <xmin>83.27272727272728</xmin>
        <ymin>3.878787878787879</ymin>
        <xmax>224</xmax>
        <ymax>166.78787878787878</ymax>
    </bndbox>
</object>
</annotation>
