<annotation verified="yes">
    <folder>Annotation</folder>
    <filename>484.jpg</filename>
    <path>train-2-PascalVOC-export/Annotations/484.jpg</path>
    <source>
        <database>Unknown</database>
    </source>
    <size>
        <width>224</width>
        <height>224</height>
        <depth>3</depth>
    </size>
    <segmented>0</segmented>
    <object>
    <name>4</name>
    <pose>Unspecified</pose>
    <truncated>0</truncated>
    <difficult>0</difficult>
    <bndbox>
        <xmin>90.06060606060606</xmin>
        <ymin>1.2121212121212122</ymin>
        <xmax>223.87878787878788</xmax>
        <ymax>180.12121212121212</ymax>
    </bndbox>
</object>
</annotation>
