<annotation verified="yes">
    <folder>Annotation</folder>
    <filename>486.jpg</filename>
    <path>train-2-PascalVOC-export/Annotations/486.jpg</path>
    <source>
        <database>Unknown</database>
    </source>
    <size>
        <width>224</width>
        <height>224</height>
        <depth>3</depth>
    </size>
    <segmented>0</segmented>
    <object>
    <name>4</name>
    <pose>Unspecified</pose>
    <truncated>0</truncated>
    <difficult>0</difficult>
    <bndbox>
        <xmin>77.33333333333333</xmin>
        <ymin>0</ymin>
        <xmax>212.969696969697</xmax>
        <ymax>168.72727272727272</ymax>
    </bndbox>
</object>
</annotation>
