<annotation verified="yes">
    <folder>Annotation</folder>
    <filename>487.jpg</filename>
    <path>train-2-PascalVOC-export/Annotations/487.jpg</path>
    <source>
        <database>Unknown</database>
    </source>
    <size>
        <width>224</width>
        <height>224</height>
        <depth>3</depth>
    </size>
    <segmented>0</segmented>
    <object>
    <name>4</name>
    <pose>Unspecified</pose>
    <truncated>0</truncated>
    <difficult>0</difficult>
    <bndbox>
        <xmin>78.66666666666667</xmin>
        <ymin>0</ymin>
        <xmax>212.24242424242425</xmax>
        <ymax>159.51515151515153</ymax>
    </bndbox>
</object>
</annotation>
