<annotation verified="yes">
    <folder>Annotation</folder>
    <filename>488.jpg</filename>
    <path>train-2-PascalVOC-export/Annotations/488.jpg</path>
    <source>
        <database>Unknown</database>
    </source>
    <size>
        <width>224</width>
        <height>224</height>
        <depth>3</depth>
    </size>
    <segmented>0</segmented>
    <object>
    <name>4</name>
    <pose>Unspecified</pose>
    <truncated>0</truncated>
    <difficult>0</difficult>
    <bndbox>
        <xmin>74.7878787878788</xmin>
        <ymin>1.696969696969697</ymin>
        <xmax>212.72727272727275</xmax>
        <ymax>155.87878787878788</ymax>
    </bndbox>
</object>
</annotation>
