<annotation verified="yes">
    <folder>Annotation</folder>
    <filename>49.jpg</filename>
    <path>train-2-PascalVOC-export/Annotations/49.jpg</path>
    <source>
        <database>Unknown</database>
    </source>
    <size>
        <width>224</width>
        <height>224</height>
        <depth>3</depth>
    </size>
    <segmented>0</segmented>
    <object>
    <name>4</name>
    <pose>Unspecified</pose>
    <truncated>0</truncated>
    <difficult>0</difficult>
    <bndbox>
        <xmin>173.93939393939394</xmin>
        <ymin>67.87878787878788</ymin>
        <xmax>224</xmax>
        <ymax>143.75757575757575</ymax>
    </bndbox>
</object><object>
    <name>3</name>
    <pose>Unspecified</pose>
    <truncated>0</truncated>
    <difficult>0</difficult>
    <bndbox>
        <xmin>51.27272727272727</xmin>
        <ymin>121.21212121212122</ymin>
        <xmax>155.75757575757575</xmax>
        <ymax>210.1818181818182</ymax>
    </bndbox>
</object>
</annotation>
