<annotation verified="yes">
    <folder>Annotation</folder>
    <filename>491.jpg</filename>
    <path>train-2-PascalVOC-export/Annotations/491.jpg</path>
    <source>
        <database>Unknown</database>
    </source>
    <size>
        <width>224</width>
        <height>224</height>
        <depth>3</depth>
    </size>
    <segmented>0</segmented>
    <object>
    <name>1</name>
    <pose>Unspecified</pose>
    <truncated>0</truncated>
    <difficult>0</difficult>
    <bndbox>
        <xmin>107.03030303030303</xmin>
        <ymin>1.2121212121212122</ymin>
        <xmax>224</xmax>
        <ymax>216.72727272727275</ymax>
    </bndbox>
</object>
</annotation>
