<annotation verified="yes">
    <folder>Annotation</folder>
    <filename>492.jpg</filename>
    <path>train-2-PascalVOC-export/Annotations/492.jpg</path>
    <source>
        <database>Unknown</database>
    </source>
    <size>
        <width>224</width>
        <height>224</height>
        <depth>3</depth>
    </size>
    <segmented>0</segmented>
    <object>
    <name>1</name>
    <pose>Unspecified</pose>
    <truncated>0</truncated>
    <difficult>0</difficult>
    <bndbox>
        <xmin>111.87878787878788</xmin>
        <ymin>0.9696969696969697</ymin>
        <xmax>224</xmax>
        <ymax>183.75757575757575</ymax>
    </bndbox>
</object>
</annotation>
