<annotation verified="yes">
    <folder>Annotation</folder>
    <filename>493.jpg</filename>
    <path>train-2-PascalVOC-export/Annotations/493.jpg</path>
    <source>
        <database>Unknown</database>
    </source>
    <size>
        <width>224</width>
        <height>224</height>
        <depth>3</depth>
    </size>
    <segmented>0</segmented>
    <object>
    <name>1</name>
    <pose>Unspecified</pose>
    <truncated>0</truncated>
    <difficult>0</difficult>
    <bndbox>
        <xmin>111.15151515151516</xmin>
        <ymin>0</ymin>
        <xmax>210.3030303030303</xmax>
        <ymax>180.84848484848484</ymax>
    </bndbox>
</object>
</annotation>
