<annotation verified="yes">
    <folder>Annotation</folder>
    <filename>494.jpg</filename>
    <path>train-2-PascalVOC-export/Annotations/494.jpg</path>
    <source>
        <database>Unknown</database>
    </source>
    <size>
        <width>224</width>
        <height>224</height>
        <depth>3</depth>
    </size>
    <segmented>0</segmented>
    <object>
    <name>1</name>
    <pose>Unspecified</pose>
    <truncated>0</truncated>
    <difficult>0</difficult>
    <bndbox>
        <xmin>58.303030303030305</xmin>
        <ymin>0.24242424242424243</ymin>
        <xmax>146.06060606060606</xmax>
        <ymax>177.21212121212122</ymax>
    </bndbox>
</object>
</annotation>
