<annotation verified="yes">
    <folder>Annotation</folder>
    <filename>495.jpg</filename>
    <path>train-2-PascalVOC-export/Annotations/495.jpg</path>
    <source>
        <database>Unknown</database>
    </source>
    <size>
        <width>224</width>
        <height>224</height>
        <depth>3</depth>
    </size>
    <segmented>0</segmented>
    <object>
    <name>1</name>
    <pose>Unspecified</pose>
    <truncated>0</truncated>
    <difficult>0</difficult>
    <bndbox>
        <xmin>75.27272727272728</xmin>
        <ymin>7.272727272727273</ymin>
        <xmax>163.51515151515153</xmax>
        <ymax>188.60606060606062</ymax>
    </bndbox>
</object>
</annotation>
