<annotation verified="yes">
    <folder>Annotation</folder>
    <filename>496.jpg</filename>
    <path>train-2-PascalVOC-export/Annotations/496.jpg</path>
    <source>
        <database>Unknown</database>
    </source>
    <size>
        <width>224</width>
        <height>224</height>
        <depth>3</depth>
    </size>
    <segmented>0</segmented>
    <object>
    <name>1</name>
    <pose>Unspecified</pose>
    <truncated>0</truncated>
    <difficult>0</difficult>
    <bndbox>
        <xmin>98.7878787878788</xmin>
        <ymin>2.909090909090909</ymin>
        <xmax>190.90909090909093</xmax>
        <ymax>179.3939393939394</ymax>
    </bndbox>
</object>
</annotation>
