<annotation verified="yes">
    <folder>Annotation</folder>
    <filename>497.jpg</filename>
    <path>train-2-PascalVOC-export/Annotations/497.jpg</path>
    <source>
        <database>Unknown</database>
    </source>
    <size>
        <width>224</width>
        <height>224</height>
        <depth>3</depth>
    </size>
    <segmented>0</segmented>
    <object>
    <name>1</name>
    <pose>Unspecified</pose>
    <truncated>0</truncated>
    <difficult>0</difficult>
    <bndbox>
        <xmin>124</xmin>
        <ymin>5.575757575757576</ymin>
        <xmax>204</xmax>
        <ymax>189.57575757575756</ymax>
    </bndbox>
</object>
</annotation>
