<annotation verified="yes">
    <folder>Annotation</folder>
    <filename>498.jpg</filename>
    <path>train-2-PascalVOC-export/Annotations/498.jpg</path>
    <source>
        <database>Unknown</database>
    </source>
    <size>
        <width>224</width>
        <height>224</height>
        <depth>3</depth>
    </size>
    <segmented>0</segmented>
    <object>
    <name>1</name>
    <pose>Unspecified</pose>
    <truncated>0</truncated>
    <difficult>0</difficult>
    <bndbox>
        <xmin>116.24242424242425</xmin>
        <ymin>2.1818181818181817</ymin>
        <xmax>185.57575757575756</xmax>
        <ymax>178.9090909090909</ymax>
    </bndbox>
</object>
</annotation>
