<annotation verified="yes">
    <folder>Annotation</folder>
    <filename>499.jpg</filename>
    <path>train-2-PascalVOC-export/Annotations/499.jpg</path>
    <source>
        <database>Unknown</database>
    </source>
    <size>
        <width>224</width>
        <height>224</height>
        <depth>3</depth>
    </size>
    <segmented>0</segmented>
    <object>
    <name>1</name>
    <pose>Unspecified</pose>
    <truncated>0</truncated>
    <difficult>0</difficult>
    <bndbox>
        <xmin>109.6969696969697</xmin>
        <ymin>0.24242424242424243</ymin>
        <xmax>194.7878787878788</xmax>
        <ymax>163.15151515151516</ymax>
    </bndbox>
</object>
</annotation>
