<annotation verified="yes">
    <folder>Annotation</folder>
    <filename>5.jpg</filename>
    <path>train-2-PascalVOC-export/Annotations/5.jpg</path>
    <source>
        <database>Unknown</database>
    </source>
    <size>
        <width>224</width>
        <height>224</height>
        <depth>3</depth>
    </size>
    <segmented>0</segmented>
    <object>
    <name>2</name>
    <pose>Unspecified</pose>
    <truncated>0</truncated>
    <difficult>0</difficult>
    <bndbox>
        <xmin>185.93939393939394</xmin>
        <ymin>48.24242424242424</ymin>
        <xmax>224</xmax>
        <ymax>104.96969696969697</ymax>
    </bndbox>
</object><object>
    <name>1</name>
    <pose>Unspecified</pose>
    <truncated>0</truncated>
    <difficult>0</difficult>
    <bndbox>
        <xmin>103.87878787878788</xmin>
        <ymin>41.45454545454545</ymin>
        <xmax>145.33333333333331</xmax>
        <ymax>95.27272727272728</ymax>
    </bndbox>
</object>
</annotation>
