<annotation verified="yes">
    <folder>Annotation</folder>
    <filename>50.jpg</filename>
    <path>train-2-PascalVOC-export/Annotations/50.jpg</path>
    <source>
        <database>Unknown</database>
    </source>
    <size>
        <width>224</width>
        <height>224</height>
        <depth>3</depth>
    </size>
    <segmented>0</segmented>
    <object>
    <name>4</name>
    <pose>Unspecified</pose>
    <truncated>0</truncated>
    <difficult>0</difficult>
    <bndbox>
        <xmin>179.51515151515153</xmin>
        <ymin>53.81818181818182</ymin>
        <xmax>224</xmax>
        <ymax>127.03030303030303</ymax>
    </bndbox>
</object><object>
    <name>3</name>
    <pose>Unspecified</pose>
    <truncated>0</truncated>
    <difficult>0</difficult>
    <bndbox>
        <xmin>50.78787878787879</xmin>
        <ymin>104.96969696969697</ymin>
        <xmax>154.78787878787878</xmax>
        <ymax>199.75757575757575</ymax>
    </bndbox>
</object>
</annotation>
