<annotation verified="yes">
    <folder>Annotation</folder>
    <filename>500.jpg</filename>
    <path>train-2-PascalVOC-export/Annotations/500.jpg</path>
    <source>
        <database>Unknown</database>
    </source>
    <size>
        <width>224</width>
        <height>224</height>
        <depth>3</depth>
    </size>
    <segmented>0</segmented>
    <object>
    <name>1</name>
    <pose>Unspecified</pose>
    <truncated>0</truncated>
    <difficult>0</difficult>
    <bndbox>
        <xmin>57.93939393939394</xmin>
        <ymin>0</ymin>
        <xmax>157.57575757575756</xmax>
        <ymax>162.42424242424244</ymax>
    </bndbox>
</object>
</annotation>
