<annotation verified="yes">
    <folder>Annotation</folder>
    <filename>501.jpg</filename>
    <path>train-2-PascalVOC-export/Annotations/501.jpg</path>
    <source>
        <database>Unknown</database>
    </source>
    <size>
        <width>224</width>
        <height>224</height>
        <depth>3</depth>
    </size>
    <segmented>0</segmented>
    <object>
    <name>1</name>
    <pose>Unspecified</pose>
    <truncated>0</truncated>
    <difficult>0</difficult>
    <bndbox>
        <xmin>66.7878787878788</xmin>
        <ymin>0.9696969696969697</ymin>
        <xmax>173.93939393939394</xmax>
        <ymax>150.06060606060606</ymax>
    </bndbox>
</object>
</annotation>
