<annotation verified="yes">
    <folder>Annotation</folder>
    <filename>502.jpg</filename>
    <path>train-2-PascalVOC-export/Annotations/502.jpg</path>
    <source>
        <database>Unknown</database>
    </source>
    <size>
        <width>224</width>
        <height>224</height>
        <depth>3</depth>
    </size>
    <segmented>0</segmented>
    <object>
    <name>1</name>
    <pose>Unspecified</pose>
    <truncated>0</truncated>
    <difficult>0</difficult>
    <bndbox>
        <xmin>116.48484848484848</xmin>
        <ymin>1.2121212121212122</ymin>
        <xmax>196.4848484848485</xmax>
        <ymax>168.24242424242425</ymax>
    </bndbox>
</object>
</annotation>
