<annotation verified="yes">
    <folder>Annotation</folder>
    <filename>503.jpg</filename>
    <path>train-2-PascalVOC-export/Annotations/503.jpg</path>
    <source>
        <database>Unknown</database>
    </source>
    <size>
        <width>224</width>
        <height>224</height>
        <depth>3</depth>
    </size>
    <segmented>0</segmented>
    <object>
    <name>1</name>
    <pose>Unspecified</pose>
    <truncated>0</truncated>
    <difficult>0</difficult>
    <bndbox>
        <xmin>119.15151515151516</xmin>
        <ymin>8.484848484848484</ymin>
        <xmax>194.54545454545456</xmax>
        <ymax>189.09090909090912</ymax>
    </bndbox>
</object>
</annotation>
