<annotation verified="yes">
    <folder>Annotation</folder>
    <filename>504.jpg</filename>
    <path>train-2-PascalVOC-export/Annotations/504.jpg</path>
    <source>
        <database>Unknown</database>
    </source>
    <size>
        <width>224</width>
        <height>224</height>
        <depth>3</depth>
    </size>
    <segmented>0</segmented>
    <object>
    <name>1</name>
    <pose>Unspecified</pose>
    <truncated>0</truncated>
    <difficult>0</difficult>
    <bndbox>
        <xmin>98.7878787878788</xmin>
        <ymin>2.666666666666667</ymin>
        <xmax>173.21212121212122</xmax>
        <ymax>174.3030303030303</ymax>
    </bndbox>
</object>
</annotation>
