<annotation verified="yes">
    <folder>Annotation</folder>
    <filename>505.jpg</filename>
    <path>train-2-PascalVOC-export/Annotations/505.jpg</path>
    <source>
        <database>Unknown</database>
    </source>
    <size>
        <width>224</width>
        <height>224</height>
        <depth>3</depth>
    </size>
    <segmented>0</segmented>
    <object>
    <name>1</name>
    <pose>Unspecified</pose>
    <truncated>0</truncated>
    <difficult>0</difficult>
    <bndbox>
        <xmin>98.7878787878788</xmin>
        <ymin>1.4545454545454546</ymin>
        <xmax>168.60606060606062</xmax>
        <ymax>165.5757575757576</ymax>
    </bndbox>
</object>
</annotation>
