<annotation verified="yes">
    <folder>Annotation</folder>
    <filename>506.jpg</filename>
    <path>train-2-PascalVOC-export/Annotations/506.jpg</path>
    <source>
        <database>Unknown</database>
    </source>
    <size>
        <width>224</width>
        <height>224</height>
        <depth>3</depth>
    </size>
    <segmented>0</segmented>
    <object>
    <name>1</name>
    <pose>Unspecified</pose>
    <truncated>0</truncated>
    <difficult>0</difficult>
    <bndbox>
        <xmin>92.48484848484848</xmin>
        <ymin>1.4545454545454546</ymin>
        <xmax>178.3030303030303</xmax>
        <ymax>189.09090909090912</ymax>
    </bndbox>
</object>
</annotation>
