<annotation verified="yes">
    <folder>Annotation</folder>
    <filename>507.jpg</filename>
    <path>train-2-PascalVOC-export/Annotations/507.jpg</path>
    <source>
        <database>Unknown</database>
    </source>
    <size>
        <width>224</width>
        <height>224</height>
        <depth>3</depth>
    </size>
    <segmented>0</segmented>
    <object>
    <name>1</name>
    <pose>Unspecified</pose>
    <truncated>0</truncated>
    <difficult>0</difficult>
    <bndbox>
        <xmin>86.66666666666667</xmin>
        <ymin>1.696969696969697</ymin>
        <xmax>189.45454545454547</xmax>
        <ymax>181.57575757575756</ymax>
    </bndbox>
</object>
</annotation>
