<annotation verified="yes">
    <folder>Annotation</folder>
    <filename>508.jpg</filename>
    <path>train-2-PascalVOC-export/Annotations/508.jpg</path>
    <source>
        <database>Unknown</database>
    </source>
    <size>
        <width>224</width>
        <height>224</height>
        <depth>3</depth>
    </size>
    <segmented>0</segmented>
    <object>
    <name>1</name>
    <pose>Unspecified</pose>
    <truncated>0</truncated>
    <difficult>0</difficult>
    <bndbox>
        <xmin>105.81818181818183</xmin>
        <ymin>2.4242424242424243</ymin>
        <xmax>189.45454545454547</xmax>
        <ymax>178.66666666666669</ymax>
    </bndbox>
</object>
</annotation>
