<annotation verified="yes">
    <folder>Annotation</folder>
    <filename>509.jpg</filename>
    <path>train-2-PascalVOC-export/Annotations/509.jpg</path>
    <source>
        <database>Unknown</database>
    </source>
    <size>
        <width>224</width>
        <height>224</height>
        <depth>3</depth>
    </size>
    <segmented>0</segmented>
    <object>
    <name>1</name>
    <pose>Unspecified</pose>
    <truncated>0</truncated>
    <difficult>0</difficult>
    <bndbox>
        <xmin>101.45454545454545</xmin>
        <ymin>0.7272727272727273</ymin>
        <xmax>185.57575757575756</xmax>
        <ymax>180.6060606060606</ymax>
    </bndbox>
</object>
</annotation>
