<annotation verified="yes">
    <folder>Annotation</folder>
    <filename>51.jpg</filename>
    <path>train-2-PascalVOC-export/Annotations/51.jpg</path>
    <source>
        <database>Unknown</database>
    </source>
    <size>
        <width>224</width>
        <height>224</height>
        <depth>3</depth>
    </size>
    <segmented>0</segmented>
    <object>
    <name>4</name>
    <pose>Unspecified</pose>
    <truncated>0</truncated>
    <difficult>0</difficult>
    <bndbox>
        <xmin>162.54545454545456</xmin>
        <ymin>36.36363636363637</ymin>
        <xmax>214.66666666666669</xmax>
        <ymax>77.81818181818181</ymax>
    </bndbox>
</object><object>
    <name>3</name>
    <pose>Unspecified</pose>
    <truncated>0</truncated>
    <difficult>0</difficult>
    <bndbox>
        <xmin>75.03030303030303</xmin>
        <ymin>61.57575757575758</ymin>
        <xmax>129.8181818181818</xmax>
        <ymax>104.4848484848485</ymax>
    </bndbox>
</object>
</annotation>
