<annotation verified="yes">
    <folder>Annotation</folder>
    <filename>510.jpg</filename>
    <path>train-2-PascalVOC-export/Annotations/510.jpg</path>
    <source>
        <database>Unknown</database>
    </source>
    <size>
        <width>224</width>
        <height>224</height>
        <depth>3</depth>
    </size>
    <segmented>0</segmented>
    <object>
    <name>1</name>
    <pose>Unspecified</pose>
    <truncated>0</truncated>
    <difficult>0</difficult>
    <bndbox>
        <xmin>94.7878787878788</xmin>
        <ymin>0</ymin>
        <xmax>178.66666666666669</xmax>
        <ymax>169.93939393939394</ymax>
    </bndbox>
</object>
</annotation>
