<annotation verified="yes">
    <folder>Annotation</folder>
    <filename>511.jpg</filename>
    <path>train-2-PascalVOC-export/Annotations/511.jpg</path>
    <source>
        <database>Unknown</database>
    </source>
    <size>
        <width>224</width>
        <height>224</height>
        <depth>3</depth>
    </size>
    <segmented>0</segmented>
    <object>
    <name>1</name>
    <pose>Unspecified</pose>
    <truncated>0</truncated>
    <difficult>0</difficult>
    <bndbox>
        <xmin>43.03030303030303</xmin>
        <ymin>0.7272727272727273</ymin>
        <xmax>131.75757575757575</xmax>
        <ymax>172.12121212121212</ymax>
    </bndbox>
</object>
</annotation>
