<annotation verified="yes">
    <folder>Annotation</folder>
    <filename>512.jpg</filename>
    <path>train-2-PascalVOC-export/Annotations/512.jpg</path>
    <source>
        <database>Unknown</database>
    </source>
    <size>
        <width>224</width>
        <height>224</height>
        <depth>3</depth>
    </size>
    <segmented>0</segmented>
    <object>
    <name>1</name>
    <pose>Unspecified</pose>
    <truncated>0</truncated>
    <difficult>0</difficult>
    <bndbox>
        <xmin>62.42424242424243</xmin>
        <ymin>3.1515151515151514</ymin>
        <xmax>146.78787878787878</xmax>
        <ymax>168.96969696969697</ymax>
    </bndbox>
</object>
</annotation>
