<annotation verified="yes">
    <folder>Annotation</folder>
    <filename>513.jpg</filename>
    <path>train-2-PascalVOC-export/Annotations/513.jpg</path>
    <source>
        <database>Unknown</database>
    </source>
    <size>
        <width>224</width>
        <height>224</height>
        <depth>3</depth>
    </size>
    <segmented>0</segmented>
    <object>
    <name>1</name>
    <pose>Unspecified</pose>
    <truncated>0</truncated>
    <difficult>0</difficult>
    <bndbox>
        <xmin>73.0909090909091</xmin>
        <ymin>0.48484848484848486</ymin>
        <xmax>156.4848484848485</xmax>
        <ymax>151.03030303030306</ymax>
    </bndbox>
</object>
</annotation>
