<annotation verified="yes">
    <folder>Annotation</folder>
    <filename>514.jpg</filename>
    <path>train-2-PascalVOC-export/Annotations/514.jpg</path>
    <source>
        <database>Unknown</database>
    </source>
    <size>
        <width>224</width>
        <height>224</height>
        <depth>3</depth>
    </size>
    <segmented>0</segmented>
    <object>
    <name>1</name>
    <pose>Unspecified</pose>
    <truncated>0</truncated>
    <difficult>0</difficult>
    <bndbox>
        <xmin>161.33333333333334</xmin>
        <ymin>4.606060606060606</ymin>
        <xmax>224</xmax>
        <ymax>174.06060606060606</ymax>
    </bndbox>
</object>
</annotation>
