<annotation verified="yes">
    <folder>Annotation</folder>
    <filename>515.jpg</filename>
    <path>train-2-PascalVOC-export/Annotations/515.jpg</path>
    <source>
        <database>Unknown</database>
    </source>
    <size>
        <width>224</width>
        <height>224</height>
        <depth>3</depth>
    </size>
    <segmented>0</segmented>
    <object>
    <name>1</name>
    <pose>Unspecified</pose>
    <truncated>0</truncated>
    <difficult>0</difficult>
    <bndbox>
        <xmin>94.9090909090909</xmin>
        <ymin>23.03030303030303</ymin>
        <xmax>180.72727272727275</xmax>
        <ymax>196.60606060606062</ymax>
    </bndbox>
</object>
</annotation>
