<annotation verified="yes">
    <folder>Annotation</folder>
    <filename>516.jpg</filename>
    <path>train-2-PascalVOC-export/Annotations/516.jpg</path>
    <source>
        <database>Unknown</database>
    </source>
    <size>
        <width>224</width>
        <height>224</height>
        <depth>3</depth>
    </size>
    <segmented>0</segmented>
    <object>
    <name>1</name>
    <pose>Unspecified</pose>
    <truncated>0</truncated>
    <difficult>0</difficult>
    <bndbox>
        <xmin>103.39393939393939</xmin>
        <ymin>9.696969696969697</ymin>
        <xmax>191.39393939393938</xmax>
        <ymax>187.87878787878788</ymax>
    </bndbox>
</object>
</annotation>
