<annotation verified="yes">
    <folder>Annotation</folder>
    <filename>517.jpg</filename>
    <path>train-2-PascalVOC-export/Annotations/517.jpg</path>
    <source>
        <database>Unknown</database>
    </source>
    <size>
        <width>224</width>
        <height>224</height>
        <depth>3</depth>
    </size>
    <segmented>0</segmented>
    <object>
    <name>1</name>
    <pose>Unspecified</pose>
    <truncated>0</truncated>
    <difficult>0</difficult>
    <bndbox>
        <xmin>105.81818181818183</xmin>
        <ymin>76.36363636363636</ymin>
        <xmax>188.4848484848485</xmax>
        <ymax>224</ymax>
    </bndbox>
</object>
</annotation>
