<annotation verified="yes">
    <folder>Annotation</folder>
    <filename>518.jpg</filename>
    <path>train-2-PascalVOC-export/Annotations/518.jpg</path>
    <source>
        <database>Unknown</database>
    </source>
    <size>
        <width>224</width>
        <height>224</height>
        <depth>3</depth>
    </size>
    <segmented>0</segmented>
    <object>
    <name>1</name>
    <pose>Unspecified</pose>
    <truncated>0</truncated>
    <difficult>0</difficult>
    <bndbox>
        <xmin>113.81818181818183</xmin>
        <ymin>80.24242424242425</ymin>
        <xmax>179.75757575757575</xmax>
        <ymax>224</ymax>
    </bndbox>
</object>
</annotation>
