<annotation verified="yes">
    <folder>Annotation</folder>
    <filename>519.jpg</filename>
    <path>train-2-PascalVOC-export/Annotations/519.jpg</path>
    <source>
        <database>Unknown</database>
    </source>
    <size>
        <width>224</width>
        <height>224</height>
        <depth>3</depth>
    </size>
    <segmented>0</segmented>
    <object>
    <name>1</name>
    <pose>Unspecified</pose>
    <truncated>0</truncated>
    <difficult>0</difficult>
    <bndbox>
        <xmin>119.15151515151516</xmin>
        <ymin>62.78787878787879</ymin>
        <xmax>185.57575757575756</xmax>
        <ymax>222.3030303030303</ymax>
    </bndbox>
</object>
</annotation>
