<annotation verified="yes">
    <folder>Annotation</folder>
    <filename>52.jpg</filename>
    <path>train-2-PascalVOC-export/Annotations/52.jpg</path>
    <source>
        <database>Unknown</database>
    </source>
    <size>
        <width>224</width>
        <height>224</height>
        <depth>3</depth>
    </size>
    <segmented>0</segmented>
    <object>
    <name>4</name>
    <pose>Unspecified</pose>
    <truncated>0</truncated>
    <difficult>0</difficult>
    <bndbox>
        <xmin>142.42424242424244</xmin>
        <ymin>40.484848484848484</ymin>
        <xmax>201.09090909090912</xmax>
        <ymax>75.87878787878788</ymax>
    </bndbox>
</object><object>
    <name>3</name>
    <pose>Unspecified</pose>
    <truncated>0</truncated>
    <difficult>0</difficult>
    <bndbox>
        <xmin>60.96969696969697</xmin>
        <ymin>64.96969696969697</ymin>
        <xmax>112.60606060606061</xmax>
        <ymax>101.81818181818181</ymax>
    </bndbox>
</object>
</annotation>
