<annotation verified="yes">
    <folder>Annotation</folder>
    <filename>520.jpg</filename>
    <path>train-2-PascalVOC-export/Annotations/520.jpg</path>
    <source>
        <database>Unknown</database>
    </source>
    <size>
        <width>224</width>
        <height>224</height>
        <depth>3</depth>
    </size>
    <segmented>0</segmented>
    <object>
    <name>1</name>
    <pose>Unspecified</pose>
    <truncated>0</truncated>
    <difficult>0</difficult>
    <bndbox>
        <xmin>49.81818181818182</xmin>
        <ymin>0.24242424242424243</ymin>
        <xmax>224</xmax>
        <ymax>222.54545454545456</ymax>
    </bndbox>
</object>
</annotation>
