<annotation verified="yes">
    <folder>Annotation</folder>
    <filename>521.jpg</filename>
    <path>train-2-PascalVOC-export/Annotations/521.jpg</path>
    <source>
        <database>Unknown</database>
    </source>
    <size>
        <width>224</width>
        <height>224</height>
        <depth>3</depth>
    </size>
    <segmented>0</segmented>
    <object>
    <name>1</name>
    <pose>Unspecified</pose>
    <truncated>0</truncated>
    <difficult>0</difficult>
    <bndbox>
        <xmin>104.48484848484848</xmin>
        <ymin>0</ymin>
        <xmax>210.42424242424244</xmax>
        <ymax>174.54545454545462</ymax>
    </bndbox>
</object>
</annotation>
