<annotation verified="yes">
    <folder>Annotation</folder>
    <filename>522.jpg</filename>
    <path>train-2-PascalVOC-export/Annotations/522.jpg</path>
    <source>
        <database>Unknown</database>
    </source>
    <size>
        <width>224</width>
        <height>224</height>
        <depth>3</depth>
    </size>
    <segmented>0</segmented>
    <object>
    <name>1</name>
    <pose>Unspecified</pose>
    <truncated>0</truncated>
    <difficult>0</difficult>
    <bndbox>
        <xmin>108</xmin>
        <ymin>0.9696969696969697</ymin>
        <xmax>195.5151515151515</xmax>
        <ymax>151.03030303030303</ymax>
    </bndbox>
</object>
</annotation>
