<annotation verified="yes">
    <folder>Annotation</folder>
    <filename>523.jpg</filename>
    <path>train-2-PascalVOC-export/Annotations/523.jpg</path>
    <source>
        <database>Unknown</database>
    </source>
    <size>
        <width>224</width>
        <height>224</height>
        <depth>3</depth>
    </size>
    <segmented>0</segmented>
    <object>
    <name>1</name>
    <pose>Unspecified</pose>
    <truncated>0</truncated>
    <difficult>0</difficult>
    <bndbox>
        <xmin>112.84848484848486</xmin>
        <ymin>0.9696969696969697</ymin>
        <xmax>204</xmax>
        <ymax>191.51515151515153</ymax>
    </bndbox>
</object>
</annotation>
