<annotation verified="yes">
    <folder>Annotation</folder>
    <filename>524.jpg</filename>
    <path>train-2-PascalVOC-export/Annotations/524.jpg</path>
    <source>
        <database>Unknown</database>
    </source>
    <size>
        <width>224</width>
        <height>224</height>
        <depth>3</depth>
    </size>
    <segmented>0</segmented>
    <object>
    <name>1</name>
    <pose>Unspecified</pose>
    <truncated>0</truncated>
    <difficult>0</difficult>
    <bndbox>
        <xmin>111.39393939393939</xmin>
        <ymin>2.4242424242424243</ymin>
        <xmax>210.06060606060606</xmax>
        <ymax>188.36363636363637</ymax>
    </bndbox>
</object>
</annotation>
