<annotation verified="yes">
    <folder>Annotation</folder>
    <filename>525.jpg</filename>
    <path>train-2-PascalVOC-export/Annotations/525.jpg</path>
    <source>
        <database>Unknown</database>
    </source>
    <size>
        <width>224</width>
        <height>224</height>
        <depth>3</depth>
    </size>
    <segmented>0</segmented>
    <object>
    <name>4</name>
    <pose>Unspecified</pose>
    <truncated>0</truncated>
    <difficult>0</difficult>
    <bndbox>
        <xmin>86.9090909090909</xmin>
        <ymin>0.24242424242424243</ymin>
        <xmax>210.3030303030303</xmax>
        <ymax>168.4848484848485</ymax>
    </bndbox>
</object>
</annotation>
