<annotation verified="yes">
    <folder>Annotation</folder>
    <filename>526.jpg</filename>
    <path>train-2-PascalVOC-export/Annotations/526.jpg</path>
    <source>
        <database>Unknown</database>
    </source>
    <size>
        <width>224</width>
        <height>224</height>
        <depth>3</depth>
    </size>
    <segmented>0</segmented>
    <object>
    <name>4</name>
    <pose>Unspecified</pose>
    <truncated>0</truncated>
    <difficult>0</difficult>
    <bndbox>
        <xmin>98.7878787878788</xmin>
        <ymin>0.7272727272727273</ymin>
        <xmax>220.24242424242425</xmax>
        <ymax>170.1818181818182</ymax>
    </bndbox>
</object>
</annotation>
