<annotation verified="yes">
    <folder>Annotation</folder>
    <filename>527.jpg</filename>
    <path>train-2-PascalVOC-export/Annotations/527.jpg</path>
    <source>
        <database>Unknown</database>
    </source>
    <size>
        <width>224</width>
        <height>224</height>
        <depth>3</depth>
    </size>
    <segmented>0</segmented>
    <object>
    <name>4</name>
    <pose>Unspecified</pose>
    <truncated>0</truncated>
    <difficult>0</difficult>
    <bndbox>
        <xmin>45.45454545454545</xmin>
        <ymin>10.424242424242424</ymin>
        <xmax>161.8181818181818</xmax>
        <ymax>196.60606060606062</ymax>
    </bndbox>
</object>
</annotation>
