<annotation verified="yes">
    <folder>Annotation</folder>
    <filename>528.jpg</filename>
    <path>train-2-PascalVOC-export/Annotations/528.jpg</path>
    <source>
        <database>Unknown</database>
    </source>
    <size>
        <width>224</width>
        <height>224</height>
        <depth>3</depth>
    </size>
    <segmented>0</segmented>
    <object>
    <name>4</name>
    <pose>Unspecified</pose>
    <truncated>0</truncated>
    <difficult>0</difficult>
    <bndbox>
        <xmin>30.181818181818183</xmin>
        <ymin>0</ymin>
        <xmax>158.1818181818182</xmax>
        <ymax>162.66666666666666</ymax>
    </bndbox>
</object>
</annotation>
