<annotation verified="yes">
    <folder>Annotation</folder>
    <filename>529.jpg</filename>
    <path>train-2-PascalVOC-export/Annotations/529.jpg</path>
    <source>
        <database>Unknown</database>
    </source>
    <size>
        <width>224</width>
        <height>224</height>
        <depth>3</depth>
    </size>
    <segmented>0</segmented>
    <object>
    <name>4</name>
    <pose>Unspecified</pose>
    <truncated>0</truncated>
    <difficult>0</difficult>
    <bndbox>
        <xmin>30.666666666666668</xmin>
        <ymin>2.4242424242424243</ymin>
        <xmax>154.78787878787878</xmax>
        <ymax>172.36363636363637</ymax>
    </bndbox>
</object>
</annotation>
