<annotation verified="yes">
    <folder>Annotation</folder>
    <filename>53.jpg</filename>
    <path>train-2-PascalVOC-export/Annotations/53.jpg</path>
    <source>
        <database>Unknown</database>
    </source>
    <size>
        <width>224</width>
        <height>224</height>
        <depth>3</depth>
    </size>
    <segmented>0</segmented>
    <object>
    <name>4</name>
    <pose>Unspecified</pose>
    <truncated>0</truncated>
    <difficult>0</difficult>
    <bndbox>
        <xmin>146.3030303030303</xmin>
        <ymin>52.84848484848485</ymin>
        <xmax>193.8181818181818</xmax>
        <ymax>89.45454545454547</ymax>
    </bndbox>
</object><object>
    <name>3</name>
    <pose>Unspecified</pose>
    <truncated>0</truncated>
    <difficult>0</difficult>
    <bndbox>
        <xmin>58.303030303030305</xmin>
        <ymin>79.27272727272728</ymin>
        <xmax>120.36363636363637</xmax>
        <ymax>121.6969696969697</ymax>
    </bndbox>
</object>
</annotation>
