<annotation verified="yes">
    <folder>Annotation</folder>
    <filename>530.jpg</filename>
    <path>train-2-PascalVOC-export/Annotations/530.jpg</path>
    <source>
        <database>Unknown</database>
    </source>
    <size>
        <width>224</width>
        <height>224</height>
        <depth>3</depth>
    </size>
    <segmented>0</segmented>
    <object>
    <name>4</name>
    <pose>Unspecified</pose>
    <truncated>0</truncated>
    <difficult>0</difficult>
    <bndbox>
        <xmin>62.78787878787879</xmin>
        <ymin>0</ymin>
        <xmax>178.66666666666666</xmax>
        <ymax>141.5757575757576</ymax>
    </bndbox>
</object>
</annotation>
