<annotation verified="yes">
    <folder>Annotation</folder>
    <filename>531.jpg</filename>
    <path>train-2-PascalVOC-export/Annotations/531.jpg</path>
    <source>
        <database>Unknown</database>
    </source>
    <size>
        <width>224</width>
        <height>224</height>
        <depth>3</depth>
    </size>
    <segmented>0</segmented>
    <object>
    <name>3</name>
    <pose>Unspecified</pose>
    <truncated>0</truncated>
    <difficult>0</difficult>
    <bndbox>
        <xmin>103.87878787878788</xmin>
        <ymin>0.24242424242424243</ymin>
        <xmax>223.87878787878788</xmax>
        <ymax>144.72727272727275</ymax>
    </bndbox>
</object>
</annotation>
