<annotation verified="yes">
    <folder>Annotation</folder>
    <filename>532.jpg</filename>
    <path>train-2-PascalVOC-export/Annotations/532.jpg</path>
    <source>
        <database>Unknown</database>
    </source>
    <size>
        <width>224</width>
        <height>224</height>
        <depth>3</depth>
    </size>
    <segmented>0</segmented>
    <object>
    <name>3</name>
    <pose>Unspecified</pose>
    <truncated>0</truncated>
    <difficult>0</difficult>
    <bndbox>
        <xmin>88.84848484848484</xmin>
        <ymin>1.2121212121212122</ymin>
        <xmax>224</xmax>
        <ymax>205.33333333333334</ymax>
    </bndbox>
</object>
</annotation>
