<annotation verified="yes">
    <folder>Annotation</folder>
    <filename>533.jpg</filename>
    <path>train-2-PascalVOC-export/Annotations/533.jpg</path>
    <source>
        <database>Unknown</database>
    </source>
    <size>
        <width>224</width>
        <height>224</height>
        <depth>3</depth>
    </size>
    <segmented>0</segmented>
    <object>
    <name>3</name>
    <pose>Unspecified</pose>
    <truncated>0</truncated>
    <difficult>0</difficult>
    <bndbox>
        <xmin>83.27272727272728</xmin>
        <ymin>0.48484848484848486</ymin>
        <xmax>213.21212121212122</xmax>
        <ymax>187.15151515151518</ymax>
    </bndbox>
</object>
</annotation>
