<annotation verified="yes">
    <folder>Annotation</folder>
    <filename>534.jpg</filename>
    <path>train-2-PascalVOC-export/Annotations/534.jpg</path>
    <source>
        <database>Unknown</database>
    </source>
    <size>
        <width>224</width>
        <height>224</height>
        <depth>3</depth>
    </size>
    <segmented>0</segmented>
    <object>
    <name>3</name>
    <pose>Unspecified</pose>
    <truncated>0</truncated>
    <difficult>0</difficult>
    <bndbox>
        <xmin>126.30303030303031</xmin>
        <ymin>1.4545454545454546</ymin>
        <xmax>224</xmax>
        <ymax>200.00000000000006</ymax>
    </bndbox>
</object>
</annotation>
