<annotation verified="yes">
    <folder>Annotation</folder>
    <filename>535.jpg</filename>
    <path>train-2-PascalVOC-export/Annotations/535.jpg</path>
    <source>
        <database>Unknown</database>
    </source>
    <size>
        <width>224</width>
        <height>224</height>
        <depth>3</depth>
    </size>
    <segmented>0</segmented>
    <object>
    <name>3</name>
    <pose>Unspecified</pose>
    <truncated>0</truncated>
    <difficult>0</difficult>
    <bndbox>
        <xmin>68.96969696969697</xmin>
        <ymin>4.121212121212121</ymin>
        <xmax>204</xmax>
        <ymax>210.66666666666669</ymax>
    </bndbox>
</object>
</annotation>
