<annotation verified="yes">
    <folder>Annotation</folder>
    <filename>536.jpg</filename>
    <path>train-2-PascalVOC-export/Annotations/536.jpg</path>
    <source>
        <database>Unknown</database>
    </source>
    <size>
        <width>224</width>
        <height>224</height>
        <depth>3</depth>
    </size>
    <segmented>0</segmented>
    <object>
    <name>3</name>
    <pose>Unspecified</pose>
    <truncated>0</truncated>
    <difficult>0</difficult>
    <bndbox>
        <xmin>59.63636363636365</xmin>
        <ymin>0</ymin>
        <xmax>196.4848484848485</xmax>
        <ymax>191.03030303030303</ymax>
    </bndbox>
</object>
</annotation>
