<annotation verified="yes">
    <folder>Annotation</folder>
    <filename>537.jpg</filename>
    <path>train-2-PascalVOC-export/Annotations/537.jpg</path>
    <source>
        <database>Unknown</database>
    </source>
    <size>
        <width>224</width>
        <height>224</height>
        <depth>3</depth>
    </size>
    <segmented>0</segmented>
    <object>
    <name>3</name>
    <pose>Unspecified</pose>
    <truncated>0</truncated>
    <difficult>0</difficult>
    <bndbox>
        <xmin>59.151515151515156</xmin>
        <ymin>0</ymin>
        <xmax>206.7878787878788</xmax>
        <ymax>205.33333333333334</ymax>
    </bndbox>
</object>
</annotation>
