<annotation verified="yes">
    <folder>Annotation</folder>
    <filename>538.jpg</filename>
    <path>train-2-PascalVOC-export/Annotations/538.jpg</path>
    <source>
        <database>Unknown</database>
    </source>
    <size>
        <width>224</width>
        <height>224</height>
        <depth>3</depth>
    </size>
    <segmented>0</segmented>
    <object>
    <name>3</name>
    <pose>Unspecified</pose>
    <truncated>0</truncated>
    <difficult>0</difficult>
    <bndbox>
        <xmin>70.18181818181819</xmin>
        <ymin>0</ymin>
        <xmax>212</xmax>
        <ymax>180.12121212121212</ymax>
    </bndbox>
</object>
</annotation>
