<annotation verified="yes">
    <folder>Annotation</folder>
    <filename>54.jpg</filename>
    <path>train-2-PascalVOC-export/Annotations/54.jpg</path>
    <source>
        <database>Unknown</database>
    </source>
    <size>
        <width>224</width>
        <height>224</height>
        <depth>3</depth>
    </size>
    <segmented>0</segmented>
    <object>
    <name>4</name>
    <pose>Unspecified</pose>
    <truncated>0</truncated>
    <difficult>0</difficult>
    <bndbox>
        <xmin>146.78787878787878</xmin>
        <ymin>50.42424242424242</ymin>
        <xmax>203.03030303030303</xmax>
        <ymax>88</ymax>
    </bndbox>
</object><object>
    <name>3</name>
    <pose>Unspecified</pose>
    <truncated>0</truncated>
    <difficult>0</difficult>
    <bndbox>
        <xmin>66.30303030303031</xmin>
        <ymin>72.48484848484848</ymin>
        <xmax>120.84848484848486</xmax>
        <ymax>118.30303030303031</ymax>
    </bndbox>
</object>
</annotation>
