<annotation verified="yes">
    <folder>Annotation</folder>
    <filename>540.jpg</filename>
    <path>train-2-PascalVOC-export/Annotations/540.jpg</path>
    <source>
        <database>Unknown</database>
    </source>
    <size>
        <width>224</width>
        <height>224</height>
        <depth>3</depth>
    </size>
    <segmented>0</segmented>
    <object>
    <name>2</name>
    <pose>Unspecified</pose>
    <truncated>0</truncated>
    <difficult>0</difficult>
    <bndbox>
        <xmin>84.96969696969697</xmin>
        <ymin>0.7272727272727273</ymin>
        <xmax>224</xmax>
        <ymax>153.45454545454544</ymax>
    </bndbox>
</object>
</annotation>
