<annotation verified="yes">
    <folder>Annotation</folder>
    <filename>541.jpg</filename>
    <path>train-2-PascalVOC-export/Annotations/541.jpg</path>
    <source>
        <database>Unknown</database>
    </source>
    <size>
        <width>224</width>
        <height>224</height>
        <depth>3</depth>
    </size>
    <segmented>0</segmented>
    <object>
    <name>2</name>
    <pose>Unspecified</pose>
    <truncated>0</truncated>
    <difficult>0</difficult>
    <bndbox>
        <xmin>45.21212121212121</xmin>
        <ymin>1.4545454545454546</ymin>
        <xmax>168.6060606060606</xmax>
        <ymax>184.00000000000003</ymax>
    </bndbox>
</object>
</annotation>
