<annotation verified="yes">
    <folder>Annotation</folder>
    <filename>543.jpg</filename>
    <path>train-2-PascalVOC-export/Annotations/543.jpg</path>
    <source>
        <database>Unknown</database>
    </source>
    <size>
        <width>224</width>
        <height>224</height>
        <depth>3</depth>
    </size>
    <segmented>0</segmented>
    <object>
    <name>2</name>
    <pose>Unspecified</pose>
    <truncated>0</truncated>
    <difficult>0</difficult>
    <bndbox>
        <xmin>35.515151515151516</xmin>
        <ymin>1.2121212121212122</ymin>
        <xmax>165.93939393939394</xmax>
        <ymax>206.54545454545456</ymax>
    </bndbox>
</object>
</annotation>
