<annotation verified="yes">
    <folder>Annotation</folder>
    <filename>544.jpg</filename>
    <path>train-2-PascalVOC-export/Annotations/544.jpg</path>
    <source>
        <database>Unknown</database>
    </source>
    <size>
        <width>224</width>
        <height>224</height>
        <depth>3</depth>
    </size>
    <segmented>0</segmented>
    <object>
    <name>2</name>
    <pose>Unspecified</pose>
    <truncated>0</truncated>
    <difficult>0</difficult>
    <bndbox>
        <xmin>28.363636363636363</xmin>
        <ymin>0</ymin>
        <xmax>177.33333333333334</xmax>
        <ymax>183.27272727272728</ymax>
    </bndbox>
</object>
</annotation>
