<annotation verified="yes">
    <folder>Annotation</folder>
    <filename>545.jpg</filename>
    <path>train-2-PascalVOC-export/Annotations/545.jpg</path>
    <source>
        <database>Unknown</database>
    </source>
    <size>
        <width>224</width>
        <height>224</height>
        <depth>3</depth>
    </size>
    <segmented>0</segmented>
    <object>
    <name>2</name>
    <pose>Unspecified</pose>
    <truncated>0</truncated>
    <difficult>0</difficult>
    <bndbox>
        <xmin>48.60606060606061</xmin>
        <ymin>1.2121212121212122</ymin>
        <xmax>199.27272727272725</xmax>
        <ymax>150.3030303030303</ymax>
    </bndbox>
</object>
</annotation>
