<annotation verified="yes">
    <folder>Annotation</folder>
    <filename>546.jpg</filename>
    <path>train-2-PascalVOC-export/Annotations/546.jpg</path>
    <source>
        <database>Unknown</database>
    </source>
    <size>
        <width>224</width>
        <height>224</height>
        <depth>3</depth>
    </size>
    <segmented>0</segmented>
    <object>
    <name>2</name>
    <pose>Unspecified</pose>
    <truncated>0</truncated>
    <difficult>0</difficult>
    <bndbox>
        <xmin>60.96969696969697</xmin>
        <ymin>0.48484848484848486</ymin>
        <xmax>198.42424242424244</xmax>
        <ymax>155.3939393939394</ymax>
    </bndbox>
</object>
</annotation>
