<annotation verified="yes">
    <folder>Annotation</folder>
    <filename>547.jpg</filename>
    <path>train-2-PascalVOC-export/Annotations/547.jpg</path>
    <source>
        <database>Unknown</database>
    </source>
    <size>
        <width>224</width>
        <height>224</height>
        <depth>3</depth>
    </size>
    <segmented>0</segmented>
    <object>
    <name>2</name>
    <pose>Unspecified</pose>
    <truncated>0</truncated>
    <difficult>0</difficult>
    <bndbox>
        <xmin>94.06060606060606</xmin>
        <ymin>0</ymin>
        <xmax>220</xmax>
        <ymax>137.6969696969697</ymax>
    </bndbox>
</object>
</annotation>
