<annotation verified="yes">
    <folder>Annotation</folder>
    <filename>548.jpg</filename>
    <path>train-2-PascalVOC-export/Annotations/548.jpg</path>
    <source>
        <database>Unknown</database>
    </source>
    <size>
        <width>224</width>
        <height>224</height>
        <depth>3</depth>
    </size>
    <segmented>0</segmented>
    <object>
    <name>2</name>
    <pose>Unspecified</pose>
    <truncated>0</truncated>
    <difficult>0</difficult>
    <bndbox>
        <xmin>93.21212121212122</xmin>
        <ymin>0.7272727272727273</ymin>
        <xmax>221.93939393939394</xmax>
        <ymax>179.3939393939394</ymax>
    </bndbox>
</object>
</annotation>
